targetID,frameIndex,cameraID,expectedX,expectedY,actualX,actualY
1,3677,21,846.87932331,114.04294272,844.82812500,111.57812500
1,5085,3,1208.91898914,249.98769152,1209.37500000,247.76562500
1,4926,6,186.99385137,114.08011574,184.94531250,116.62500000
1,654,16,360.92323888,146.19648715,362.21875000,141.63281250
1,1116,7,70.04900327,923.07201428,75.03125000,920.48437500
1,1285,1,516.14947844,307.14552267,513.78906250,304.49218750
1,2954,5,900.95654043,949.66410921,901.45312500,952.64843750
1,4316,9,265.56298213,144.23640751,263.78906250,141.14843750
1,4627,6,754.16641413,790.15471416,755.29687500,793.15625000
1,4156,14,1170.45864107,437.82740067,1173.37500000,440.85156250
1,3297,2,669.95118481,69.92898568,676.27343750,65.85156250
1,2302,14,1059.95400884,69.88042424,1060.51562500,73.67968750
1,3117,5,488.90795782,953.09559919,486.17968750,956.12500000
1,968,10,1048.93087224,672.95107052,1052.84375000,676.86718750
1,1428,4,1151.91763091,893.99119103,1149.24218750,896.27343750
1,352,16,279.10460667,952.91506159,276.79687500,952.22656250
1,2455,14,126.90599340,907.94885313,127.51562500,903.99218750
1,825,13,123.61519614,621.81460382,119.56250000,617.17187500
1,2121,20,1158.66486814,907.27862434,1153.32812500,909.23437500
1,1589,1,969.04754059,952.89831528,973.79687500,953.04687500
1,1,19,69.95394955,70.00771888,69.03125000,71.50781250
1,2808,8,1119.88229734,69.97711671,1120.68750000,73.06250000
1,512,13,279.97683842,70.02758130,283.26562500,66.82812500
1,1966,20,349.09179531,192.90022738,342.17187500,188.23437500
1,4465,15,815.33875193,753.66099540,816.58593750,758.06250000
1,3484,2,1049.00740354,192.96678548,1056.60156250,196.14062500
1,4002,21,1077.87703735,896.38127932,1075.00000000,897.64843750
1,4784,9,605.10762167,538.02656451,605.37500000,538.57031250
1,182,16,884.16131421,746.84702416,886.51562500,751.92968750
1,3847,17,113.06152764,901.33648898,110.81250000,899.07812500
1,2619,14,971.19000181,909.86378759,971.75781250,912.75781250
1,1810,21,95.01550625,284.64899495,85.80468750,281.89062500
1,654,13,906.91212758,113.94594078,910.78906250,114.40625000
1,2955,8,311.97743281,908.01305834,311.46093750,906.88281250
1,3485,2,1048.93573040,313.02161792,1056.47656250,316.33593750
1,2,19,99.90376495,70.07832761,97.92968750,70.82812500
1,2121,17,129.07296345,953.05164965,128.37500000,951.30468750
1,825,10,1209.07922924,952.89841882,1204.08593750,953.35937500
1,4317,12,1030.11840043,70.01742810,1029.77343750,69.25781250
1,3118,8,811.57597832,903.96453977,812.53125000,906.71093750
1,4156,15,69.91748745,442.95927585,69.00781250,439.98437500
1,4628,9,518.98962174,952.97294986,517.45312500,956.82812500
1,1116,4,1155.58916789,647.38413949,1156.73437500,650.72656250
1,1967,20,469.00155457,192.91279487,462.63281250,187.67187500
1,1590,1,938.92360881,952.93268055,944.07031250,953.66406250
1,969,13,217.10650745,810.64796316,211.32031250,807.90625000
1,513,16,915.95905996,343.58577668,921.71093750,343.49218750
1,3678,21,906.99941848,113.99144660,905.21875000,112.48437500
1,4465,12,431.91576076,907.90355404,431.50000000,909.96875000
1,4002,18,228.94271960,708.06352805,224.24218750,706.68750000
1,2456,14,126.95539842,847.97023668,126.71875000,845.19531250
1,4785,9,629.10844736,502.94237583,630.02343750,503.00000000
1,1811,20,1208.96346055,309.89219378,1206.46875000,311.57812500
1,2809,11,125.31034596,102.17249579,126.05468750,107.26562500
1,3847,18,1209.02523905,910.03080079,1203.68750000,908.69531250
1,1286,4,819.97702100,70.08851844,822.53906250,66.87500000
1,1429,7,170.11512110,675.41910245,167.94531250,676.25000000
1,183,19,312.07626619,907.95120004,304.14062500,909.70312500
1,2303,17,193.76802569,103.32407331,193.17187500,102.17187500
1,5086,3,1208.94020143,279.91560608,1210.12500000,277.32031250
1,353,19,1039.90582440,880.31806680,1034.15625000,882.74218750
1,4926,3,1056.08158801,336.57955144,1061.08593750,333.06250000
1,3298,5,571.43237937,109.24724387,570.75781250,104.09375000
1,2619,11,309.02892345,953.10327434,310.12500000,955.02343750
1,3486,2,1048.94884494,432.93930026,1055.74218750,437.30468750
1,1968,20,589.11531160,193.11900036,584.05468750,187.89843750
1,4466,15,871.66201940,738.09208626,873.74218750,742.36718750
1,3679,21,966.98698572,113.96282161,965.39062500,113.46093750
1,4786,9,649.95999468,502.90975417,651.53125000,503.00781250
1,513,13,309.97605773,70.02914099,312.75781250,66.64062500
1,4628,6,782.64178880,798.03410947,784.18750000,800.93750000
1,183,16,940.46114212,731.15624262,943.12500000,736.17187500
1,3118,5,459.00348784,953.01588900,456.34375000,955.71875000
1,1117,7,69.94167220,892.97614570,74.23437500,890.98437500
1,1429,4,1152.03584439,908.01980226,1148.85156250,910.19531250
1,2955,5,961.28167428,949.71154278,961.50781250,951.96875000
1,655,16,302.45170824,129.92450809,304.44531250,125.92968750
1,1286,1,488.12995038,314.71628717,485.35937500,312.44531250
1,2303,14,1090.00796791,70.05685848,1090.06250000,74.57812500
1,969,10,1049.07309953,792.97896404,1051.20312500,797.25781250
1,4157,14,1170.65094149,408.05302237,1173.39062500,411.10937500
1,353,16,248.86958505,952.93244297,247.07812500,951.50781250
1,4927,6,247.10397295,113.90978562,244.05468750,115.14062500
1,4317,9,236.23385647,136.24148889,234.89062500,133.51562500
1,3298,2,700.12322346,70.00170483,706.83593750,66.41406250
1,5087,3,1209.00681506,309.99373450,1210.71875000,307.10156250
1,826,13,151.36115080,629.32018064,146.77343750,625.03906250
1,2620,14,1001.01598362,909.99655707,1001.28906250,912.59375000
1,1811,21,94.91997151,314.46297638,85.37500000,311.57812500
1,3848,20,1177.72626076,929.14084184,1172.73437500,931.21875000
1,2809,8,1149.89574504,69.96423202,1149.91406250,73.78125000
1,4003,18,228.92655777,587.94504376,223.79687500,586.22656250
1,2122,20,1188.59845209,907.25423917,1182.49218750,908.71875000
1,2457,14,127.01109967,787.99693741,125.96875000,785.88281250
1,3,19,130.04176868,69.94793531,127.10937500,70.14062500
1,1591,1,908.95991806,952.92021179,914.15625000,954.17968750
1,4466,12,372.06622391,907.92610826,371.41406250,909.40625000
1,3680,21,1026.93791391,114.00620719,1024.88281250,114.71093750
1,4629,9,489.03859958,953.10030159,487.19531250,956.71093750
1,184,19,252.11433064,908.04420321,244.90625000,908.79687500
1,3119,8,841.36783854,904.00874375,842.51562500,906.54687500
1,1969,20,709.01673914,193.02179474,705.90625000,188.34375000
1,1117,4,1166.54875596,674.38408267,1167.13281250,677.78125000
1,1430,7,225.88570442,690.95010393,223.01562500,692.27343750
1,2956,8,251.95262927,908.10293685,252.04687500,905.73437500
1,4787,9,649.99755961,518.97253722,651.46875000,519.24218750
1,514,16,888.04378120,335.92650330,893.63281250,335.40625000
1,3487,2,1048.87741141,553.06951163,1054.35937500,558.84375000
1,2620,11,279.06894032,952.94571508,280.55468750,954.48437500
1,2304,17,163.89372148,103.40739576,164.00000000,102.80468750
1,354,19,1068.92477460,888.27719462,1062.65625000,890.23437500
1,3299,5,541.61445471,109.22130094,540.40625000,104.16406250
1,1287,4,850.00220008,69.97226059,852.46875000,67.15625000
1,655,13,967.06591188,114.02127906,970.39843750,115.95312500
1,5088,3,1208.90106048,340.06604986,1211.20312500,336.89843750
1,4927,3,999.98420812,321.20139982,1004.92968750,317.48437500
1,826,10,1178.95981393,953.06814407,1174.75781250,954.17187500
1,4004,18,229.05959006,468.03716709,224.25781250,465.60937500
1,4318,12,1060.02692639,70.05208383,1059.22656250,69.74218750
1,4,19,159.97528238,70.07835204,156.15625000,69.68750000
1,3848,17,112.95804103,931.09746737,111.24218750,928.37500000
1,2810,11,95.38210347,102.23622910,96.95312500,108.10937500
1,1592,1,879.11754504,953.08128600,884.19531250,954.78906250
1,2122,17,99.06515594,953.08216718,99.17968750,950.66406250
1,970,13,229.37894184,777.37356425,223.20312500,774.97656250
1,1812,20,1209.01952648,339.97255005,1206.68750000,341.63281250
1,4157,15,70.12337180,413.01299280,69.55468750,410.16406250
1,2458,14,127.05696745,727.91720006,125.39843750,726.21093750
1,4467,15,927.87911965,722.42759232,930.59375000,726.54687500
1,2956,5,1021.52895507,949.71590803,1021.57812500,951.10156250
1,3848,18,1208.91103188,940.02582607,1202.74218750,937.89843750
1,4318,9,207.16671687,128.20731508,206.21875000,125.95312500
1,3681,21,1086.99125420,114.05401529,1084.05468750,116.10156250
1,2459,14,127.05523327,668.08440662,125.03906250,666.52343750
1,1812,21,94.97134396,344.41194033,85.02343750,341.53125000
1,3119,5,429.00247648,952.92401278,426.03906250,955.28906250
1,1118,7,70.09207410,863.06738000,73.86718750,861.61718750
1,1970,20,829.05205920,193.11747929,827.34375000,189.45312500
1,2810,8,1179.90139530,69.95887890,1179.17968750,74.49218750
1,4629,6,811.23652611,805.79842194,813.10156250,808.62500000
1,5089,3,1208.91288746,370.05064860,1211.76562500,366.67187500
1,970,10,1048.96177287,828.02948128,1050.59375000,832.18750000
1,2621,14,1031.02005591,909.89014003,1031.06250000,912.10937500
1,184,16,996.54312492,715.39689753,999.20312500,720.28906250
1,3299,2,730.08006422,70.08599679,737.25000000,66.95312500
1,354,16,218.96641978,953.03335288,217.49218750,950.89062500
1,1287,1,460.07495872,322.56591618,457.17968750,320.65625000
1,4928,6,306.92198077,114.06070620,303.03125000,114.04687500
1,656,16,244.08826769,113.70101854,247.08593750,110.51562500
1,4005,18,229.03839842,347.98649610,225.09375000,345.13281250
1,2122,21,74.49113303,912.17741985,67.70312500,909.29687500
1,1430,4,1091.96470001,907.99556721,1090.12500000,911.07812500
1,3488,2,1048.99000423,673.10162886,1052.52343750,680.17187500
1,5,19,190.12247718,70.00902121,185.77343750,69.06250000
1,4158,14,1170.47244617,378.21874720,1173.08593750,381.32812500
1,827,13,178.85228203,637.01705702,173.58593750,633.20312500
1,4788,9,628.90630984,518.93826241,629.82812500,519.16406250
1,514,13,340.03874568,69.99607822,342.50000000,66.42187500
1,1593,1,848.92954364,952.88678511,854.00781250,955.07812500
1,2304,14,1120.04387749,69.98999140,1119.42968750,75.17968750
1,4467,12,312.06690216,908.07318395,311.46875000,908.77343750
1,2957,8,191.88631873,907.98991389,193.51562500,904.24218750
1,5090,3,1209.04196413,399.98249381,1212.25781250,396.44531250
1,3849,20,1175.78784573,916.23380467,1171.16406250,918.60937500
1,4005,15,1092.77582499,102.34022893,1094.89843750,108.26562500
1,1288,4,880.12884972,69.98567362,882.73437500,67.61718750
1,1971,20,949.05291013,192.90587580,948.26562500,190.82812500
1,1813,20,1208.97151663,369.95204135,1206.77343750,371.65625000
1,3120,8,871.26241094,903.81399550,872.57812500,906.13281250
1,656,13,1026.87914222,114.07824210,1029.44531250,117.59375000
1,2123,17,69.86777511,953.10847635,70.69531250,950.03125000
1,4630,9,458.97206020,952.93367354,456.75781250,956.28125000
1,2621,11,248.90944260,953.02978645,250.63281250,954.12500000
1,2305,17,134.03892057,103.48319113,134.79687500,103.50000000
1,1118,4,1177.33673298,701.61845121,1177.13281250,704.99218750
1,185,19,192.07665181,908.03895677,185.65625000,907.53906250
1,355,19,1097.93959060,896.33901095,1090.97656250,897.76562500
1,4928,3,944.08319238,305.55557947,948.72656250,301.76562500
1,2810,12,1185.92070157,95.39289252,1183.37500000,97.31250000
1,1431,7,281.64200471,706.53000210,278.64062500,708.47656250
1,1594,1,819.04947427,953.12143522,824.02343750,955.69531250
1,4158,15,69.95389760,382.99728726,69.78906250,380.28125000
1,4319,12,1089.86755104,69.91665906,1088.45312500,70.12500000
1,3489,2,1048.95963794,792.92028985,1050.11718750,800.47656250
1,515,16,860.24448321,328.28830115,865.52343750,327.28906250
1,971,13,343.76032431,809.35229295,336.98437500,809.29687500
1,2460,14,127.00899493,607.88360136,124.75781250,606.28125000
1,827,10,1149.06123995,952.97129406,1145.91406250,954.47656250
1,6,19,220.02777788,69.98354281,214.90625000,68.58593750
1,4789,6,69.99373013,69.91885478,74.39062500,76.48437500
1,3682,21,1146.99147151,114.07881796,1142.94531250,117.61718750
1,4468,15,984.14949154,707.05682262,987.39062500,711.07031250
1,3849,17,113.13404006,944.03071891,111.47656250,941.07812500
1,4006,18,229.04142936,228.02829555,226.65625000,225.42968750
1,1972,20,1048.93365951,193.03795113,1047.89062500,192.51562500
1,1288,1,431.93148555,330.31172023,428.64843750,328.79687500
1,3300,2,760.08992524,69.92834005,767.21093750,67.33593750
1,5091,3,1209.02288661,430.03143810,1212.69531250,426.36718750
1,657,16,185.21175407,97.48193178,189.43750000,95.34375000
1,4630,6,839.92833175,813.88343547,842.11718750,816.54687500
1,1813,21,94.91951863,374.25666190,84.53906250,371.45312500
1,2622,14,1060.71808435,909.79338420,1060.22656250,911.64062500
1,2123,21,103.50970716,908.38160590,95.82812500,906.21875000
1,2957,5,1081.82351855,949.92524079,1080.82812500,950.28906250
1,2305,14,1150.06181570,69.93070163,1148.88281250,75.82031250
1,3120,5,398.88013108,953.07405000,395.74218750,955.00781250
1,185,16,1052.53887005,699.76060424,1055.11718750,704.50781250
1,1119,7,69.99972497,833.06790637,73.21093750,832.07031250
1,2811,8,1209.09621304,69.96025525,1207.43750000,75.20312500
1,3490,2,1049.06924929,828.11138290,1049.37500000,835.59375000
1,515,13,369.92607657,69.97410809,372.35156250,66.24218750
1,4319,9,178.08372798,120.34080572,177.69531250,118.59375000
1,4159,14,1170.44274554,348.30469245,1172.94531250,351.48437500
1,2461,14,126.88510728,547.90728398,124.71093750,546.21875000
1,4929,6,366.96496851,114.04703108,363.03906250,112.90625000
1,355,16,189.10324756,953.03135883,188.19531250,950.21093750
1,7,19,249.96559404,69.97487841,244.39062500,68.07812500
1,4789,3,1148.87783886,405.97518567,1152.10937500,402.28906250
1,1431,4,1032.09484982,907.91873651,1031.03906250,911.76562500
1,1595,1,789.04898662,953.02970723,793.90625000,955.99218750
1,3683,21,1151.89348936,113.95292530,1147.44531250,117.53906250
1,971,10,928.89102384,828.07638325,931.11718750,833.03906250
1,828,13,206.64781312,644.58892393,200.92187500,641.25781250
1,4468,12,251.89233915,907.91294034,251.69531250,907.65625000
1,4006,15,1050.16893581,219.78337448,1054.47656250,222.56250000
1,1289,4,909.87456120,70.04295052,912.55468750,68.20312500
1,4790,6,99.93593877,70.01123682,101.35156250,76.00000000
1,3491,2,928.90970993,827.89485840,929.06250000,835.28125000
1,4320,12,1119.96051279,70.06271895,1117.81250000,70.77343750
1,1119,4,1188.52147845,729.21488253,1187.57031250,732.50781250
1,2811,12,1157.02166741,99.24501390,1155.57031250,100.47656250
1,4159,15,69.93508412,352.90878814,70.35937500,350.29687500
1,2462,14,126.94934421,488.01050339,125.03906250,486.14062500
1,516,16,832.31288684,320.47853024,837.57812500,319.09375000
1,4929,3,887.73507686,289.95091539,891.57031250,286.05468750
1,3849,18,1209.08562228,953.09270027,1202.49218750,950.57812500
1,186,19,132.07805211,908.09615985,127.23437500,906.37500000
1,8,19,279.94041966,69.95194839,273.99218750,67.60937500
1,1432,7,337.74040566,722.13144549,334.61718750,724.66406250
1,2306,17,104.19242872,103.54508740,105.82031250,104.21093750
1,2622,11,219.05868740,953.10433309,221.38281250,953.67968750
1,356,19,1127.22814210,904.54058815,1119.21093750,905.33593750
1,4631,9,429.08398881,952.88661945,426.69531250,955.90625000
1,5092,3,1208.87832087,459.94072715,1212.94531250,456.18750000
1,1973,20,1049.07861691,313.11499223,1048.83593750,312.67187500
1,657,13,1086.96702282,113.99241514,1088.54687500,119.16406250
1,3121,8,901.03953687,903.88158502,902.12500000,905.85156250
1,3684,21,1152.11796477,173.95730277,1149.14062500,176.30468750
1,1814,20,1209.08316341,400.09353573,1207.14062500,401.81250000
1,972,13,458.70090164,841.66309066,452.11718750,843.75781250
1,2124,17,69.96149874,922.92646546,70.41406250,920.61718750
1,828,10,1118.95774897,953.08725378,1116.64062500,955.03125000
1,1596,1,759.10257471,953.09480595,763.80468750,956.42187500
1,2958,8,131.92729950,907.92025192,135.65625000,902.60937500
1,3301,5,482.05334585,109.38551357,480.37500000,104.60937500
1,4469,15,1039.78274023,691.53745903,1043.07031250,695.35156250
1,4007,18,352.07469853,287.99106928,349.00781250,284.30468750
1,1289,1,404.17298009,337.90812925,400.60156250,336.81250000
1,516,13,399.94441084,70.08900066,402.00781250,66.25781250
1,1432,4,972.08935262,907.91536526,971.71093750,912.29687500
1,3492,2,809.04827352,828.11547236,807.96093750,834.89843750
1,9,19,309.97221227,69.92850786,303.57812500,67.19531250
1,3850,20,1205.08802967,912.17399056,1199.54687500,914.13281250
1,4320,9,148.74428725,112.11889567,149.12500000,110.94531250
1,2306,14,1180.07195270,69.88542761,1178.14843750,76.39843750
1,1120,7,69.90345122,802.99492404,72.67187500,802.31250000
1,4790,3,1121.43016400,398.31166839,1126.81250000,394.92968750
1,4930,6,427.13371661,114.04301528,423.28906250,112.04687500
1,2811,9,116.75547680,73.53717937,117.75000000,72.81250000
1,4160,14,1170.56084446,318.54158638,1172.76562500,321.90625000
1,186,16,1108.28871495,684.13039394,1110.17968750,688.70312500
1,356,16,159.00308967,952.96638876,158.96093750,949.31250000
1,2623,14,1090.64501564,909.96022541,1089.61718750,911.31250000
1,1597,1,728.97885027,953.04943712,733.32031250,956.64062500
1,5093,3,1208.87009482,490.07078985,1213.27343750,486.22656250
1,3685,21,1151.99986264,234.01122331,1149.97656250,235.62500000
1,658,16,126.25638137,81.09612098,132.59375000,80.28125000
1,4631,6,868.52772160,821.82349968,870.88281250,824.24218750
1,3121,5,368.88791757,952.95849469,365.94531250,954.46093750
1,1814,21,95.02600154,404.27132146,84.43750000,401.51562500
1,2463,14,126.94177461,428.05562805,125.43750000,426.03125000
1,3301,2,789.91237504,70.03618012,797.50000000,67.98437500
1,972,10,808.93814011,827.95526381,810.65625000,833.13281250
1,829,13,234.21759145,652.34627748,228.31250000,649.50000000
1,1974,20,1048.97335663,433.06113616,1048.92187500,433.67187500
1,2124,21,107.79465114,937.71943759,100.46093750,934.90625000
1,2958,5,1141.99382315,950.09058393,1139.52343750,949.26562500
1,4469,12,192.06776180,908.07656593,192.76562500,906.81250000
1,4007,15,952.04967601,128.18707136,955.91406250,130.21093750
1,517,16,804.20242328,312.86597844,809.03125000,311.07031250
1,10,19,340.09931871,70.04007817,333.69531250,66.89843750
1,2306,18,1200.31000062,107.83712001,1200.00781250,114.29687500
1,4321,12,1150.01517866,70.02755234,1146.99218750,71.33593750
1,3493,2,688.96661972,828.03008134,686.28125000,833.72656250
1,3850,17,83.24998201,948.12294625,82.71875000,944.42187500
1,4791,6,130.10952398,70.02530713,130.57812500,75.14843750
1,1290,4,940.04168822,70.09093657,942.42187500,68.77343750
1,2812,8,1208.97921653,100.11214514,1207.89062500,104.54687500
1,4930,3,831.08727972,274.25349284,834.02343750,270.24218750
1,1433,7,394.04579559,737.69139022,391.17187500,740.81250000
1,187,19,126.98046947,907.93353165,122.12500000,906.08593750
1,4160,15,70.06582133,322.98385332,71.03125000,320.62500000
1,3686,21,1152.00624101,293.92070888,1150.84375000,295.10937500
1,5094,3,1209.00613401,520.00392303,1213.65625000,516.09375000
1,2623,11,189.00927843,952.91227552,191.86718750,953.03125000
1,4632,9,399.11236027,952.99966416,396.50781250,955.63281250
1,1815,20,1209.09380729,429.92820107,1207.17187500,431.71093750
1,357,19,1156.55488374,912.60900797,1147.60156250,912.73437500
1,1120,4,1199.87918801,757.22848564,1198.03906250,760.36718750
1,1598,1,698.90851682,952.93052041,703.26562500,956.81250000
1,658,13,1146.93377632,114.04762848,1146.64062500,121.09375000
1,2464,14,127.11606776,367.90109296,126.25781250,365.96093750
1,1975,20,1048.95136970,552.99257892,1048.45312500,555.05468750
1,829,10,1089.05216586,952.95119546,1087.28125000,955.36718750
1,3122,8,930.69700675,903.70957126,932.51562500,905.32812500
1,2124,18,1165.88999871,926.01082422,1163.06250000,926.28906250
1,973,13,574.51276885,874.05097568,569.11718750,877.94531250
1,3302,5,452.03179707,109.57515432,450.14843750,104.99218750
1,2959,8,126.88365887,907.95869026,131.12500000,902.51562500
1,4470,15,1095.42483912,676.22137672,1098.60156250,679.88281250
1,4008,18,592.11763831,288.02365967,592.35937500,284.02343750
1,4791,3,1093.69771959,390.64627522,1099.25000000,387.25781250
1,1290,1,376.06662180,345.60968471,372.52343750,344.92968750
1,3850,21,90.98419038,914.94179873,84.88281250,913.12500000
1,2812,9,116.71323025,103.45008559,117.09375000,102.03125000
1,4931,6,487.05101928,114.07849099,483.64062500,111.37500000
1,3494,2,569.08807522,827.88772303,564.53906250,832.04687500
1,2306,15,79.75206719,74.40916595,85.80468750,75.46875000
1,11,19,370.01203768,69.97743655,363.32812500,66.57812500
1,187,16,1113.07584359,682.95617204,1114.96875000,687.51562500
1,4161,14,1170.56349894,288.66362486,1172.51562500,292.20312500
1,1433,4,912.09993966,908.01037995,911.96875000,912.75781250
1,517,13,430.02149522,69.95428782,432.16406250,66.04687500
1,3687,21,1151.94991304,354.07183305,1151.41406250,355.04687500
1,357,16,128.94135171,953.04350299,129.53906250,948.72656250
1,3122,5,338.99500831,953.08589938,335.25781250,954.07031250
1,1121,7,70.02670132,773.00463296,72.06250000,772.53906250
1,4632,6,897.29155546,829.64855446,899.82812500,831.81250000
1,659,16,121.24609337,79.65908114,128.07031250,79.01562500
1,1815,21,95.03236171,433.97767802,84.18750000,431.34375000
1,1599,1,669.09053135,952.98748040,673.08593750,957.11718750
1,2624,14,1120.53498923,909.88651428,1118.89062500,910.80468750
1,1976,20,1049.02615247,673.06392504,1047.73437500,676.38281250
1,2959,5,1147.04892358,950.05975836,1144.10937500,949.17187500
1,830,13,262.10996416,659.96479338,255.58593750,657.64062500
1,5095,3,1209.01822806,549.92283999,1213.88281250,545.92187500
1,973,10,688.89066493,827.99394180,688.96875000,832.95312500
1,2125,17,69.90259198,892.97316925,69.90625000,891.10156250
1,3302,2,820.07073673,69.90315584,827.88281250,68.51562500
1,2465,14,126.97495376,307.89019981,127.03125000,306.18750000
1,4470,12,132.08714953,908.03469213,134.07812500,905.50781250
1,4009,18,831.97859193,288.06636684,836.59375000,285.51562500
1,3123,8,960.51801801,903.80030374,961.98437500,904.94531250
1,3688,21,1152.00219905,413.95524983,1151.90625000,414.96093750
1,358,19,1185.91297868,920.78052937,1175.85156250,920.21875000
1,1122,7,70.08505704,743.02572506,71.57812500,742.74218750
1,4633,9,369.00599556,953.05873632,366.25000000,955.31250000
1,659,13,1152.02623414,114.09552698,1151.26562500,121.32812500
1,1816,20,1208.99879468,459.95084739,1206.99218750,461.92187500
1,1600,1,639.04272766,952.92380212,642.70312500,957.21093750
1,2624,11,158.97122838,952.96337913,162.35937500,952.56250000
1,1977,20,1048.87430839,792.91297401,1047.14062500,796.72656250
1,5096,3,1208.91049684,580.03262780,1213.80468750,575.94531250
1,2960,8,126.87589491,847.90205491,129.64062500,844.06250000
1,4792,6,160.00060952,70.05604734,159.43750000,74.38281250
1,518,16,776.17858171,305.10327887,780.71875000,302.85156250
1,1434,7,450.65639373,753.36036129,448.49218750,756.92968750
1,3850,18,1179.05052771,952.94279013,1173.96093750,951.05468750
1,4322,11,89.48396079,76.13040733,90.67968750,82.23437500
1,1291,4,969.89672298,70.00559145,972.26562500,69.32031250
1,12,19,400.05611555,70.08223044,393.35156250,66.39843750
1,4931,3,774.50272255,258.53374779,776.37500000,254.50000000
1,3495,2,449.06588189,827.94142664,443.03125000,830.00781250
1,2813,8,1209.01642360,130.03544335,1208.32031250,133.83593750
1,4161,15,70.07973576,292.94042062,71.67187500,290.79687500
1,188,19,126.88972053,848.04109826,121.24218750,847.13281250
1,2466,14,127.05156484,247.89708410,128.21093750,246.60937500
1,2125,18,1165.84308955,896.21926053,1163.73437500,897.16406250
1,830,10,1058.92752618,953.04682411,1058.05468750,955.70312500
1,3303,5,422.15080046,109.50162344,420.27343750,105.20312500
1,974,13,690.78455481,906.57895348,686.21093750,911.53906250
1,2307,17,75.40539507,103.35194921,78.01562500,104.59375000
1,4471,15,1100.19277978,674.99760150,1103.21093750,678.68750000
1,4010,18,926.03519415,287.92417987,931.56250000,286.37500000
1,1816,21,94.93390569,463.87127238,83.82031250,461.43750000
1,3689,21,1151.94039532,474.01734431,1151.96875000,475.11718750
1,2307,14,1208.98130314,70.09691432,1206.31250000,77.35156250
1,1123,7,70.07280762,713.02816812,71.15625000,712.86718750
1,358,16,98.88774128,953.02735307,100.49218750,947.97656250
1,2126,17,69.97631340,862.98395154,69.58593750,861.53125000
1,5097,3,1208.93945233,610.06740730,1213.95312500,605.85937500
1,660,13,1152.00171652,173.97055244,1152.52343750,179.96875000
1,1978,20,1048.92558937,827.93602507,1046.53125000,831.73437500
1,2961,8,126.87883723,788.09821468,128.66406250,785.30468750
1,4633,6,926.22460781,837.57425924,928.85156250,839.43750000
1,3303,2,850.07102657,70.03560247,857.92187500,69.31250000
1,1601,1,608.97326767,952.97992384,612.57031250,957.42187500
1,3123,5,308.95361263,952.94681014,305.46093750,953.42968750
1,974,10,569.12441617,828.02165336,567.76562500,832.25781250
1,3851,21,120.35339756,906.82649950,113.44531250,905.72656250
1,518,13,460.00573977,69.99571572,462.09375000,66.09375000
1,1291,1,348.33422609,353.33956618,344.53125000,353.10156250
1,2813,9,116.82234683,133.15608119,116.46093750,131.31250000
1,4932,6,547.08484432,114.06956973,544.18750000,110.77343750
1,4162,14,1170.44612110,258.90357227,1172.22656250,262.75000000
1,2467,14,127.11326570,188.03204030,129.65625000,187.65625000
1,3496,2,329.07866681,827.93791367,322.48437500,827.39062500
1,13,19,429.91615262,69.98717167,423.38281250,66.02343750
1,188,16,1134.59929395,737.73128398,1134.94531250,742.25000000
1,831,13,289.81956472,667.58810185,283.28125000,665.78906250
1,4322,8,1182.04105070,96.09037927,1182.55468750,100.78906250
1,4792,3,1066.18622882,383.02545089,1071.92187500,379.64843750
1,1434,4,851.98140615,908.08112057,851.60156250,913.21093750
1,4471,12,126.97059972,907.94226869,129.35937500,905.36718750
1,4011,18,925.95277534,528.06955148,931.33593750,529.21093750
1,1817,20,1209.06741224,489.94657946,1207.13281250,491.95312500
1,2307,18,1171.57222528,111.39487888,1172.42968750,116.96093750
1,3124,8,990.24543329,903.65135071,991.42968750,904.42187500
1,3690,21,1152.07791216,533.96202650,1152.10937500,535.25000000
1,3304,5,392.40912031,109.66835383,390.34375000,105.67968750
1,519,16,748.20044833,297.37942680,752.42187500,294.73437500
1,1124,7,69.97359841,682.97856859,70.60156250,682.88281250
1,2814,8,1208.92240689,159.99427545,1208.74218750,163.28125000
1,358,20,81.87308291,916.09699827,78.54687500,911.02343750
1,661,13,1151.92556434,234.05498831,1153.12500000,239.33593750
1,1979,20,929.03091127,828.06196924,926.27343750,832.74218750
1,4634,9,339.00366395,953.02224473,336.27343750,954.83593750
1,975,13,808.09480797,939.52360227,804.12500000,944.92187500
1,4793,6,189.88622313,70.04271974,188.61718750,73.55468750
1,189,19,126.89333610,787.94974397,120.49218750,787.49218750
1,2625,11,128.95487076,953.00366366,133.10156250,952.07812500
1,4162,15,69.97211607,263.00878362,72.33593750,261.26562500
1,1602,1,578.88636817,952.94544173,582.19531250,957.42187500
1,3851,18,1149.00152227,952.95541215,1144.90625000,951.63281250
1,2126,18,1165.92706567,866.41102081,1164.64062500,867.86718750
1,1435,7,507.19322464,769.25605235,505.96875000,773.32812500
1,4932,3,717.60941249,242.77318438,718.37500000,238.87500000
1,3497,2,228.93305334,827.99484073,223.17187500,824.88281250
1,831,10,1029.02558320,953.08618604,1028.42968750,956.14843750
1,2962,8,126.89062992,727.93273093,127.85156250,725.68750000
1,1292,4,999.90819004,70.06712943,1001.84375000,70.03906250
1,4322,12,1180.06264209,70.05711922,1176.14843750,71.86718750
1,14,19,459.93150365,70.02076390,453.27343750,65.89062500
1,5098,3,1209.09754789,640.06697082,1214.19531250,635.70312500
1,2468,14,126.90645595,127.93429952,131.14062500,128.82031250
1,4472,15,1121.29656141,729.81194016,1123.40625000,733.14843750
1,4012,18,925.92771824,733.02703961,929.35156250,736.37500000
1,3124,5,278.98192161,953.05075324,275.71093750,952.89062500
1,3304,2,879.94126139,69.92517905,887.92187500,69.86718750
1,4793,3,1038.62069934,375.43297831,1044.29687500,372.01562500
1,4163,14,1170.47299276,229.00073143,1171.92187500,233.20312500
1,2307,15,108.54933814,78.72161696,113.33593750,79.16406250
1,519,13,489.87831186,70.01055378,492.01562500,66.15625000
1,1817,21,94.99773642,493.74298525,83.82812500,491.45312500
1,1125,7,70.02175210,653.00797671,70.44531250,652.90625000
1,4634,6,955.09071658,845.57734291,957.61718750,847.00000000
1,359,16,69.92836818,953.00976431,71.84375000,947.55468750
1,1603,1,548.98795197,953.05757465,551.95312500,957.53906250
1,4933,6,607.11781077,114.00408246,605.07031250,110.25781250
1,2626,14,1180.27057243,909.77119078,1177.14843750,909.72656250
1,2127,17,69.90969612,832.94361891,69.25781250,831.80468750
1,1435,4,792.07133530,907.90693170,791.17187500,913.22656250
1,3852,21,149.68791393,898.82047174,141.85937500,898.46093750
1,832,13,317.59849881,675.39316257,310.94531250,674.14843750
1,2963,8,127.12415648,668.01539587,127.49218750,666.22656250
1,4322,9,89.93336650,95.93999318,91.99218750,96.05468750
1,189,16,1156.66105643,794.13078170,1155.22656250,798.30468750
1,1292,1,320.45345998,360.96562746,316.78906250,361.12500000
1,2814,9,116.80226970,162.88176841,115.86718750,160.64843750
1,662,13,1152.01072393,293.95909367,1153.63281250,298.75781250
1,1980,20,808.91287267,827.87872384,804.84375000,832.94531250
1,975,10,449.02683330,827.93001949,446.16406250,830.89843750
1,3498,2,229.02341289,707.94876221,223.42968750,704.93750000
1,5099,3,1209.09515345,669.92266007,1214.27343750,665.39062500
1,15,19,490.07379067,69.98020573,483.57812500,65.67187500
1,2469,14,228.97938047,192.88203245,228.79687500,190.81250000
1,3691,21,1151.89808042,593.94823529,1151.76562500,595.44531250
1,4472,12,126.96985813,847.93238847,127.67968750,846.74218750
1,4013,18,685.96167831,732.97778312,686.51562500,736.17187500
1,3125,8,1019.91479598,903.76417968,1020.69531250,904.10937500
1,520,16,720.01343578,289.68246598,723.78906250,286.64843750
1,3692,21,1151.89526061,653.99444776,1151.42968750,655.56250000
1,16,19,519.87531599,69.98283670,513.58593750,65.60937500
1,4163,15,70.01054951,232.94762655,73.05468750,231.64843750
1,3305,5,362.52710554,109.57144420,360.61718750,106.00781250
1,359,20,110.03784220,920.20307529,105.75000000,915.80468750
1,2308,17,71.03553068,73.45222044,74.53906250,75.55468750
1,1604,1,519.04444867,953.06779104,522.17968750,957.58593750
1,4635,9,309.09760459,952.89772372,306.38281250,954.23437500
1,1818,20,1209.03521537,519.92486676,1206.93750000,522.12500000
1,1126,7,69.95149094,623.06135568,70.14062500,622.97656250
1,4933,3,660.51548311,227.01431717,660.01562500,223.31250000
1,2964,8,127.05368641,607.97421835,127.06250000,606.28125000
1,2626,11,98.94624276,953.03318122,103.72656250,951.57031250
1,3852,18,1118.94792505,952.86941186,1115.90625000,952.12500000
1,2127,18,1165.87258733,836.53888015,1165.40625000,838.55468750
1,4323,11,118.22648053,80.11981527,118.39843750,85.33593750
1,1436,7,564.07202571,784.99837153,563.62500000,789.45312500
1,190,19,127.02327069,727.92150737,119.72656250,727.61718750
1,832,10,999.03770401,952.96070883,998.91406250,956.33593750
1,1293,4,1029.88653627,70.05830537,1031.45312500,70.67187500
1,4794,6,220.02645983,69.92798681,218.17968750,72.71093750
1,5100,3,1208.95665815,699.99160932,1214.09375000,695.22656250
1,3499,2,229.12027365,587.98922575,224.29687500,583.87500000
1,1981,20,689.07931164,827.88692025,683.19531250,832.82812500
1,663,13,1151.98174723,354.07831214,1153.84375000,358.82031250
1,2815,8,1208.97011810,190.00403649,1209.21093750,192.73437500
1,976,10,329.04813042,828.08289637,325.75000000,829.40625000
1,2470,14,348.93569238,193.08418416,347.26562500,189.81250000
1,4473,15,1142.84729037,786.00318691,1143.69531250,788.77343750
1,4014,21,857.95397692,931.46935120,854.89843750,935.54687500
1,3125,5,249.08936138,952.88949346,246.22656250,952.10156250
1,17,19,550.11338597,70.02216018,544.03125000,65.62500000
1,4164,14,1170.37091806,199.18222594,1171.44531250,203.77343750
1,359,17,1182.14293818,939.78956413,1181.45312500,940.21093750
1,3693,21,1151.98396871,713.93488047,1150.96875000,715.43750000
1,4635,6,983.90004715,853.65330122,986.36718750,854.68750000
1,520,13,519.89428150,69.94015890,522.18750000,66.13281250
1,3305,2,909.93100499,70.08120634,917.84375000,70.77343750
1,1127,7,70.02759374,592.95217758,70.10937500,592.82031250
1,2308,14,1208.91673544,100.03769521,1206.51562500,106.45312500
1,1605,1,489.04434992,952.97383741,491.80468750,957.45312500
1,1818,21,94.96157838,523.59830792,83.64843750,521.51562500
1,2626,15,79.65060566,916.85119183,79.00781250,910.15625000
1,4934,6,667.06852477,114.08156035,665.84375000,110.14062500
1,2965,8,126.92770864,547.91332228,126.70312500,546.19531250
1,3853,21,178.71997241,890.70863275,170.24218750,890.98437500
1,4323,8,1153.97183080,92.06681566,1155.35156250,96.20312500
1,1436,4,732.08044130,907.97882514,730.69531250,913.28906250
1,2128,17,69.95737312,803.08637624,68.77343750,802.15625000
1,190,16,1179.15453926,851.97930429,1175.89843750,855.38281250
1,4794,3,1010.74257546,367.85401998,1016.42187500,364.38281250
1,1293,1,292.66782146,368.63476699,289.13281250,369.18750000
1,3500,2,228.89268911,468.01259482,225.58593750,462.53906250
1,5101,3,1208.90611418,729.99077007,1213.92187500,724.95312500
1,833,13,345.48577657,683.02786376,338.77343750,682.25781250
1,664,13,1152.06642423,414.05595205,1153.92187500,418.89843750
1,1982,20,568.95620610,828.09096546,561.57031250,832.40625000
1,977,10,229.07511804,828.06911382,226.42187500,827.66406250
1,2815,9,116.92193758,192.67338149,115.34375000,190.12500000
1,4473,12,127.04834713,787.95453915,126.42187500,787.64843750
1,2471,14,469.08820583,192.98085381,467.76562500,189.05468750
1,4014,18,446.06829320,733.07019526,442.39062500,734.38281250
1,3126,8,1049.76823281,903.63820125,1050.05468750,903.49218750
1,4164,15,69.91844453,202.96171736,73.71875000,202.10937500
1,18,19,580.04395304,70.08777174,574.17968750,65.66406250
1,3693,18,92.80364427,861.10594338,92.12500000,855.57812500
1,360,16,70.04710840,922.92161696,71.75781250,917.89843750
1,521,16,691.62041000,281.82369226,695.11718750,278.44531250
1,4636,9,279.03874317,952.95891266,276.62500000,953.72656250
1,3306,5,332.50435747,109.71396124,330.64062500,106.60156250
1,2626,12,1188.22498512,946.88205041,1188.12500000,942.15625000
1,1819,20,1208.90216676,549.90925397,1206.67187500,552.23437500
1,4934,3,603.34937870,211.09065061,601.64843750,207.66406250
1,3853,18,1089.11960968,952.97068094,1086.90625000,952.72656250
1,1437,7,621.14050327,800.92173927,621.39843750,805.58593750
1,2966,8,126.99572810,487.92910135,126.79687500,486.16406250
1,1606,1,458.93440621,952.96788927,461.71093750,957.39843750
1,2128,18,1165.93081281,806.86366745,1165.99218750,809.22656250
1,4795,6,249.97530660,69.98006813,247.46875000,72.13281250
1,4323,12,1209.00576295,70.03761216,1203.89843750,72.53125000
1,191,19,126.88688387,667.98305431,118.94531250,667.56250000
1,1294,4,1060.09204219,70.02879867,1061.31250000,71.37500000
1,2308,18,1167.26739865,82.29548449,1167.79687500,88.50000000
1,833,10,969.04891912,953.03829627,969.27343750,956.67968750
1,5102,3,1208.92664703,759.95353105,1213.62500000,754.53906250
1,3501,2,229.08873501,348.10205296,227.74218750,341.52343750
1,1128,7,69.95580617,562.93980802,69.89843750,562.70312500
1,4474,15,1165.02419968,843.65387978,1164.16406250,845.53125000
1,665,13,1151.99932765,474.03815434,1153.64843750,479.08593750
1,1983,20,448.93332212,827.98815613,439.98437500,831.17187500
1,978,10,229.03282775,708.09527996,225.59375000,707.77343750
1,2472,14,588.95595142,193.06581974,588.38281250,189.01562500
1,2816,8,1208.89181825,220.07900934,1209.56250000,222.45312500
1,4015,21,949.81621866,905.50171038,947.45312500,908.78125000
1,3126,5,218.98338470,952.96996218,216.73437500,951.52343750
1,3694,21,1152.11170872,774.06588913,1150.06250000,775.30468750
1,1607,1,428.94316282,953.08031671,431.71093750,957.37500000
1,4474,12,127.06436226,727.93807084,125.42968750,728.25781250
1,666,13,1152.03012674,533.92752061,1153.18750000,539.28125000
1,19,19,609.91590793,70.06734546,604.25781250,65.62500000
1,521,13,550.10506700,69.97578574,552.50000000,66.29687500
1,3306,2,940.07510143,69.99578453,947.99218750,71.46093750
1,2627,11,70.02217180,953.06396958,75.73437500,951.01562500
1,4636,6,1012.94371528,861.60733812,1015.02343750,862.21875000
1,1437,4,672.05948667,907.92392387,670.26562500,913.02343750
1,3854,21,208.00241996,882.67038694,199.03125000,883.55468750
1,1819,21,94.82537452,553.46363344,83.51562500,551.57031250
1,4935,6,727.03519908,114.05670538,726.44531250,110.08593750
1,4795,3,983.05146939,360.16263214,988.71875000,356.63281250
1,2967,8,126.99782031,427.88984857,127.08593750,425.96875000
1,2129,17,70.13484946,772.90582457,68.67968750,772.22656250
1,4324,11,118.34334303,109.69026438,118.22656250,114.11718750
1,4165,14,1170.40363534,169.43639256,1171.20312500,174.50781250
1,834,13,373.46807142,690.83911129,366.95312500,690.60156250
1,191,16,1202.46827900,911.19618366,1197.09375000,913.30468750
1,1294,1,264.72128266,376.36858131,261.21875000,377.33593750
1,2308,15,108.47646674,108.42562459,112.28906250,107.96093750
1,5103,3,1209.04387479,790.06729307,1213.47656250,784.26562500
1,2473,14,709.10097989,193.09684054,710.25000000,189.54687500
1,1984,20,328.93733002,828.07882137,319.59375000,829.54687500
1,3502,2,229.00305002,227.88771225,230.33593750,220.79687500
1,979,10,229.05628281,588.03304513,225.60937500,586.73437500
1,1129,7,70.00576119,532.98455843,69.88281250,532.65625000
1,360,20,105.80700021,950.08965056,102.28125000,944.92187500
1,2816,9,116.91762302,222.51690606,114.85156250,219.80468750
1,4015,18,351.90172609,733.02221153,347.40625000,733.25000000
1,3127,8,1079.57708394,903.51996382,1079.34375000,902.85937500
1,3694,18,115.35069144,802.81389600,113.38281250,798.80468750
1,4475,15,1187.70444869,902.75272887,1184.88281250,903.22656250
1,3307,5,302.57231827,109.84522304,300.96875000,107.22656250
1,834,10,938.95302931,952.96369621,939.17187500,956.89843750
1,667,13,1151.89518736,594.10096742,1152.36718750,599.75781250
1,1438,7,678.55776947,816.81560986,680.00781250,821.60937500
1,2627,15,108.36640538,913.07189389,106.48437500,907.32812500
1,4637,9,249.04831378,952.93748737,246.72656250,953.15625000
1,4796,6,279.94477809,69.96774011,277.14843750,71.39062500
1,1608,1,399.09894297,953.11274131,401.74218750,957.21875000
1,3854,18,1059.00171229,952.93071355,1057.50781250,953.17187500
1,5104,3,1208.91587781,820.08710274,1213.12500000,813.83593750
1,4165,15,69.96273092,173.06495731,74.64062500,172.76562500
1,4935,3,545.95366766,195.20704354,543.38281250,192.29687500
1,20,19,639.99809419,69.96112967,634.50000000,65.60156250
1,522,16,663.46783086,274.03132448,666.57031250,270.34375000
1,1820,20,1208.93266967,579.91599798,1206.85937500,582.35937500
1,2968,8,126.94298501,367.89345789,127.50781250,365.93750000
1,2129,18,1166.11722585,776.88003348,1166.85937500,779.57812500
1,4324,12,1209.07880634,99.87331571,1204.89843750,101.53906250
1,2474,14,828.89211673,193.07339760,832.19531250,190.64843750
1,192,19,126.92151894,608.03078540,118.72656250,607.36718750
1,2309,14,1208.99145038,130.00396141,1207.10156250,135.73437500
1,1295,4,1089.98720248,70.07107974,1090.37500000,72.10156250
1,1985,20,229.05191381,828.00779422,220.56250000,827.67187500
1,980,10,229.04191961,468.08712768,225.73437500,465.60156250
1,1130,7,69.91010811,503.04255042,69.66406250,502.59375000
1,360,17,1182.25166665,909.92785351,1182.22656250,910.82812500
1,3503,2,351.91228951,287.93931598,351.21093750,281.25000000
1,2817,8,1208.97805031,249.98511401,1209.95312500,252.05468750
1,4016,18,351.90485463,493.07495978,347.10156250,491.25000000
1,3127,5,188.91768891,953.04267109,187.35937500,950.82031250
1,3695,21,1152.08414268,834.02940241,1149.10156250,834.74218750
1,4475,12,127.13025876,667.98337015,124.62500000,668.67968750
1,4796,3,955.27570857,352.51125797,960.57031250,348.92187500
1,4166,14,1170.31106517,139.49844232,1170.61718750,145.19531250
1,3307,2,970.12462808,69.92155373,977.98437500,72.21875000
1,3855,21,237.00953994,874.53542839,227.58593750,876.00000000
1,5105,3,1209.05231833,849.97827162,1212.82031250,843.22656250
1,4936,6,786.90550064,113.91530850,787.05468750,110.04687500
1,4637,6,1041.95854068,869.63648935,1043.74218750,869.74218750
1,1438,4,611.91358918,907.99374821,609.14062500,912.86718750
1,4325,11,118.35557205,139.54504195,117.75781250,143.25781250
1,2627,12,1159.51895100,942.82983446,1160.53906250,938.88281250
1,1820,21,94.85139541,583.35210772,83.85937500,581.60156250
1,668,13,1152.13012452,653.99982063,1151.64062500,659.85937500
1,1609,1,368.88862428,952.97958504,371.86718750,956.88281250
1,835,13,401.34251688,698.45304273,394.70312500,698.67968750
1,522,13,580.00473955,70.01119150,582.53906250,66.47656250
1,2130,17,69.87371210,743.11359841,68.10937500,742.56250000
1,2969,8,127.10063253,308.04408040,128.37500000,306.31250000
1,2475,14,948.88668246,192.99025957,952.32031250,192.25781250
1,21,19,670.09348986,69.98641611,665.08593750,65.64843750
1,193,19,127.04166598,548.05046267,118.75000000,547.02343750
1,1295,1,237.08070001,383.94749033,234.16406250,385.31250000
1,2309,15,108.54104699,138.17607669,111.61718750,136.96093750
1,981,10,229.01142948,347.94390695,226.84375000,344.54687500
1,361,16,70.03763815,893.07738030,71.44531250,888.53125000
1,1131,7,69.93217257,473.06829204,69.68750000,472.47656250
1,3504,2,591.90753988,287.90032332,594.35937500,283.22656250
1,1986,20,229.03228429,707.98833246,219.55468750,707.73437500
1,2817,9,117.07497728,252.20703980,114.43750000,249.32812500
1,4017,18,466.99829436,376.97639134,464.39062500,373.99218750
1,3128,8,1109.35651183,903.41579922,1108.46875000,902.33593750
1,3695,18,137.40965678,746.20210382,134.19531250,743.22656250
1,4476,12,126.89579936,607.94375882,123.72656250,608.85156250
1,4797,6,309.99397029,70.06229213,306.96093750,70.86718750
1,4166,15,69.88029367,142.96359012,75.28125000,143.39062500
1,3308,5,272.70189837,109.71378640,271.44531250,107.60937500
1,5106,3,1208.94405318,879.99939973,1212.37500000,872.63281250
1,3855,18,1029.08197620,953.06199725,1028.17187500,953.73437500
1,4638,9,219.13490209,953.07395952,217.15625000,952.68750000
1,4325,12,1209.04504447,130.00719519,1205.60156250,130.89843750
1,4936,3,488.43566889,179.40821054,485.00000000,177.19531250
1,1439,7,735.95884110,832.80616264,738.13281250,837.62500000
1,2628,11,70.11577676,922.88425637,75.18750000,921.78125000
1,1821,20,1209.12686407,609.95953986,1207.14843750,612.48437500
1,669,13,1151.95847800,713.98221797,1150.28906250,719.94531250
1,1610,1,339.00083677,952.99067220,342.15625000,956.59375000
1,523,16,635.05666123,266.27777707,637.52343750,262.28125000
1,2970,8,126.96366245,247.96949774,129.14843750,246.54687500
1,835,10,909.07471667,953.05857926,909.66406250,957.15625000
1,2130,18,1165.87074750,747.24894807,1167.07031250,750.17187500
1,2476,14,1049.02416670,192.98376531,1051.46093750,194.24218750
1,194,19,126.95055519,488.03552315,118.75000000,486.56250000
1,982,10,229.08594210,228.01536492,228.82812500,224.67968750
1,1296,4,1119.88006973,70.06387346,1119.73437500,72.88281250
1,22,19,699.94035803,69.97606781,695.01562500,65.83593750
1,361,17,1182.23354503,880.28499019,1182.73437500,881.65625000
1,3505,2,831.88385191,287.90258031,838.37500000,286.74218750
1,1132,7,70.07258734,443.00893419,69.89843750,442.33593750
1,2310,14,1208.92599465,160.00629376,1207.33593750,165.07031250
1,1987,20,228.93910213,588.06548056,219.25781250,586.90625000
1,2818,8,1208.94782898,279.98391399,1210.35937500,281.68750000
1,4018,18,811.09879959,377.00690215,815.42968750,375.18750000
1,3128,5,158.87797172,953.10117468,158.15625000,950.16406250
1,3696,21,1152.05128228,894.05303609,1147.82812500,893.94531250
1,4477,12,127.05193441,548.06198829,123.43750000,548.94531250
1,4797,3,927.41445037,344.73093038,932.37500000,341.13281250
1,4167,14,1170.34534704,109.60382778,1170.38281250,115.97656250
1,3308,2,1000.08429526,70.11237335,1007.63281250,73.23437500
1,5107,3,1209.06673388,909.94437779,1212.05468750,901.85937500
1,4326,11,118.22903291,169.19499850,117.34375000,172.34375000
1,4638,6,1070.97775992,877.50776767,1072.37500000,877.04687500
1,3856,21,266.03515052,866.50612441,256.29687500,868.45312500
1,4937,6,847.11001992,114.02935521,847.74218750,110.42968750
1,1439,4,551.96544661,907.96388048,548.60937500,912.37500000
1,1821,21,95.03978512,613.27333231,84.42187500,611.66406250
1,2628,15,112.65534936,942.41807750,111.14843750,935.87500000
1,670,13,1151.92191356,773.95929213,1148.86718750,779.73437500
1,2971,8,127.07838398,188.02916794,130.31250000,187.21875000
1,523,13,610.09349936,69.93577500,613.02343750,66.53906250
1,1611,1,308.93008312,953.04950906,312.27343750,956.31250000
1,2131,17,70.00729708,712.97485688,68.02343750,712.42187500
1,836,13,429.34125277,706.23747918,423.03906250,707.07031250
1,2477,14,1049.07223252,312.93710736,1052.80468750,313.50000000
1,195,19,126.89578795,427.96859880,118.84375000,426.14843750
1,983,10,352.09258317,287.90902917,350.17187500,283.64062500
1,1296,1,209.50037225,391.55841770,206.77343750,393.36718750
1,362,16,69.87310580,862.96205431,71.07031250,858.77343750
1,23,19,730.07445178,70.04542468,725.36718750,66.14062500
1,1133,7,70.07148289,412.99098545,70.03125000,412.25781250
1,3506,2,925.88632673,288.05967721,933.47656250,288.62500000
1,2310,15,108.46726855,167.94823526,110.62500000,166.12500000
1,2818,9,117.11783630,281.97870837,114.13281250,279.00000000
1,1988,20,228.94070809,467.88756299,219.60156250,465.48437500
1,4019,18,811.10748300,643.92704286,814.27343750,646.42968750
1,3129,8,1139.12621592,903.57301827,1137.58593750,901.94531250
1,3696,18,158.94229054,690.95503326,154.91406250,688.57812500
1,4478,12,127.04795802,487.97819566,123.33593750,488.85937500
1,4798,6,340.05119154,69.89552212,336.61718750,70.04687500
1,4167,15,69.92621382,112.92367842,76.31250000,114.14843750
1,5108,3,1208.92253378,940.08482449,1211.49218750,931.12500000
1,3309,5,242.90544304,109.82293976,242.08593750,108.25781250
1,4326,12,1208.87056394,159.94624534,1206.25781250,160.33593750
1,3856,18,999.10678685,953.08353161,998.68750000,954.22656250
1,4639,9,188.97668595,952.93320123,187.47656250,951.88281250
1,4937,3,430.46348364,163.22358959,426.42187500,161.82031250
1,1440,7,793.47112369,848.88681654,796.20312500,853.53906250
1,1822,20,1208.95518643,640.05973573,1206.77343750,642.67187500
1,671,13,1152.04258212,834.07696312,1147.50781250,839.37500000
1,2628,12,1159.65369927,912.95170618,1161.19531250,909.96093750
1,2972,8,126.94482844,128.10452801,131.38281250,128.30468750
1,2131,18,1166.01382452,717.30720237,1167.88281250,720.36718750
1,524,16,606.87185826,258.40046093,609.22656250,254.16406250
1,1612,1,278.95024688,953.00974994,282.93750000,955.98437500
1,196,19,126.92255059,367.98626249,119.20312500,365.88281250
1,984,10,591.94437039,288.00458693,592.57812500,283.92968750
1,836,10,879.06435029,953.01576358,879.55468750,957.30468750
1,2478,14,1048.90285809,433.00106391,1053.32031250,433.95312500
1,1297,4,1150.04100223,70.06095041,1149.01562500,73.64843750
1,362,17,1182.06180371,850.35018549,1183.22656250,852.00000000
1,24,19,759.99179933,70.06873673,755.71875000,66.34375000
1,1134,7,69.93478842,382.98057585,70.03906250,382.21875000
1,3507,2,925.94345225,528.07292630,931.21093750,532.15625000
1,2311,14,1209.00368907,190.05985251,1207.82812500,194.52343750
1,2819,8,1209.06809995,310.09514176,1210.73437500,311.70312500
1,1989,20,229.02626473,348.00772934,220.74218750,344.58593750
1,4020,18,467.07231330,644.01828158,463.50781250,644.71093750
1,3129,5,128.87741545,952.89471539,128.96093750,949.19531250
1,3697,21,1151.90614310,908.10125758,1147.25781250,907.79687500
1,4479,12,127.13014056,428.01378600,122.90625000,428.98437500
1,4798,3,899.41983097,337.17152246,904.13281250,333.57812500
1,4168,17,112.35618553,93.75072573,112.89843750,93.42968750
1,5109,3,1208.92621534,952.97735096,1211.25781250,943.71093750
1,4327,11,118.50839798,198.90825807,117.16406250,201.50781250
1,4639,6,1100.24074833,885.72571347,1100.96875000,884.64062500
1,3309,2,1029.98806575,70.06019582,1037.16406250,74.08593750
1,3857,21,295.08553767,858.58782505,285.17187500,861.00000000
1,4938,6,906.97901242,114.02632200,907.81250000,110.86718750
1,1440,4,492.09515358,907.87605470,488.28906250,911.57812500
1,1822,21,94.86523344,643.26465397,84.49218750,641.79687500
1,524,13,639.93782868,70.04762096,642.80468750,67.03906250
1,2973,8,228.94550170,192.99644078,229.42968750,190.62500000
1,985,10,831.94912067,287.92377990,836.49218750,285.60156250
1,197,19,127.08279123,307.92374630,119.89843750,305.75000000
1,2479,14,1049.11263237,553.04376215,1053.29687500,555.03125000
1,1297,1,181.71367718,399.22202768,179.62500000,401.36718750
1,363,16,70.12346894,832.98798225,70.88281250,829.14843750
1,2132,17,69.97316159,682.94973449,67.74218750,682.44531250
1,2629,11,70.05670179,892.93322078,74.54687500,892.50000000
1,25,19,789.95149826,69.98209343,785.47656250,66.58593750
1,837,13,457.48969766,714.00942677,451.60156250,715.35937500
1,672,13,1152.10752438,893.95221746,1145.85156250,898.51562500
1,1613,1,249.00264670,953.05022136,253.28906250,955.64062500
1,1135,7,69.94770471,353.06438377,70.29687500,352.30468750
1,3508,2,926.01777807,733.09819812,927.96093750,739.96875000
1,2311,15,108.53476508,197.79015504,109.97656250,195.46093750
1,2819,9,117.30919609,311.87126474,113.90625000,308.97656250
1,4021,18,553.04729058,443.99386436,551.63281250,442.22656250
1,1990,20,229.00703020,228.06304432,222.37500000,224.41406250
1,3130,8,1168.60383502,903.48863843,1166.41406250,901.35156250
1,3697,18,164.03179353,678.25961680,159.94531250,675.98437500
1,4168,14,1170.50381817,79.73988042,1170.05468750,86.88281250
1,4799,6,370.00492471,70.05429474,366.54687500,69.64062500
1,4938,3,372.59713175,147.18744766,368.35937500,146.84375000
1,4480,12,127.06849718,368.00749475,122.96875000,369.10937500
1,5110,3,1179.02071113,952.94135432,1182.31250000,944.78125000
1,4327,12,1209.10854778,189.90155161,1207.16406250,189.67968750
1,3857,18,969.07292291,952.98796871,969.03125000,954.47656250
1,2480,14,1048.95284688,672.98416231,1052.40625000,675.80468750
1,2974,8,348.89615587,193.08166389,347.90625000,189.58593750
1,1823,20,1208.93659791,669.99056207,1206.43750000,672.60156250
1,985,7,417.69747589,101.76503371,416.50781250,97.77343750
1,1441,7,851.50119557,864.84878505,854.77343750,869.15625000
1,2132,18,1165.99139938,687.46933161,1168.43750000,690.64843750
1,525,16,578.39465933,250.56682622,580.29687500,246.07031250
1,363,17,1182.30094020,820.59567360,1183.89062500,822.51562500
1,3310,5,212.90473839,109.92308310,212.39843750,108.85156250
1,198,19,126.99774523,248.02437714,120.85156250,245.96093750
1,673,13,1151.89191058,908.09021070,1145.10156250,912.40625000
1,4640,9,158.87217977,952.96083869,157.89062500,951.25000000
1,26,19,820.00216279,70.00942104,815.85156250,66.92187500
1,1614,1,219.12772419,952.98236284,224.15625000,955.20312500
1,1298,4,1179.96265370,69.97262676,1177.95312500,74.40625000
1,837,10,848.95749990,953.02742034,849.17968750,957.45312500
1,2629,12,1159.63798574,883.27608357,1161.73437500,880.95312500
1,1136,7,70.10466959,323.04227734,70.60156250,322.35156250
1,3509,2,686.08175446,732.91195786,684.60937500,737.71875000
1,2820,8,1209.09173712,340.08446104,1210.88281250,341.53125000
1,2312,14,1208.96978882,219.93043271,1208.09375000,223.96093750
1,4022,18,724.97395883,444.10101272,727.67968750,442.99218750
1,1991,20,352.01841959,288.00400650,343.82031250,283.54687500
1,3130,5,99.13646897,952.93363439,100.21093750,948.47656250
1,3698,21,1092.08081851,907.98834565,1088.74218750,908.94531250
1,4328,11,118.39052756,228.69272608,116.76562500,230.88281250
1,199,19,127.01100906,187.98479651,121.88281250,186.35156250
1,3310,2,1060.09268977,70.01751281,1067.01562500,74.95312500
1,673,10,120.29394062,950.98011760,122.08593750,946.28125000
1,4640,6,1129.53260469,893.78187107,1129.53906250,892.05468750
1,5111,3,1148.88818126,952.99426950,1152.85156250,945.79687500
1,4799,3,871.57576712,329.33242245,875.78906250,325.68750000
1,3858,21,324.15988400,850.54457579,314.21875000,853.41406250
1,2481,14,1049.12166896,792.95076447,1051.04687500,795.82812500
1,1823,21,94.84255911,673.08464111,84.58593750,671.67968750
1,2630,11,70.13018839,862.94625376,74.07031250,862.99218750
1,2975,8,469.05159739,193.10506413,468.68750000,188.90625000
1,986,10,925.90158040,287.99020843,930.94531250,286.83593750
1,2133,17,70.04351987,653.02875076,67.53906250,652.53906250
1,1441,4,431.95413923,908.04581420,427.65625000,910.93750000
1,4939,6,966.90075252,114.05868914,967.66406250,111.50781250
1,4480,9,1198.48076297,88.94107703,1200.27343750,94.09375000
1,525,13,670.00289241,70.03447024,673.07031250,67.31250000
1,27,19,849.87744439,69.95691383,845.76562500,67.27343750
1,4168,18,1208.56074344,96.91348547,1206.42187500,103.01562500
1,1615,1,189.01038879,952.93682025,194.78906250,954.67968750
1,3510,2,445.88550256,733.01067583,440.32812500,734.32031250
1,364,16,69.97278609,802.99326606,70.46875000,799.46093750
1,838,13,485.56702258,721.74804738,479.63281250,723.58593750
1,1137,7,69.87972181,292.94135369,70.81250000,292.34375000
1,1298,1,154.21912388,406.88877559,152.73437500,409.39843750
1,2820,9,117.40507101,341.63496238,113.51562500,338.75781250
1,2312,15,108.49216484,227.44161027,109.11718750,224.66406250
1,4023,18,725.07798340,578.07373402,727.14062500,579.25781250
1,1992,20,592.00933310,288.02269632,586.60156250,283.53906250
1,3130,9,78.39501845,905.85940840,77.74218750,902.79687500
1,3698,18,219.63751067,693.80643196,214.99218750,692.14062500
1,3311,5,183.20127490,110.01052400,183.51562500,109.51562500
1,200,19,127.02996565,127.92829841,122.99218750,127.12500000
1,5112,3,1119.03697930,953.03479073,1123.81250000,946.73437500
1,4641,9,129.05094826,952.88026207,128.89062500,950.46875000
1,674,13,1092.10717495,908.07883271,1087.22656250,912.92968750
1,2976,8,588.91770978,193.07243145,589.71093750,188.65625000
1,4328,12,1208.94268006,219.96694270,1207.74218750,219.34375000
1,986,7,326.10789848,127.66028038,324.75000000,124.46093750
1,4939,3,314.49485604,131.04971457,310.50000000,131.98437500
1,3858,18,938.93676986,953.00997385,939.14843750,954.77343750
1,2482,14,1048.93769864,827.93636206,1050.29687500,830.60937500
1,2630,12,1159.75270618,853.57701266,1162.34375000,851.68750000
1,4168,15,70.09777233,82.93582591,77.33593750,85.03125000
1,4800,6,399.99523642,69.93069087,396.42187500,69.03906250
1,28,19,879.87589458,70.00506704,875.64062500,67.71875000
1,1442,7,909.39324841,881.03299599,912.90625000,884.79687500
1,1824,20,1209.08281523,700.01594146,1206.18750000,702.63281250
1,1616,1,158.89152472,952.94673235,165.39062500,954.21875000
1,364,17,1182.14292033,790.77323062,1184.28906250,792.92968750
1,2133,18,1166.07201653,657.74331046,1168.80468750,660.96875000
1,526,16,549.84904840,242.79969907,551.22656250,238.12500000
1,4481,12,126.92398687,307.97401089,123.26562500,309.36718750
1,3511,2,352.12117844,733.10886594,345.88281250,732.64843750
1,838,10,818.97706403,953.05284284,819.49218750,957.50781250
1,1138,7,70.11605870,262.92622314,71.60156250,262.43750000
1,1299,4,1209.02944662,70.03551550,1206.19531250,75.29687500
1,2821,8,1209.01225582,369.97578896,1211.03906250,371.28906250
1,2313,14,1209.08033194,249.88219254,1208.57812500,253.48437500
1,4024,18,552.92895414,577.93204132,551.25781250,578.28906250
1,1993,20,831.98392786,288.08301875,830.64062500,285.09375000
1,3131,8,1197.53476568,903.41126377,1194.38281250,900.71875000
1,3699,21,1031.96539064,907.98220940,1029.27343750,910.05468750
1,3311,2,1089.89448758,69.98707357,1096.05468750,75.87500000
1,674,10,179.19028962,934.65529238,178.68750000,931.86718750
1,2977,8,709.06360538,192.98622865,711.38281250,188.92187500
1,5113,3,1088.88804345,952.99564227,1094.35156250,947.60937500
1,4329,11,118.40307444,258.56527990,116.41406250,260.43750000
1,4940,6,1026.99658640,114.10105106,1027.52343750,112.27343750
1,4169,18,1148.34670505,81.80548478,1148.18750000,86.84375000
1,29,19,909.98189911,69.92034497,905.89062500,68.07031250
1,201,19,229.11594288,192.94908426,221.82031250,189.83593750
1,3859,21,353.03530748,842.64125680,343.07031250,845.89062500
1,4800,3,843.56770823,321.72691284,847.42187500,318.07031250
1,1442,4,372.10637741,907.96015030,367.62500000,909.90625000
1,987,10,925.90061581,527.95774521,930.71875000,529.75781250
1,2483,14,929.03881507,827.88882089,931.10937500,831.52343750
1,2631,11,70.06328359,832.90815742,73.42968750,833.46093750
1,4641,6,1158.58482976,901.88120108,1157.60937500,899.41406250
1,1824,21,94.98336967,702.99101962,84.92968750,701.64062500
1,365,16,69.95754875,772.90132111,70.08593750,769.50000000
1,2134,17,69.95492859,622.94621682,67.37500000,622.37500000
1,4481,9,1175.42380868,148.76577625,1179.08593750,152.06250000
1,526,13,700.06353055,69.93569072,703.48437500,67.52343750
1,1617,1,129.01910017,953.04873357,136.88281250,953.87500000
1,3512,2,352.10866141,492.92338428,347.94531250,489.26562500
1,1139,10,1203.70170955,257.41478092,1204.10156250,260.74218750
1,839,13,513.56830311,729.63685836,508.15625000,731.95312500
1,4025,18,605.02445647,484.06492447,604.83593750,483.24218750
1,1299,1,127.49843910,414.19397291,126.57031250,417.07812500
1,2821,9,117.39914595,371.29602693,113.25781250,368.48437500
1,2313,15,108.59212058,257.18931527,108.60156250,254.04687500
1,1994,20,925.99027201,288.07205194,925.54687500,286.08593750
1,3131,5,69.94320305,952.96632320,72.24218750,947.69531250
1,3699,18,275.73110885,709.38176725,271.02343750,708.49218750
1,202,19,349.08173603,192.96809117,340.92187500,188.75000000
1,988,13,315.38592871,902.57059753,308.72656250,901.60937500
1,1300,4,1208.96909897,99.93141291,1206.72656250,104.43750000
1,3312,5,153.25990863,110.08569218,154.13281250,110.08593750
1,4940,3,256.03113704,114.80144299,252.53906250,117.23437500
1,4329,12,1208.90923822,250.10432203,1208.28906250,249.10156250
1,1618,1,98.91754230,952.97764201,107.65625000,953.24218750
1,2978,8,829.09973171,193.09326521,833.68750000,189.87500000
1,4026,18,674.06852358,484.01173516,675.53125000,483.44531250
1,30,19,939.98501159,69.96851061,935.62500000,68.62500000
1,3859,18,908.96871964,952.94732299,909.35156250,954.94531250
1,4169,15,126.88763897,114.00175489,131.01562500,114.03125000
1,4801,6,429.87207752,69.93879169,426.42968750,68.59375000
1,1443,7,967.79836806,897.27118571,971.10156250,900.29687500
1,4642,5,85.70485629,902.98677044,85.35937500,898.83593750
1,2631,12,1159.72942050,823.80782543,1162.82812500,822.38281250
1,3513,2,467.02084216,377.07918024,466.03125000,372.60937500
1,2822,8,1209.09678695,400.02230890,1211.13281250,401.27343750
1,1825,20,1209.11177974,729.90215203,1205.90625000,732.52343750
1,2484,14,808.92765277,828.02664135,810.33593750,832.22656250
1,365,17,1182.11900613,760.86271559,1184.61718750,763.03125000
1,2134,18,1165.99590106,627.85247725,1169.19531250,631.03125000
1,527,16,521.48048147,234.91687516,522.86718750,230.10156250
1,675,13,1031.93706127,908.02333085,1028.20312500,913.39062500
1,839,10,789.07220850,952.90562862,789.25781250,957.47656250
1,1139,7,70.02144673,232.92298598,72.18750000,232.63281250
1,5114,3,1058.99418689,952.96153111,1064.81250000,948.45312500
1,4482,12,127.05773890,247.91109372,123.98437500,249.88281250
1,2314,14,1209.06880956,279.93022581,1208.83593750,283.25000000
1,1995,20,926.01202722,527.99095823,925.60156250,529.29687500
1,3131,9,107.35070263,902.06215556,105.67968750,899.73437500
1,3700,21,971.97911768,908.05773354,969.65625000,911.01562500
1,3514,2,810.91135318,377.09854171,816.20312500,377.03125000
1,4170,18,1089.43972710,98.03121399,1091.46093750,100.89843750
1,4801,3,815.65983584,314.01896294,818.89843750,310.33593750
1,1300,1,116.94030004,387.65261970,116.37500000,390.71093750
1,4941,6,1087.10405246,113.91855589,1086.78906250,112.98437500
1,4330,11,118.53572365,288.29707199,116.15625000,289.86718750
1,4642,9,98.99620173,953.01731464,99.54687500,949.84375000
1,1619,1,69.88023440,952.97306475,79.85156250,952.73437500
1,1443,4,311.95686253,907.96135135,307.88281250,908.79687500
1,3860,21,381.71574185,834.64533056,371.92968750,838.17187500
1,2632,11,70.10734935,803.04994901,72.90625000,804.03906250
1,31,19,969.87678471,69.90878337,965.30468750,69.12500000
1,4027,18,674.11243241,538.08617256,675.32812500,538.32812500
1,203,19,468.90061902,193.04746223,461.32812500,188.17968750
1,2979,8,949.10131660,192.89708252,954.20312500,191.07812500
1,5115,3,1029.08748879,952.98911029,1035.38281250,949.31250000
1,4482,9,1152.69234559,206.98404575,1157.91406250,208.96875000
1,1825,21,95.00787734,732.76626273,85.34375000,731.46875000
1,527,13,729.92411970,70.00198529,733.23437500,68.07031250
1,1140,10,1192.57531274,285.46046710,1193.67187500,288.40625000
1,840,13,541.78905439,737.31042203,536.72656250,740.09375000
1,675,10,238.24646211,918.33144914,236.33593750,917.21093750
1,2135,17,69.96115994,592.93376866,67.29687500,592.28125000
1,366,16,70.09674402,742.94505758,69.99218750,739.68750000
1,2485,14,689.09282592,828.11218211,689.14843750,832.31250000
1,988,10,926.03142389,733.03921669,929.58593750,737.45312500
1,2822,9,117.55512372,401.11750540,113.03906250,398.50000000
1,2314,15,108.57155312,287.02453830,107.93750000,283.65625000
1,3312,2,1119.92996329,69.96948409,1125.57812500,76.89843750
1,1996,20,926.00415742,733.10912036,924.14843750,737.30468750
1,3132,8,1201.81427492,933.15462562,1197.90625000,929.45312500
1,3515,2,811.09362066,644.03805222,813.06250000,648.87500000
1,1301,4,1209.06580078,130.03004256,1207.29687500,133.96875000
1,204,19,589.04998210,192.98851443,583.03906250,187.96093750
1,1140,7,69.89923787,203.01937815,72.50781250,203.06250000
1,3700,18,331.91140296,724.89902293,327.25000000,724.80468750
1,366,17,1182.24810725,731.09307838,1185.21093750,733.35156250
1,840,10,759.06235374,953.03658698,759.03906250,957.63281250
1,2135,18,1166.01329670,598.03843663,1169.60156250,601.25781250
1,676,13,972.06319505,907.99650884,968.70312500,913.65625000
1,3860,18,879.11868783,953.03048577,879.52343750,955.28906250
1,2823,8,1209.08114828,430.00477358,1211.21875000,431.19531250
1,989,10,686.09608750,732.98092779,686.64062500,737.23437500
1,4483,12,127.08087331,187.90418608,124.74218750,190.70312500
1,3313,5,123.33549742,110.15010072,124.91406250,110.77343750
1,4028,18,605.06989986,538.04672820,604.73437500,537.94531250
1,32,19,999.94777726,69.93200287,995.10937500,69.71093750
1,1444,7,1026.33241823,913.48893279,1028.80468750,915.57812500
1,5116,3,999.10892468,952.90885406,1005.56250000,950.00781250
1,2486,14,568.96992765,827.89059765,566.90625000,831.56250000
1,1826,20,1209.03681911,759.91432084,1205.35937500,762.36718750
1,528,16,492.76758096,227.08391714,493.72656250,222.08593750
1,4170,15,186.95072511,114.08430314,189.15625000,113.39062500
1,4941,3,197.32287129,98.71596080,194.99218750,102.85156250
1,4330,12,1208.99806582,280.08738096,1208.85156250,278.80468750
1,4642,6,1187.94985543,909.84688403,1186.10937500,906.65625000
1,4802,6,459.89021094,70.02933948,456.55468750,68.28125000
1,1620,1,69.99367390,923.06856488,78.91406250,923.67187500
1,2315,14,1208.94705570,310.08282003,1208.95312500,313.09375000
1,2632,12,1159.81504254,794.22467501,1163.23437500,793.15625000
1,2980,8,1048.98234928,192.99510306,1053.24218750,192.67968750
1,1997,20,686.06832943,732.98831373,680.62500000,737.10937500
1,3132,5,70.01209788,923.03181656,71.60156250,918.70312500
1,3516,2,466.98795125,644.08736569,462.52343750,644.50000000
1,367,16,70.10921698,712.88766743,69.78906250,709.73437500
1,2823,9,117.61229030,430.87090147,112.91406250,428.42968750
1,4483,9,1130.67022092,263.68069304,1137.15625000,264.79687500
1,676,10,296.78228550,902.12230395,294.25000000,902.37500000
1,2136,17,70.06885960,562.96768888,67.28906250,562.28125000
1,1141,10,1181.33621473,313.23196016,1183.16406250,315.89062500
1,3313,2,1149.94341060,69.96271953,1154.89843750,77.90625000
1,3701,21,911.97698438,908.08672258,909.46875000,911.75000000
1,4331,11,118.51927277,317.90338599,116.02343750,319.29687500
1,33,19,1029.95331352,70.07598190,1024.56250000,70.49218750
1,4643,8,1160.22397066,949.12468205,1158.18750000,946.39062500
1,990,10,446.06391461,733.03923039,443.01562500,735.52343750
1,205,19,708.90967508,193.00864470,704.18750000,188.41406250
1,3861,21,410.72804954,826.73470074,401.10156250,830.55468750
1,4942,6,1147.10134962,113.99636430,1145.49218750,113.94531250
1,1621,1,69.95015535,892.94717571,77.99218750,894.25000000
1,4029,18,628.91011479,503.00911402,629.33593750,502.56250000
1,1301,1,106.03407192,360.64432437,105.84375000,363.87500000
1,841,13,569.96628465,745.12822189,565.19531250,748.34375000
1,4802,3,787.59785845,306.18686021,790.28906250,302.46093750
1,1444,4,251.89432334,908.01740593,248.67187500,907.51562500
1,2487,14,448.94334287,828.11220893,445.06250000,830.67968750
1,1826,21,94.92926198,762.67687416,85.52343750,761.27343750
1,2981,8,1048.92931019,313.06320971,1054.29687500,312.53125000
1,4171,18,1030.88567280,114.29760399,1034.35937500,115.40625000
1,2633,11,70.00948646,773.11447293,72.33593750,774.39062500
1,5117,3,969.09751649,952.90010709,975.85156250,950.79687500
1,528,13,760.05621820,69.92318061,763.65625000,68.39843750
1,2315,15,108.44212156,316.95981324,107.14062500,313.34375000
1,1998,20,446.11760324,732.90845628,437.01562500,735.44531250
1,3132,9,111.66052862,931.09406373,110.44531250,928.16406250
1,3517,2,552.99391350,444.06904042,552.63281250,441.88281250
1,1622,1,69.89581623,862.96178754,77.25781250,864.80468750
1,34,19,1059.88361953,70.09384528,1054.07812500,71.16406250
1,2136,18,1166.13075588,568.27500528,1169.92187500,571.46093750
1,991,10,352.01593885,733.03188333,348.44531250,734.44531250
1,4942,3,138.57119572,82.35152998,138.03906250,88.49218750
1,4331,12,1208.93557341,309.95202629,1209.37500000,308.43750000
1,4030,18,650.00134806,503.07448440,650.93750000,502.74218750
1,1827,20,1209.11720571,790.06594632,1204.96093750,792.35937500
1,5118,3,939.03505618,952.97735348,945.98437500,951.57812500
1,2316,14,1208.99307858,339.88039646,1209.34375000,342.62500000
1,206,19,829.07011130,192.99008799,825.80468750,189.24218750
1,1445,7,1084.82883839,929.87577529,1086.46875000,930.79687500
1,3861,18,848.90530659,952.93735892,849.42187500,955.40625000
1,4484,12,126.92015845,128.07810043,125.58593750,132.03125000
1,367,17,1182.25166429,701.20663567,1185.57812500,703.42968750
1,2824,8,1208.96906111,459.93775169,1211.15625000,461.07812500
1,2633,12,1159.76116000,764.54860440,1163.59375000,763.69531250
1,529,16,464.20235275,219.13693686,464.82031250,214.09375000
1,677,13,912.11912008,907.93943187,909.02343750,913.78125000
1,1141,7,69.98985718,172.97422420,73.11718750,173.38281250
1,3314,5,93.41388050,110.20381149,96.00000000,111.41406250
1,2982,8,1048.95808748,432.98882169,1054.67968750,433.21875000
1,841,10,729.09870755,953.01005721,729.02343750,957.58593750
1,3701,18,388.27240375,740.51309479,384.13281250,741.25781250
1,4643,5,113.80185872,907.21876896,112.60937500,903.64843750
1,2488,14,328.95399772,828.03011375,325.17187500,829.01562500
1,4171,15,246.88071886,114.03206707,247.85156250,112.60937500
1,1302,4,1208.91045306,159.94671248,1207.50781250,163.36718750
1,4803,6,490.03003164,70.00515700,486.78906250,67.86718750
1,1999,20,352.11137839,732.93811709,342.28125000,734.41406250
1,3132,6,1172.35969532,927.81240441,1171.50781250,925.34375000
1,992,10,351.95231002,492.93292804,348.30468750,491.26562500
1,4943,6,1151.91390048,113.89142018,1149.90625000,113.94531250
1,3862,21,439.32660148,818.76593571,430.04687500,822.82031250
1,5119,3,908.87196251,952.95776978,915.65625000,952.27343750
1,207,19,949.12489561,193.00040812,946.16406250,190.63281250
1,2634,11,70.02608266,743.08442283,71.93750000,744.67968750
1,1827,21,95.00474624,792.71579272,85.93750000,791.23437500
1,2824,9,117.57435249,460.57358421,112.74218750,458.34375000
1,1623,1,70.12848020,832.95252621,76.75781250,835.29687500
1,368,16,70.01284020,682.94922304,69.49218750,679.76562500
1,1445,4,192.04803180,907.89860810,189.77343750,905.94531250
1,4031,18,650.01433607,519.08345408,650.93750000,518.93750000
1,2316,15,108.47843240,346.55697003,106.74218750,342.78125000
1,1142,10,1170.24248566,340.62834105,1172.55468750,343.07812500
1,3314,2,1179.94879093,69.96674307,1183.89062500,78.92187500
1,677,10,355.16929398,885.98531767,352.16406250,887.42187500
1,3702,21,852.09651260,908.07646485,849.13281250,912.38281250
1,2137,17,70.01006471,533.03155052,67.25781250,532.19531250
1,3518,2,724.88059562,443.92052932,728.14062500,443.96093750
1,4332,11,118.62897312,347.64410597,115.76562500,348.89843750
1,1302,1,95.29500345,333.40303239,95.70312500,336.84375000
1,35,19,1090.01303508,69.94091261,1083.58593750,71.61718750
1,2983,8,1048.90102032,552.89510171,1054.36718750,554.13281250
1,4803,3,759.34331863,298.41515326,761.49218750,294.71093750
1,4484,9,1109.44192710,318.82047752,1116.71875000,319.44531250
1,529,13,790.01465755,69.99933696,793.82812500,68.96093750
1,842,13,598.37691669,752.91134666,594.00781250,756.56250000
1,4172,18,972.31881116,130.62828225,976.74218750,130.29687500
1,4643,9,70.01920279,952.94169600,71.40625000,949.07031250
1,2489,14,229.06350709,828.02041817,226.16406250,827.37500000
1,2000,20,351.92251504,492.90286186,342.36718750,491.27343750
1,3133,5,69.94828854,893.07196481,71.03906250,889.46093750
1,3862,18,819.03112727,953.01610279,819.34375000,955.58593750
1,4943,3,133.83302216,81.14609022,133.67968750,87.48437500
1,2634,12,1159.82001537,734.78532740,1164.07031250,734.17187500
1,2825,8,1209.02404955,490.07643405,1211.09375000,491.22656250
1,1828,20,1209.06254574,819.88254969,1204.46093750,821.93750000
1,1624,1,70.06425999,802.97915697,75.92187500,805.66406250
1,368,17,1182.14741194,671.42685940,1185.68750000,673.53125000
1,208,19,1048.88975621,193.10525960,1045.14062500,192.30468750
1,1142,7,70.08660960,142.96112680,73.80468750,143.82812500
1,1446,7,1143.66525812,946.22352803,1143.98437500,945.71875000
1,5120,3,878.87725440,952.99008868,885.71875000,952.92968750
1,3314,6,1195.27453987,116.78214878,1194.30468750,117.86718750
1,4032,18,628.92352699,519.08118054,629.39843750,518.80468750
1,678,13,851.96690044,908.04697053,848.86718750,913.92187500
1,2317,14,1208.92553874,370.05671989,1209.39062500,372.70312500
1,3519,2,725.09605689,578.07614261,726.66406250,580.74218750
1,4332,12,1209.00106391,339.94140158,1209.85156250,338.31250000
1,4172,15,307.04180997,113.92025665,307.14062500,111.85937500
1,4485,12,229.01455431,192.92596389,224.92187500,193.62500000
1,4804,6,520.06013389,69.89874499,517.18750000,67.44531250
1,3702,18,444.68908112,756.18214825,441.21875000,757.64062500
1,36,19,1120.11802566,69.88940455,1112.91406250,72.28906250
1,993,10,466.93272851,377.01480019,465.16406250,373.82031250
1,2137,18,1166.08398493,538.54078725,1170.12500000,541.62500000
1,1303,4,1208.99551675,189.94947432,1207.96875000,193.02343750
1,4644,8,1160.32615478,919.53375752,1158.80468750,917.65625000
1,842,10,698.96170343,953.08335502,698.53125000,957.53125000
1,530,16,435.49891970,211.26763558,436.18750000,206.27343750
1,2984,8,1049.01897077,672.93508035,1053.28125000,674.75000000
1,2490,14,228.97041438,708.11595222,225.03906250,707.89062500
1,2001,20,466.99535745,377.09723240,458.82031250,373.82031250
1,3133,6,1172.28312623,897.97307222,1172.10937500,896.15625000
1,3863,21,468.03720464,810.90969191,459.16406250,815.10156250
1,1828,21,94.94629132,822.43488535,86.40625000,820.74218750
1,5121,3,849.03837567,953.08900337,855.72656250,953.67968750
1,843,13,626.53296498,760.81782993,622.56250000,764.86718750
1,994,10,811.06077232,377.07522508,815.28125000,375.63281250
1,2491,14,229.10174166,588.05971706,224.79687500,587.29687500
1,2635,11,69.89003885,712.94424876,71.32812500,714.77343750
1,2825,9,117.70144635,490.48275586,112.62500000,488.46093750
1,1625,1,69.95587043,773.04748674,75.25000000,776.10156250
1,369,16,70.06659563,653.10222380,69.52343750,649.94531250
1,1446,4,132.08684696,907.90998419,131.37500000,904.46875000
1,209,19,1049.10015741,312.99819014,1046.53125000,312.14843750
1,4033,17,114.28491915,106.63381163,113.78906250,106.26562500
1,3315,2,1208.86916823,69.97157794,1212.02343750,80.02343750
1,678,10,413.50134977,869.69511822,410.37500000,872.13281250
1,1143,10,1159.53146823,367.68899913,1162.33593750,369.99218750
1,2985,8,1049.00009377,793.01142631,1051.50781250,794.46093750
1,2317,15,108.40249765,376.52736997,106.09375000,372.71093750
1,4173,18,914.11521790,146.71521284,918.77343750,145.22656250
1,4804,3,731.12371453,290.73465850,732.56250000,287.09375000
1,4485,9,1036.23865852,232.10704266,1043.19531250,231.85156250
1,37,19,1149.94283621,69.98178508,1142.28125000,72.96093750
1,1303,1,84.16522222,305.80778444,85.17968750,309.53906250
1,3703,21,791.93864968,907.91521238,788.38281250,912.65625000
1,2138,17,70.04926607,503.11297046,67.36718750,502.17968750
1,4944,6,1152.09395702,173.88538178,1151.74218750,173.01562500
1,4644,5,109.68692998,936.74708077,109.26562500,932.37500000
1,530,13,820.03564642,69.95961986,823.71875000,69.41406250
1,4333,11,118.59629689,377.53287348,115.48437500,378.65625000
1,3520,2,552.97258155,578.06261938,551.00781250,578.52343750
1,2002,20,810.88701693,376.91727932,809.30468750,375.17187500
1,3134,5,70.01739937,863.07615485,70.42187500,859.99218750
1,3863,18,789.01719366,952.95162970,789.19531250,955.60156250
1,1626,1,70.08510102,742.99167572,74.71093750,746.28906250
1,369,17,1182.19193089,641.74097804,1186.05468750,643.80468750
1,2635,12,1159.72885760,704.89902637,1164.15625000,704.42968750
1,5122,3,819.01749023,952.91266267,825.46875000,954.06250000
1,843,10,669.08735968,952.96182247,668.37500000,957.33593750
1,4033,15,69.95317137,69.87255044,78.35156250,72.29687500
1,1447,7,1148.68127320,947.40889362,1149.00781250,946.76562500
1,1143,7,69.94291066,113.01507563,74.28906250,114.43750000
1,995,10,810.92655399,643.92455179,813.75781250,647.20312500
1,2826,8,1208.98489718,519.96480712,1210.97656250,521.08593750
1,2492,14,229.11233114,467.98863251,225.25781250,466.15625000
1,210,19,1048.98217905,432.96613292,1046.97656250,433.07812500
1,3315,6,1166.63291016,120.54071697,1166.44531250,121.08593750
1,679,13,792.03696463,907.90811827,788.56250000,913.58593750
1,4486,12,349.09300208,192.91315336,344.57812500,191.62500000
1,2986,8,1049.10067836,827.96013777,1051.09375000,828.96093750
1,38,19,1180.00650375,69.88316456,1171.67187500,73.30468750
1,4333,12,1208.92165957,370.08457806,1210.08593750,368.32812500
1,1304,4,1209.08061445,220.02737457,1208.36718750,222.76562500
1,4945,6,1151.95529246,234.11820342,1152.81250000,232.75781250
1,1829,20,1208.90832811,850.11848745,1203.67187500,851.84375000
1,4173,15,367.00807726,113.94827309,366.89843750,111.43750000
1,2138,18,1166.13386190,508.82785452,1170.39062500,511.84375000
1,2318,14,1209.02541250,399.91330985,1209.60156250,402.39843750
1,4805,6,550.03493766,69.90172749,547.27343750,67.16406250
1,3703,18,501.50862422,772.11573284,498.78906250,774.21093750
1,4644,9,70.04984740,923.10644797,70.81250000,919.92968750
1,531,16,406.90959823,203.28620888,407.36718750,198.28125000
1,3521,2,605.11990438,484.08967219,605.36718750,483.45312500
1,2003,20,810.90262232,644.11877117,808.25000000,647.15625000
1,3134,6,1172.33799677,868.11802562,1172.64843750,866.77343750
1,3864,21,496.61702450,802.97505420,488.10156250,807.30468750
1,4034,17,85.09023396,110.72214421,86.27343750,110.74218750
1,2987,8,928.94805909,827.99279101,932.17968750,830.53125000
1,4805,3,702.94062947,282.95584950,703.85156250,279.37500000
1,2139,17,69.92035426,472.94738361,67.25000000,471.96093750
1,370,16,70.00433628,623.09724395,69.47656250,619.91406250
1,996,10,466.90673034,644.10144221,464.20312500,645.63281250
1,5123,3,788.91394065,953.04884131,795.18750000,954.69531250
1,531,13,849.91391106,70.06337317,853.75000000,70.13281250
1,2493,14,228.99297097,347.98289256,226.17968750,345.50781250
1,1144,10,1148.64662539,394.41184079,1152.00781250,396.67187500
1,2636,11,70.12439204,682.92490202,71.17968750,684.87500000
1,1447,4,127.01601895,908.11323095,126.44531250,904.53906250
1,2826,9,117.73522304,520.14240718,112.62500000,518.33593750
1,3315,3,120.37922092,70.56996908,118.89062500,76.77343750
1,211,19,1048.88303577,552.99419210,1046.71093750,554.41406250
1,4486,9,922.05672816,200.22763283,928.42968750,198.34375000
1,4334,11,118.66690695,407.10622937,115.51562500,408.21875000
1,39,19,1208.99229193,70.04662483,1200.77343750,73.73437500
1,2004,20,467.03885794,644.08691035,458.28125000,645.50781250
1,4946,6,1151.95359809,293.93361925,1153.72656250,292.26562500
1,4174,18,856.17897115,162.78263944,860.85937500,160.34375000
1,2318,15,108.49196254,406.19036579,105.72656250,402.31250000
1,4645,8,1160.26665161,889.66031951,1159.44531250,888.53125000
1,1304,1,72.86830934,277.79768174,74.57812500,281.94531250
1,3522,2,673.93004764,484.11732080,675.54687500,484.37500000
1,3704,21,731.94505982,907.96143066,727.59375000,912.93750000
1,1829,21,94.78897882,852.58596051,86.64062500,850.62500000
1,844,13,654.96159374,768.69007154,651.30468750,773.13281250
1,679,10,471.44829941,853.76349676,468.80468750,856.99218750
1,1627,1,70.11791382,713.05968628,74.10156250,716.50781250
1,3135,5,69.94646274,833.02924120,69.88281250,830.48437500
1,3864,18,759.05913283,953.00156196,759.12500000,955.71875000
1,4034,18,1181.17840777,117.48587307,1180.77343750,122.39062500
1,2988,8,809.08042240,827.96605855,811.38281250,831.39062500
1,1144,7,70.10076636,82.99041299,74.93750000,85.13281250
1,40,19,1208.98325233,100.11610038,1201.15625000,103.32031250
1,2005,20,553.02524673,443.94565035,545.96875000,442.14843750
1,4806,6,579.96901802,70.01124503,577.50000000,67.00781250
1,1830,20,1208.88187356,880.05206947,1203.14843750,881.34375000
1,4645,9,69.91556996,893.00829876,70.14062500,890.44531250
1,4174,15,426.91313559,113.92289232,426.64843750,111.15625000
1,370,17,1182.12144915,611.88740925,1186.21875000,613.78906250
1,1628,1,70.06953060,683.06387800,73.33593750,686.65625000
1,3704,18,558.41788885,787.86463479,556.53906250,790.53125000
1,844,10,639.00141257,952.95055368,638.11718750,957.14062500
1,2827,8,1209.11544158,550.09689362,1210.86718750,551.15625000
1,680,13,731.90658795,907.89604805,727.89062500,913.28125000
1,4947,6,1152.09969869,353.95647663,1154.57812500,352.28906250
1,4334,12,1208.94769089,399.90175803,1210.51562500,398.05468750
1,1305,4,1208.95261940,250.02531405,1208.64843750,252.57031250
1,3523,2,673.92056228,538.00592208,674.80468750,539.14843750
1,212,19,1049.03046723,672.95862777,1046.08593750,675.45312500
1,3135,6,1172.25435644,838.19998440,1173.21093750,837.28906250
1,997,10,552.98719915,444.09319261,552.34375000,442.38281250
1,2494,14,229.05989010,227.90670729,228.21875000,225.75000000
1,2636,12,1160.00197469,675.15152049,1164.71093750,674.66406250
1,5124,3,759.12537136,953.03316631,765.08593750,955.17187500
1,2139,18,1166.01804001,478.87362262,1170.28906250,481.84375000
1,3316,2,1209.01732753,100.12251117,1212.56250000,109.27343750
1,532,16,378.15306653,195.38851794,378.77343750,190.43750000
1,2319,14,1209.02006667,429.94347278,1209.81250000,432.35156250
1,1448,4,126.97089433,848.08188369,125.58593750,845.50000000
1,4487,12,469.04004870,193.01240578,465.52343750,190.29687500
1,3865,21,525.34249503,795.15486453,517.34375000,799.57812500
1,4034,15,99.98843671,70.08166557,106.16406250,71.92187500
1,40,20,104.99549989,97.03419468,104.60937500,96.58593750
1,1145,10,1107.07638234,352.14001249,1111.15625000,353.78125000
1,1629,1,69.92560462,652.97098383,72.72656250,656.63281250
1,845,13,683.42717657,776.49707753,680.34375000,781.25000000
1,4948,6,1152.09892860,414.09017345,1155.09375000,412.65625000
1,1830,21,94.75847486,882.42533944,87.16406250,880.09375000
1,4335,11,118.85678713,436.86216082,115.57031250,437.98437500
1,3705,21,671.95099806,908.06984281,666.63281250,913.17187500
1,4646,8,1160.34746523,859.99500705,1159.98437500,859.44531250
1,2006,20,724.91186373,443.88232672,721.28125000,442.81250000
1,2827,9,117.93668639,550.04165206,112.72656250,548.42187500
1,371,16,70.09493008,592.91301477,69.45312500,589.64843750
1,4806,3,674.77788444,275.07683792,675.12500000,271.58593750
1,680,10,529.34093744,837.71732750,527.25781250,841.60937500
1,213,19,1049.02729489,792.91144685,1044.60937500,795.74218750
1,3524,2,605.11095574,537.99078483,604.72656250,538.25000000
1,5125,3,728.90482591,952.98863847,734.50781250,955.50781250
1,2140,17,69.88978668,443.00033579,67.39062500,441.88281250
1,532,13,879.88282110,70.03739812,883.48437500,70.75781250
1,3136,5,69.99965983,802.91979604,69.39843750,800.78125000
1,1449,4,126.99838469,788.08428509,124.71093750,786.05468750
1,2495,14,352.02495016,288.01299534,348.92968750,284.57031250
1,2637,11,69.92908682,653.00250122,70.66406250,655.10156250
1,3316,6,1162.03079852,91.35446646,1161.33593750,92.50000000
1,998,10,724.92611026,443.99071542,727.54687500,443.14843750
1,1306,4,1208.88694462,280.00744385,1209.10156250,282.44531250
1,2989,8,689.00022981,827.88313310,689.61718750,831.46875000
1,4487,9,807.16712614,168.03327218,812.00000000,164.75000000
1,2319,15,108.47747815,436.02420385,105.38281250,432.13281250
1,3865,18,728.93040177,952.89675268,728.71093750,955.64062500
1,4035,18,1151.89990433,125.50692387,1152.56250000,129.40625000
1,41,19,1209.10772468,129.93836995,1201.52343750,132.66406250
1,4335,12,1209.09461796,429.89772982,1210.88281250,428.04687500
1,999,10,724.89857750,577.98308346,727.17968750,579.69531250
1,2140,18,1165.99912980,449.13972331,1170.35156250,451.96875000
1,3525,2,629.09352854,503.01701717,629.55468750,502.99218750
1,3136,6,1172.29343915,808.23655309,1173.64062500,807.69531250
1,845,10,608.94279856,953.01501381,607.62500000,957.03906250
1,1630,1,69.91521131,623.05772781,72.32812500,626.77343750
1,1831,20,1208.98620644,909.93352186,1202.49218750,910.77343750
1,4488,12,589.08980303,193.02812301,587.25781250,189.28906250
1,1307,4,1208.89152255,310.01021428,1209.35156250,312.39843750
1,2007,20,724.92484862,578.10398373,720.75781250,579.62500000
1,1450,4,127.12965177,728.00368965,124.24218750,726.25781250
1,2828,8,1208.88455027,580.00571153,1210.47656250,581.03125000
1,371,17,1182.20238795,581.85485292,1186.38281250,583.50781250
1,681,13,671.93367012,908.03824720,667.37500000,912.92187500
1,214,19,1049.03806715,827.95117466,1044.12500000,830.68750000
1,5126,3,699.00604624,953.00236164,704.36718750,955.91406250
1,2496,14,592.01640440,287.98524514,591.16406250,284.31250000
1,4949,6,1151.93437052,473.99831841,1155.21093750,472.78125000
1,533,16,349.23166624,187.35685003,349.91406250,182.57031250
1,3316,3,120.52526650,100.51903581,118.58593750,105.85156250
1,2990,8,568.87800690,827.99376984,568.06250000,831.07812500
1,2320,14,1208.91943808,459.92114946,1209.74218750,462.29687500
1,2637,12,1159.85218707,645.47257299,1164.78906250,645.01562500
1,1145,7,127.03287030,113.98315012,129.16406250,114.21875000
1,4175,15,487.12721823,113.93155822,487.14062500,111.10937500
1,4646,9,69.92432347,863.10187484,69.49218750,860.99218750
1,3705,18,615.52816028,803.60609237,614.59375000,806.76562500
1,4807,6,610.08502554,69.97889418,607.92187500,66.81250000
1,3866,21,553.72468459,787.28463017,546.16406250,791.81250000
1,4035,15,130.04095457,70.12890365,135.25781250,71.51562500
1,41,20,105.11303857,126.73851270,103.90625000,125.67968750
1,1000,10,552.98406449,578.00110483,552.11718750,578.86718750
1,4488,9,691.27466641,135.64580506,694.31250000,131.50000000
1,215,19,928.91152112,828.03506207,925.05468750,831.98437500
1,5127,3,668.88885106,952.95616811,673.76562500,956.22656250
1,1831,17,79.02255978,950.38210744,79.35156250,947.70312500
1,3526,2,649.94765210,503.02406484,651.07031250,503.26562500
1,3137,5,69.89380251,772.97617456,68.82031250,771.20312500
1,2141,17,69.95743628,413.01846350,67.54687500,411.83593750
1,846,13,711.69392065,784.42198717,708.78906250,789.46093750
1,2828,9,117.78170417,579.72498121,112.65625000,578.35156250
1,533,13,909.98623756,70.09974792,913.50781250,71.48437500
1,681,10,586.82445654,821.62783407,585.41406250,825.92968750
1,2638,11,70.10139223,622.92531932,70.46093750,625.12500000
1,4176,18,740.59163984,194.80999262,744.06250000,191.09375000
1,4807,3,646.36020415,267.26832562,646.00000000,263.89062500
1,2008,20,553.04186009,578.11411505,545.57812500,578.82812500
1,372,16,70.08395938,563.01805867,69.60937500,559.71093750
1,4647,8,1160.54153958,830.02700369,1160.65625000,830.09375000
1,4950,6,1152.12078677,534.05153984,1155.46093750,533.18750000
1,2991,8,449.09865881,828.04962156,447.19531250,830.10937500
1,2320,15,108.36890943,465.80750424,104.93750000,461.93750000
1,1631,1,70.05544214,592.97312606,72.17187500,596.67968750
1,3706,21,612.03887429,908.04391616,605.67187500,913.06250000
1,3317,2,1209.04900766,130.04238428,1212.76562500,138.67968750
1,1451,4,127.12880195,667.96894676,123.88281250,666.31250000
1,1146,10,1051.32178164,336.65500219,1056.08593750,337.44531250
1,2497,14,831.99201784,287.99861284,835.71875000,285.76562500
1,1308,4,1208.98308687,340.06502588,1209.58593750,342.46093750
1,4336,11,118.89838156,466.81487769,116.22656250,468.00000000
1,3866,18,699.07277793,952.93682563,698.66406250,955.57812500
1,4036,18,1122.66918445,133.66338467,1124.36718750,136.65625000
1,42,19,1209.11613645,160.07197205,1201.89062500,162.36718750
1,1001,10,605.05128607,483.97414451,605.43750000,483.32031250
1,4489,12,709.09375251,193.02424322,709.38281250,188.83593750
1,3527,2,649.94488206,519.07000838,650.76562500,519.53125000
1,3706,18,672.71037440,819.50366177,672.71093750,823.03125000
1,1452,4,127.01834990,608.07909152,123.58593750,606.17187500
1,3137,6,1172.17533995,778.42744517,1173.89062500,778.10937500
1,1831,21,94.85776500,912.19825902,87.67187500,909.49218750
1,1146,7,187.10755912,113.96712530,187.78906250,113.07031250
1,2829,8,1209.08626682,609.95934223,1210.43750000,610.84375000
1,2009,20,604.93322512,483.91248178,598.75781250,483.13281250
1,216,19,809.02464159,828.00171533,804.60937500,832.62500000
1,3317,3,120.55665436,130.22035659,118.04687500,135.01562500
1,5128,3,639.06035422,952.98362951,643.66406250,956.52343750
1,4808,6,639.94762297,70.08281791,638.20312500,66.78125000
1,2638,12,1160.06437716,615.65317818,1165.06250000,615.16406250
1,1309,4,1208.92375601,370.04256750,1209.74218750,372.47656250
1,4336,12,1209.09057942,460.09408235,1211.71093750,458.22656250
1,4647,9,70.04735878,832.87936649,69.03906250,831.19531250
1,372,17,1182.18276386,552.10134586,1186.52343750,553.60937500
1,846,10,579.09596715,952.90603769,577.67187500,956.67187500
1,1632,1,70.05733062,562.97387104,71.73437500,566.66406250
1,4951,6,1151.87725586,593.92159147,1155.14843750,593.34375000
1,2992,8,329.10875084,828.04871446,327.26562500,828.43750000
1,4176,15,547.03352396,113.89995387,547.52343750,111.11718750
1,534,16,320.36225921,179.43769646,321.07031250,174.79687500
1,2321,14,1208.98022548,490.11099527,1209.77343750,492.43750000
1,2141,18,1166.07708224,419.37174431,1170.32031250,422.22656250
1,2498,14,925.99775046,288.06463094,930.25000000,286.86718750
1,3867,21,582.26528165,779.32514712,575.39062500,783.84375000
1,682,13,612.01646289,908.08285975,606.89062500,912.39843750
1,4036,15,160.11856136,70.02883385,164.35937500,70.93750000
1,42,20,105.11570139,156.73443840,103.25781250,155.10937500
1,1002,10,674.09658181,484.09665390,675.75781250,483.77343750
1,4489,9,574.53387626,103.04191624,575.59375000,98.63281250
1,2829,9,118.05280891,609.44215089,113.07031250,608.21093750
1,1310,4,1208.98992619,399.99445533,1209.84375000,402.48437500
1,3138,5,69.90965732,742.93630978,68.48437500,741.46093750
1,216,16,486.14366975,941.16446581,483.17187500,944.30468750
1,2010,20,673.98346200,483.89386788,669.17187500,483.40625000
1,1453,4,127.07187099,547.93989499,123.65625000,545.73437500
1,3707,21,552.07815973,907.91602137,544.88281250,912.73437500
1,1832,20,1208.97044206,940.03664440,1201.71093750,940.28906250
1,5129,3,608.98236241,952.96295612,613.28125000,956.75000000
1,4808,3,618.17006592,259.38707574,617.16406250,256.14843750
1,3528,2,629.09080772,519.06408968,629.48437500,519.24218750
1,4648,8,1160.62771977,800.48157069,1161.39062500,800.98437500
1,4337,11,118.78706610,496.50224003,116.10937500,497.67968750
1,4952,6,1151.98842481,654.00081058,1154.89843750,653.53125000
1,847,13,740.27844256,792.30304242,737.75000000,797.63281250
1,2321,15,108.41967777,495.80761540,104.64062500,491.96093750
1,3318,2,1208.94963457,159.99770844,1212.94531250,168.13281250
1,2639,11,70.11026573,592.91285934,70.26562500,595.06250000
1,373,16,69.96037506,532.91376898,69.54687500,529.51562500
1,1147,10,995.58103188,321.12211620,1000.53906250,321.10937500
1,4177,18,683.17014531,210.69007274,685.73437500,206.55468750
1,2499,14,925.92500797,528.04530730,930.55468750,529.43750000
1,3867,18,668.98164519,953.02266399,668.14843750,955.52343750
1,2993,8,228.96605543,828.10465008,228.55468750,826.67187500
1,2142,17,70.12692970,382.97810287,68.04687500,381.81250000
1,1633,1,69.91538598,533.02724504,71.40625000,536.71093750
1,682,10,644.05864561,805.70703319,643.53906250,810.28125000
1,534,13,939.95975640,70.06418382,943.47656250,72.17968750
1,4037,18,1093.71780628,141.68156470,1096.46093750,143.76562500
1,43,19,1208.97737800,190.02513644,1202.03906250,192.06250000
1,1003,10,673.99246733,537.92919280,675.49218750,538.53125000
1,4490,12,828.92727274,193.09331256,830.96093750,189.07031250
1,2830,8,1208.92306648,639.96645791,1209.89843750,640.72656250
1,2011,20,673.98912530,538.03273197,668.94531250,538.51562500
1,5130,3,578.91529098,953.06602978,582.72656250,957.07812500
1,1832,17,83.38455885,920.25505030,83.28125000,918.24218750
1,1311,4,1208.91581178,429.95649477,1209.79687500,432.51562500
1,3138,6,1172.17753984,748.53748722,1174.39062500,748.41406250
1,4809,6,670.02530736,70.03106800,668.63281250,66.61718750
1,217,19,689.10864213,827.95393265,683.56250000,832.77343750
1,1454,4,127.03683682,487.89781339,123.92968750,485.34375000
1,3707,18,730.10228115,835.56330192,730.74218750,839.25781250
1,847,10,548.99440367,952.92919852,547.25781250,956.45312500
1,4953,6,1151.94921409,713.93679488,1154.28125000,713.50781250
1,3318,3,120.45905774,159.94017122,117.56250000,164.21875000
1,4337,12,1208.93161551,490.02060502,1211.68750000,488.10937500
1,2639,12,1160.11565794,585.88666445,1165.22656250,585.26562500
1,4177,15,607.00381226,113.91854199,608.09375000,111.35156250
1,4648,9,70.06185183,803.09637439,68.64062500,801.75781250
1,2500,14,925.95749335,733.00911438,929.14843750,736.53906250
1,3868,21,610.75848987,771.50671947,604.36718750,776.06250000
1,373,17,1182.05145427,522.13357593,1186.39062500,523.44531250
1,1634,1,69.89916522,502.93005590,71.21875000,506.58593750
1,2142,18,1166.25548216,389.54324377,1170.46093750,392.39062500
1,2322,14,1208.94460622,520.04411643,1209.80468750,522.33593750
1,2994,8,229.05429954,708.06799552,227.40625000,707.61718750
1,1147,7,246.98155992,114.00275578,246.71093750,112.03125000
1,535,16,291.27283347,171.61477315,292.48437500,167.25781250
1,683,13,552.02426963,907.99762100,546.02343750,911.49218750
1,3529,21,70.02163382,69.99387943,72.91406250,71.81250000
1,4037,15,189.95045292,69.98945095,193.16406250,70.41406250
1,43,20,104.97282452,186.53256049,102.39062500,184.50781250
1,1004,10,604.94892712,537.91130754,605.15625000,538.22656250
1,3139,5,70.02644398,713.03407812,68.19531250,711.74218750
1,2501,14,686.02456959,732.97624717,686.53906250,736.60937500
1,535,13,970.07628652,69.87258972,973.03125000,72.77343750
1,1148,10,939.49797260,305.56920623,944.51562500,304.65625000
1,5131,3,549.05824750,953.05076286,552.52343750,957.20312500
1,4490,9,457.08024033,70.16163873,456.85937500,66.26562500
1,2012,20,604.93952695,538.04272576,598.64843750,538.22656250
1,1312,4,1208.97685122,459.97223649,1209.84375000,462.64843750
1,2830,9,117.96472335,639.22369274,113.02343750,638.15625000
1,4809,3,589.69131533,251.58102063,588.09375000,248.46093750
1,1455,4,126.90902891,428.03375092,124.32812500,425.11718750
1,1832,21,94.83784338,942.20889556,88.14843750,938.97656250
1,4338,11,118.78615970,526.18275731,116.24218750,527.44531250
1,3708,21,491.97323066,907.93355108,483.89062500,912.44531250
1,4954,6,1152.03714665,773.88433549,1153.60156250,773.18750000
1,848,13,768.71432265,800.08272297,766.56250000,805.63281250
1,2640,11,69.95261767,562.94812517,69.78906250,565.21093750
1,4649,8,1160.56818786,770.60537352,1161.89062500,771.51562500
1,3319,2,1208.99215839,190.00392731,1213.25781250,197.71875000
1,4178,18,625.97693369,226.44824468,627.42968750,222.18750000
1,3868,18,638.91824868,952.98015806,637.90625000,955.33593750
1,1635,1,70.00721141,472.94258857,71.17187500,476.57031250
1,2322,15,108.37531057,525.55479670,104.46875000,521.75000000
1,374,16,69.99394870,503.06306941,69.83593750,499.57031250
1,683,10,701.18161802,789.94870665,701.83593750,794.64843750
1,2143,17,70.13378551,353.10668418,68.36718750,351.89843750
1,2995,8,228.89571175,587.88334753,226.58593750,586.94531250
1,3530,21,100.07828817,69.95707579,95.32031250,70.21875000
1,4038,18,1064.51211355,149.62699247,1067.87500000,150.96093750
1,217,16,603.30390502,908.19990799,601.08593750,912.86718750
1,44,19,1208.97214264,220.02935975,1202.48437500,221.70312500
1,1005,10,629.09785197,503.01141071,629.78125000,502.80468750
1,3139,6,1172.27957991,718.79451678,1174.75781250,718.83593750
1,2502,14,446.07240841,732.98457988,442.14843750,735.21093750
1,4955,6,1152.00793846,833.95619065,1152.61718750,832.66406250
1,4649,9,69.92753868,772.99386526,68.17968750,771.84375000
1,4178,15,666.92148791,113.99516722,668.67968750,111.85156250
1,2640,12,1160.00297260,556.16080016,1165.04687500,555.49218750
1,2996,8,228.90861370,467.91388710,226.67187500,466.25000000
1,3319,3,120.50111574,189.72539549,117.28906250,193.55468750
1,2323,14,1209.07473046,549.98526728,1209.78906250,552.30468750
1,1636,1,69.97616180,443.03129807,71.00781250,446.64843750
1,374,17,1182.07598627,492.41436894,1186.48437500,493.47656250
1,1313,4,1208.91606832,489.93455399,1209.68750000,492.71093750
1,2143,18,1166.27343988,359.89010262,1170.35156250,362.67968750
1,1456,4,126.95293420,367.97674280,125.09375000,364.89843750
1,4338,12,1208.88483990,519.93483600,1211.75781250,518.07812500
1,3708,18,787.85675514,851.57575990,789.17187500,855.22656250
1,848,10,519.10997113,953.01266162,517.01562500,956.21875000
1,3531,21,130.12666344,70.01062876,124.69531250,69.78906250
1,218,19,569.06166871,827.97332202,561.71093750,832.53125000
1,4491,12,948.89524613,193.09914887,951.54687500,189.73437500
1,4038,15,220.07120208,70.09193495,222.68750000,70.14062500
1,5132,3,518.89725865,952.99925663,522.10937500,957.22656250
1,2831,8,1208.93109714,670.04548662,1209.60937500,670.66406250
1,2013,20,628.91430059,503.06191953,623.05468750,502.84375000
1,536,16,262.49998764,163.47862168,264.02343750,159.38281250
1,1148,7,306.99171450,113.96341747,306.02343750,111.16406250
1,4810,6,700.12468312,70.06408236,699.04687500,66.61718750
1,1832,18,1179.19436146,925.12879980,1175.67968750,925.18750000
1,684,13,492.04502458,907.98373113,485.63281250,910.50781250
1,3869,21,638.96032740,763.64448022,633.18750000,768.17187500
1,44,20,104.96201518,216.39415947,101.79687500,214.02343750
1,1006,10,649.95022094,502.96924315,651.34375000,502.81250000
1,3140,5,69.99292623,683.00238017,67.78906250,681.82812500
1,2323,15,108.49463754,555.31151288,104.39062500,551.61718750
1,4339,11,118.89380691,556.11326189,116.38281250,557.43750000
1,4956,6,1151.89772030,894.03410686,1151.41406250,891.81250000
1,1637,1,70.07096994,412.98857947,71.01562500,416.64062500
1,375,16,69.91735112,472.96425516,70.08593750,469.42968750
1,4179,18,568.89481461,242.26820312,569.24218750,237.92187500
1,3320,2,1208.91243516,220.07215878,1213.29687500,227.46093750
1,2997,8,229.08937252,348.01359871,227.70312500,345.67968750
1,1314,4,1209.00183253,520.03336299,1209.68750000,522.90625000
1,1457,4,126.88208483,308.05635007,125.99218750,304.91406250
1,849,13,797.48267230,808.02686203,795.44531250,813.75781250
1,2144,17,69.96807572,322.89921098,68.46093750,321.79687500
1,3709,21,432.07992120,908.07824919,423.32812500,912.00000000
1,2831,9,118.04540951,669.07016911,113.33593750,668.10937500
1,536,13,999.88576129,70.07949328,1002.54687500,73.75781250
1,4039,18,1035.57301393,157.67107783,1039.71875000,158.28906250
1,218,16,719.76639928,875.36106309,719.22656250,880.72656250
1,5133,3,488.94979409,953.05170763,491.95312500,957.33593750
1,4492,12,1049.08681164,192.94315086,1051.03125000,190.51562500
1,3532,21,159.94013294,69.87678092,153.86718750,69.14062500
1,4650,8,1160.65904520,740.87555810,1162.43750000,742.09375000
1,1833,20,1209.12395588,953.01287120,1201.60937500,952.98437500
1,4810,3,561.16619775,243.67779084,559.03906250,240.75000000
1,2014,20,650.00821126,503.05716565,644.47656250,502.88281250
1,2641,11,69.89296804,533.01529938,69.65625000,535.27343750
1,1149,10,883.22930338,289.87427093,888.06250000,288.21875000
1,2503,14,352.06336568,733.04860304,347.44531250,734.29687500
1,684,10,758.05838327,774.18626192,759.52343750,778.98437500
1,3869,18,609.07523645,953.06239169,607.72656250,955.28125000
1,45,19,1209.09573932,250.10568923,1202.87500000,251.57031250
1,1007,10,649.91940269,519.00034993,651.18750000,519.16406250
1,3140,6,1172.23297594,688.91587010,1174.96093750,688.96875000
1,3320,3,120.42285807,219.55855991,116.77343750,223.13281250
1,3709,18,845.62343919,867.46170692,847.22656250,870.88281250
1,4039,15,249.99694554,70.02340848,251.89843750,69.55468750
1,2832,8,1209.09916030,699.97888275,1209.44531250,700.32031250
1,4179,15,726.94884932,113.98048198,729.39062500,112.46875000
1,219,19,449.04229682,827.93743874,440.55468750,831.65625000
1,2504,14,352.08408666,493.06590308,347.55468750,491.81250000
1,1638,1,70.03490164,382.94380414,70.79687500,386.65625000
1,2998,8,228.99084293,228.05709347,229.03125000,225.72656250
1,2144,18,1166.12137573,329.91629307,1169.87500000,332.82812500
1,1315,4,1208.97253603,550.01253242,1209.50000000,553.02343750
1,1458,4,126.95557574,247.90710079,127.35156250,244.96093750
1,849,10,488.90499571,953.02345121,486.74218750,955.82812500
1,4957,9,134.60334855,945.07777564,134.17187500,943.00000000
1,4339,12,1208.94794469,550.09877731,1211.74218750,548.25000000
1,2324,14,1209.10618398,579.94686156,1209.77343750,582.21093750
1,537,16,233.22221601,155.41049416,235.26562500,151.69531250
1,4493,12,1048.92841620,313.10574915,1052.96875000,310.41406250
1,4650,9,69.94632444,743.02553772,67.71093750,742.04687500
1,3533,21,190.03498652,69.88304629,183.11718750,68.57812500
1,3870,21,667.38974410,755.90621687,662.28906250,760.34375000
1,4811,6,729.98143728,70.00797758,729.27343750,66.55468750
1,2641,12,1159.98669680,526.46652886,1165.10156250,525.71093750
1,1833,17,85.08542211,907.41107353,84.64843750,905.63281250
1,2015,20,650.00995823,519.10421397,644.46093750,519.01562500
1,1149,7,367.02511930,114.01411039,365.67968750,110.41406250
1,685,13,431.95128589,907.98973959,425.35937500,909.42968750
1,375,17,1181.99123435,462.44350739,1186.42187500,463.34375000
1,45,20,105.07861423,246.33589820,101.29687500,243.61718750
1,1008,10,629.06753013,518.97913489,630.00781250,519.07031250
1,5135,3,429.02785990,952.92005319,431.54687500,957.12500000
1,2832,9,118.28329721,698.76152485,113.82812500,697.86718750
1,4340,11,119.11259795,585.83119484,116.80468750,587.23437500
1,2324,15,108.51650653,585.09128668,104.39843750,581.42968750
1,4180,18,512.01294679,257.91090539,511.19531250,253.64843750
1,2016,20,628.91609306,519.10818728,623.03125000,518.92968750
1,4494,12,1049.00434615,432.92748712,1054.28125000,430.87500000
1,3534,21,219.89900327,69.95573522,212.65625000,68.21093750
1,537,13,1030.12196727,70.08024759,1032.27343750,74.64062500
1,4040,18,1006.61745849,165.61023496,1011.08593750,165.60156250
1,4811,3,532.80383395,235.90828709,530.10156250,233.24218750
1,1833,18,1180.89280352,912.52061891,1177.63281250,912.80468750
1,2642,11,69.93120344,503.09664184,69.64843750,505.32031250
1,2145,17,69.92393468,293.07136181,68.89843750,292.07812500
1,1459,4,127.11773220,188.12355308,129.06250000,185.91406250
1,3141,5,70.05741558,653.07477794,67.73437500,651.96875000
1,376,16,69.99870080,443.08851943,70.39062500,439.49218750
1,3321,2,1208.99383345,249.97464644,1213.53125000,257.15625000
1,4651,8,1160.88801049,711.02980934,1163.15625000,712.50000000
1,4957,6,1151.99112641,907.95803535,1151.14843750,905.49218750
1,1150,10,826.87738486,274.26961280,831.28125000,271.82812500
1,2505,14,466.94923543,376.99926448,464.03906250,374.31250000
1,685,10,814.82308230,758.43478701,817.12500000,763.21093750
1,219,16,835.41685429,842.80908703,836.15625000,848.41406250
1,2999,8,351.90819971,288.08349163,349.82031250,284.66406250
1,1639,1,69.89455838,353.01518511,70.73437500,356.83593750
1,1316,4,1209.08869250,580.05985380,1209.58593750,583.13281250
1,3870,18,578.98769918,952.95691263,577.35156250,954.92968750
1,850,13,825.89018939,815.83888857,824.00781250,821.76562500
1,3710,21,371.97777900,907.96699034,362.86718750,911.21093750
1,46,19,1209.07037471,280.04434032,1203.30468750,281.37500000
1,1009,10,1144.07199786,405.96386395,1147.78906250,408.27343750
1,2325,14,1209.03534206,609.94326020,1209.49218750,612.17187500
1,3535,21,250.07962402,69.93665562,242.60937500,67.72656250
1,3321,3,120.50316887,249.24066430,116.67187500,252.57031250
1,1460,4,127.11018608,128.07206640,130.62500000,126.83593750
1,3141,6,1172.28330196,659.14969161,1175.34375000,659.20312500
1,4651,9,70.10507692,712.93226681,67.57812500,712.09375000
1,2017,17,69.94509308,69.88459008,72.07812500,72.19531250
1,4495,12,1048.92810229,552.91857176,1054.85156250,551.90625000
1,376,17,1182.06312845,432.68692077,1186.35156250,433.40625000
1,5136,3,399.05498509,952.96742992,400.88281250,957.19531250
1,538,16,204.19781414,147.49762991,207.04687500,144.22656250
1,1834,20,1179.12754315,953.02924904,1172.44531250,953.55468750
1,4040,15,279.97086558,70.06371978,281.47656250,69.25000000
1,4812,6,759.89440510,70.02901625,759.38281250,66.64062500
1,2145,18,1166.08904793,300.31699599,1169.71093750,303.34375000
1,1640,1,69.89991376,322.98048682,71.01562500,326.92968750
1,1150,7,426.90526346,113.95204701,425.66406250,109.77343750
1,220,19,328.92700215,828.05035028,320.17187500,830.44531250
1,4340,12,1209.12427277,580.04950533,1211.93750000,578.21093750
1,4180,15,786.93196923,114.08645835,789.99218750,113.34375000
1,3000,8,591.90110723,288.00848016,592.30468750,284.19531250
1,2642,12,1160.06675528,496.78347353,1165.13281250,495.82812500
1,686,13,372.10272002,908.04730663,365.28125000,908.28906250
1,2833,8,1208.89779915,730.01436196,1208.75000000,730.09375000
1,3871,21,695.56158073,748.12905134,691.07812500,752.49218750
1,2506,14,811.08393109,377.01926225,814.81250000,375.67187500
1,1317,4,1209.07110805,609.92423332,1209.38281250,613.07812500
1,3710,18,903.72665465,883.70235926,905.18750000,886.75000000
1,4958,9,193.43444878,928.67889434,191.21875000,928.29687500
1,850,10,459.13239763,953.06654695,456.82812500,955.47656250
1,46,20,105.04790229,276.12434183,100.77343750,273.33593750
1,1009,7,70.04104310,69.93324547,75.00000000,72.41406250
1,2325,15,108.43732294,614.91135718,104.24218750,611.28125000
1,1460,1,1139.63840421,76.00616019,1136.16406250,74.52343750
1,2833,9,118.15771469,728.57684428,113.96875000,727.67187500
1,4958,6,1091.94667074,908.02451710,1092.69531250,906.70312500
1,3871,18,549.08893425,952.96195666,547.14843750,954.64843750
1,3322,2,1208.95539994,279.97282721,1213.61718750,286.95312500
1,3142,5,69.96665500,622.98562807,67.42187500,621.96875000
1,4812,3,504.35999010,228.03939695,501.24218750,225.61718750
1,4496,12,1048.92929585,672.91710600,1054.48437500,672.71875000
1,5137,3,368.95085358,952.95723703,370.39062500,957.07031250
1,538,13,1060.02611398,69.99620513,1061.43750000,75.42968750
1,2017,18,1166.19367404,78.90825968,1165.17187500,85.39062500
1,4341,11,118.92099223,615.59052226,116.92968750,617.03906250
1,3536,21,280.05269777,69.98584200,272.62500000,67.39843750
1,1641,1,70.07751803,292.94816131,71.50000000,297.06250000
1,4041,18,977.64845926,173.67016890,982.46093750,172.99218750
1,220,16,950.31912115,810.31243791,951.73437500,815.69531250
1,851,13,854.66447791,823.81296917,853.05468750,829.84375000
1,2643,11,70.06566191,472.93598803,69.63281250,475.24218750
1,3001,8,832.12050565,287.97244315,837.09375000,285.23437500
1,1151,10,770.11267051,258.39634469,773.65625000,255.18750000
1,4181,18,455.23963259,273.73257857,453.45312500,269.54687500
1,686,10,871.12757434,742.75909403,874.26562500,747.36718750
1,3711,21,312.08838780,908.01920845,302.93750000,910.38281250
1,4652,8,1160.73933958,681.29742197,1163.32812500,682.91406250
1,1318,4,1208.93395753,639.96190446,1208.96093750,643.16406250
1,2507,14,811.06940255,644.10107403,813.85156250,646.89062500
1,47,19,1208.89886354,310.10488675,1203.35156250,311.28125000
1,377,16,69.97567549,412.92862756,70.80468750,409.31250000
1,2146,17,69.98431319,263.11760354,69.42968750,262.28906250
1,1010,10,1116.67445598,398.34350284,1120.56250000,400.32031250
1,2326,14,1208.86876021,639.99820503,1209.07031250,642.13281250
1,1461,4,229.05294775,193.00845388,227.92187500,189.02343750
1,4497,12,1049.12520008,792.99095589,1053.61718750,792.74218750
1,4652,9,69.88059124,682.97897603,67.06250000,682.14062500
1,3872,21,723.73407167,740.30375514,719.86718750,744.54687500
1,5138,3,338.98062213,953.08354264,340.39062500,957.07031250
1,3142,6,1172.18010469,629.21968864,1175.39062500,629.28906250
1,539,16,175.17615735,139.48258276,178.70312500,136.68750000
1,2146,18,1166.15981167,270.58830862,1169.48437500,273.75000000
1,4959,9,251.93853316,912.47422835,248.87500000,913.42968750
1,4813,6,790.12169765,70.08491705,789.89062500,66.82031250
1,1319,4,1208.92853033,670.03564453,1208.61718750,673.25781250
1,2508,14,466.96258292,644.11387097,463.49218750,645.42187500
1,4341,12,1208.88368751,610.02829593,1211.66406250,608.17968750
1,221,19,229.03114377,828.03278655,220.92187500,829.01562500
1,3002,8,925.87869787,288.11455287,931.60937500,286.19531250
1,3322,3,120.46554527,279.00589458,116.46093750,282.15625000
1,4181,15,847.06409623,113.98528662,850.45312500,114.13281250
1,2017,15,109.02738757,112.01340059,114.21093750,111.54687500
1,47,20,104.87262629,306.02228420,100.07031250,303.06250000
1,2643,12,1160.24190438,466.85466857,1165.09375000,465.83593750
1,4041,15,310.03141537,69.98747013,311.12500000,68.86718750
1,3711,18,961.84841466,899.78106822,962.71875000,902.21875000
1,687,13,311.89574326,908.03421263,305.33593750,906.86718750
1,1835,20,1149.13091993,953.05624387,1143.01562500,954.13281250
1,2834,8,1209.12073378,759.93801222,1208.57031250,759.66406250
1,3537,21,310.11591661,69.91660088,302.67968750,66.96093750
1,377,17,1182.03146387,402.64368553,1186.27343750,403.20312500
1,1151,7,487.06472109,114.04262587,486.29687500,109.42968750
1,851,10,429.00825600,953.04901626,426.37500000,955.03125000
1,1642,4,1206.24964938,235.00008966,1206.02343750,237.64062500
1,1010,7,99.95454230,69.97384889,104.18750000,71.61718750
1,2326,15,108.26352578,644.79801973,104.07031250,641.15625000
1,3872,18,519.12130137,953.01533136,516.92187500,954.40625000
1,5139,3,309.07414720,952.89312244,310.78906250,956.65625000
1,3323,2,1209.07471839,310.07721851,1213.67968750,317.00781250
1,2834,9,118.44958270,758.25012748,114.60937500,757.28125000
1,4653,8,1161.00123244,651.66302915,1164.00781250,653.45312500
1,4498,12,1049.06404230,827.96606728,1053.21875000,827.51562500
1,1835,17,144.52428509,907.34766187,142.78906250,906.85156250
1,2509,14,552.95514857,443.91356315,550.79687500,442.50781250
1,4342,11,119.10402057,645.41262020,117.28125000,646.86718750
1,2147,17,69.87966215,233.02451686,69.71875000,232.46093750
1,4182,18,398.88010303,289.29251789,396.25781250,285.40625000
1,4959,6,1032.05373764,907.99034536,1033.59375000,907.72656250
1,539,13,1089.89010656,70.01437391,1090.63281250,76.34375000
1,1642,1,69.91564007,262.95974421,71.57812500,267.32812500
1,48,19,1209.10804148,340.02463175,1203.72656250,341.13281250
1,4813,3,475.57754855,220.04222454,472.01562500,217.96875000
1,1320,4,1209.02681046,700.02938340,1208.34375000,703.22656250
1,3003,8,925.96376420,527.90438187,931.71093750,528.83593750
1,221,16,1045.31511812,783.56171922,1046.59375000,788.53125000
1,2018,17,99.96054687,70.08654175,102.39843750,71.64062500
1,3712,21,252.02711193,908.06923795,243.14843750,909.45312500
1,687,10,927.57727648,727.11433936,931.18750000,731.55468750
1,3143,5,69.97442592,592.96659186,67.37500000,591.95312500
1,4042,18,948.88211409,181.59681686,954.00781250,180.41406250
1,3538,21,339.99772871,69.92969426,332.57812500,66.64062500
1,1462,4,348.97900095,193.11022013,347.02343750,188.14843750
1,378,16,70.10477572,382.96158014,71.40625000,379.32031250
1,852,13,883.33232529,831.89976534,881.48437500,837.94531250
1,1152,10,713.24885177,242.69777863,716.14062500,238.96093750
1,2644,11,70.03401118,442.99213387,69.15625000,445.35937500
1,1011,10,1088.99970255,390.67494476,1093.15625000,392.27343750
1,2327,14,1209.12607687,669.88600142,1209.11718750,671.95312500
1,3323,3,120.58316085,308.88588074,116.32031250,311.96093750
1,3873,21,751.92364102,732.43115164,748.69531250,736.58593750
1,4499,12,928.92256980,828.00320401,933.77343750,829.28906250
1,5140,3,279.02153282,952.88728658,281.03906250,956.41406250
1,3539,21,369.97107561,70.06472135,362.58593750,66.46875000
1,4814,6,819.91033083,70.06985912,819.78125000,66.88281250
1,688,13,251.95892873,908.02184787,246.17187500,905.34375000
1,2510,14,725.08218717,443.91944861,727.00781250,443.24218750
1,4342,12,1209.02351518,640.07928145,1211.60156250,638.18750000
1,3004,8,926.04785604,732.94197181,930.35156250,735.71875000
1,2835,8,1208.97013272,789.99730985,1207.91406250,789.29687500
1,540,16,145.88294067,131.32601043,150.39843750,129.07812500
1,1643,4,1194.92484175,263.29392314,1195.37500000,265.57031250
1,378,17,1182.15070881,372.78079176,1186.27343750,373.22656250
1,1462,1,909.93553094,72.06987381,909.30468750,68.10156250
1,3143,6,1172.17433431,599.36757729,1175.60156250,599.33593750
1,4960,9,310.46067051,896.19491477,306.98437500,898.30468750
1,2018,14,1179.59453736,103.36143112,1178.28125000,108.94531250
1,1836,20,1119.12364793,953.09392616,1113.63281250,954.64062500
1,4653,9,70.07330331,653.10124647,67.07812500,652.28125000
1,2147,18,1166.06793922,240.73752444,1168.94531250,244.21093750
1,4042,15,339.91775790,69.98830009,340.63281250,68.53125000
1,3712,18,1020.32733106,915.96098475,1020.25000000,917.46875000
1,4182,15,906.91412716,114.03010268,910.52343750,115.30468750
1,1152,7,547.06229856,113.93282933,546.75000000,108.98437500
1,1011,7,130.10825878,69.98531761,133.45312500,70.93750000
1,222,19,228.92327536,708.05218301,219.60937500,708.96875000
1,2644,12,1160.25322498,437.13822531,1164.38281250,436.04687500
1,852,10,399.01234132,952.88965855,396.67968750,954.33593750
1,48,20,105.07387570,335.80213375,99.72656250,332.69531250
1,1321,4,1208.95769682,730.01318303,1207.88281250,733.12500000
1,2327,15,108.50853558,674.50295569,104.44531250,670.83593750
1,3324,2,1209.09055864,340.06579059,1213.72656250,346.96093750
1,3873,18,489.06775276,953.11177055,486.63281250,954.06250000
1,540,13,1119.98782457,70.09857174,1119.78906250,77.41406250
1,4960,6,971.93073175,908.02409016,973.86718750,908.67187500
1,2018,18,1196.06282304,74.88886367,1195.09375000,82.19531250
1,2835,9,118.37403863,788.08702109,114.94531250,787.04687500
1,4500,15,473.42084913,930.83505808,468.87500000,933.14062500
1,3144,5,70.08058459,562.99389893,67.37500000,562.03125000
1,4814,3,447.15063244,212.21399172,443.34375000,210.49218750
1,1463,4,468.95372289,192.91003071,467.42187500,187.32031250
1,5141,3,249.05456006,953.03610965,251.33593750,956.23437500
1,4654,8,1160.88876758,621.86178139,1164.27343750,623.72656250
1,379,16,70.12464150,352.91540728,71.85156250,349.38281250
1,3540,21,400.07133300,70.09982818,392.68750000,66.26562500
1,1643,1,69.98313745,233.05757229,71.92968750,237.74218750
1,3713,21,191.93316451,908.11173156,183.67968750,908.43750000
1,4343,11,119.14055013,675.07068014,117.67968750,676.48437500
1,2511,14,725.08008217,578.11170078,726.64843750,579.67968750
1,2148,17,69.89731137,203.01923374,70.28906250,202.78906250
1,3005,8,686.11423570,733.01211143,687.09375000,736.34375000
1,1322,4,1208.97190200,759.98893776,1207.25781250,763.00000000
1,688,10,983.56267882,711.59759592,987.29687500,715.92968750
1,1836,17,174.26453789,907.30016116,171.91406250,907.38281250
1,2645,11,70.10046315,413.01018410,69.23437500,415.39062500
1,49,19,1208.90039506,370.11084775,1203.75781250,371.25000000
1,4183,18,342.61331335,304.94740646,339.41406250,301.34375000
1,853,13,912.19262298,839.67712457,910.48437500,845.76562500
1,222,16,1088.03005091,899.65489380,1086.18750000,903.40625000
1,4043,18,920.07444117,189.64075814,925.18750000,187.98437500
1,1153,10,656.19511182,226.81667973,658.39062500,222.60937500
1,1012,10,1061.54204517,382.98029094,1066.25781250,384.19531250
1,2328,14,1209.02118865,700.10613307,1208.61718750,702.05468750
1,3324,3,120.59894064,338.64154860,116.27343750,341.67187500
1,541,16,116.54637695,123.30893513,122.14843750,121.67187500
1,1644,4,1183.73976525,291.46736483,1184.78906250,293.48437500
1,49,20,104.86287222,365.72152947,99.21875000,362.62500000
1,1012,7,160.00710191,70.08454679,162.32031250,70.50781250
1,4961,9,368.62549118,880.15028275,365.04687500,883.16406250
1,4500,12,809.00223585,828.03023625,813.02343750,830.55468750
1,5142,3,218.86238183,952.90689871,221.88281250,955.75781250
1,2836,8,1208.96869147,819.97093275,1207.34375000,818.68750000
1,1153,7,607.09118238,113.95150613,607.35156250,108.87500000
1,3144,6,1172.26581986,569.56684573,1175.72656250,569.45312500
1,4654,9,69.88541705,623.07428746,66.75000000,622.22656250
1,1463,1,792.36093553,105.09670004,791.95312500,100.32812500
1,2018,15,79.25996313,107.87872466,84.46093750,107.85156250
1,3874,21,780.16597991,724.70769039,777.53125000,728.71875000
1,379,17,1182.16162148,342.83680403,1186.03125000,343.25781250
1,3541,21,430.06130554,70.00397062,422.79687500,65.97656250
1,4343,12,1209.01480815,669.95688549,1211.46875000,667.93750000
1,3713,18,1079.02899541,932.21030829,1077.49218750,932.57812500
1,2512,14,552.95666826,578.11405678,550.53906250,578.91406250
1,1323,7,73.67628881,769.39485995,75.49218750,768.94531250
1,2645,12,1160.36120363,407.37779216,1164.17968750,406.15625000
1,689,13,191.94402072,907.92333797,187.24218750,903.62500000
1,4043,15,369.91917764,69.88344564,370.53125000,68.22656250
1,4183,15,966.90521020,113.95491468,970.39843750,116.46875000
1,2148,18,1166.09659961,210.96688356,1168.63281250,214.71875000
1,853,10,368.93905816,953.09217808,366.41406250,954.07812500
1,1837,20,1089.08650404,952.88792727,1084.04687500,954.91406250
1,4815,6,850.04595265,70.08073078,850.20312500,67.10937500
1,223,19,228.92570165,587.93204996,219.00781250,587.82031250
1,3006,8,445.91645188,733.11826326,443.34375000,735.08593750
1,2328,15,108.39562930,704.55850688,104.44531250,700.83593750
1,3325,2,1209.01048218,369.95019098,1213.62500000,376.77343750
1,541,13,1150.04979559,70.03275012,1148.75781250,78.42968750
1,1644,1,69.96331683,202.93423185,72.23437500,208.02343750
1,380,16,70.02274716,323.01795873,72.37500000,319.54687500
1,1464,4,588.93255811,192.96306584,588.84375000,187.44531250
1,3145,5,70.02056211,533.05116230,67.25781250,532.08593750
1,1154,10,599.05688512,210.78769573,600.20312500,206.20312500
1,4961,6,912.00295283,907.92537285,914.07812500,909.33593750
1,3874,18,458.95194086,953.04311753,456.32031250,953.54687500
1,4501,15,590.65521645,898.13746334,587.33593750,901.89843750
1,2836,9,118.44512523,817.82631561,115.35156250,816.54687500
1,5143,3,188.99372532,952.90643719,192.39843750,955.41406250
1,2646,11,70.00373151,382.97113194,69.35156250,385.49218750
1,2019,17,129.95345378,70.02372464,131.48437500,70.89843750
1,4184,18,286.28936464,320.48116479,282.58593750,317.22656250
1,3542,21,459.93626397,70.00396001,452.82031250,65.82031250
1,4044,18,891.19613595,197.56997823,896.23437500,195.48437500
1,4344,11,119.29415679,704.82345122,118.21093750,706.23437500
1,1013,10,1033.76997191,375.41336569,1038.54687500,376.18750000
1,4655,8,1161.18535426,592.12860718,1164.79687500,593.96093750
1,2513,14,605.09361067,483.90512133,603.75781250,483.43750000
1,689,10,1039.44052101,696.19687371,1043.02343750,700.32812500
1,50,19,1209.06977322,400.09656691,1204.08593750,401.20312500
1,224,19,228.96727811,468.06961616,219.25781250,466.50000000
1,1323,4,1209.05559525,789.99173197,1206.58593750,792.81250000
1,3714,21,131.95197726,907.89369099,124.81250000,907.02343750
1,2149,17,70.03861655,173.08466138,71.12500000,173.23437500
1,1837,17,204.01234597,907.49313664,201.29687500,908.16406250
1,4815,3,418.35119437,204.25705570,414.16406250,202.92968750
1,854,13,940.95924530,847.78790406,939.01562500,853.83593750
1,3007,8,351.90865654,732.97849698,349.09375000,733.89843750
1,2329,14,1209.06635001,729.95152560,1208.25781250,731.70312500
1,3325,3,120.52033601,368.28775899,116.18750000,371.30468750
1,542,16,87.17387340,115.18573280,93.83593750,114.25781250
1,1645,4,1172.74317650,319.08023681,1174.26562500,320.89062500
1,2837,8,1209.12844205,850.12030131,1206.94531250,848.34375000
1,3145,6,1172.19308948,539.79634530,1175.64843750,539.60156250
1,380,17,1182.05181163,313.04278806,1185.71875000,313.35937500
1,1154,7,667.03348129,114.09273208,668.36718750,109.04687500
1,4962,9,426.50464334,863.89537422,423.32031250,867.61718750
1,4501,12,689.04930194,828.05434443,691.40625000,831.25000000
1,1464,1,675.47257312,137.66530661,674.25781250,132.86718750
1,2514,14,673.90400336,483.90693519,674.19531250,483.72656250
1,1013,7,190.11680455,69.96503687,191.81250000,69.79687500
1,5144,3,158.91439439,953.11624528,163.01562500,955.18750000
1,50,20,105.02473342,395.55615702,98.96875000,392.49218750
1,1324,7,85.10338339,741.35106715,86.17187500,741.26562500
1,225,19,229.00452140,348.06606520,219.79687500,345.33593750
1,3543,21,489.98351872,69.92838711,483.19531250,65.57812500
1,690,13,131.97011104,907.90889586,128.69531250,901.85937500
1,4655,9,70.11310459,593.10146401,66.78906250,592.11718750
1,2019,14,1149.69853168,103.40586755,1149.10156250,108.34375000
1,4184,15,1027.11298742,114.01611204,1030.29687500,117.96875000
1,2149,18,1166.24712359,181.25575944,1168.32812500,185.42187500
1,2646,12,1160.30858265,377.56224057,1163.90625000,376.36718750
1,3875,21,808.21380577,716.96294669,806.04687500,720.84375000
1,3008,8,351.87972923,493.05328615,348.61718750,491.89843750
1,4044,15,400.01784082,69.91243413,400.56250000,68.06250000
1,4816,6,880.02104515,69.96902672,880.28125000,67.22656250
1,4344,12,1209.12485763,699.93422692,1211.35156250,697.82812500
1,854,10,338.93614185,952.93635257,336.64843750,953.38281250
1,3714,18,1137.77348594,948.73960126,1134.14062500,947.71875000
1,1838,20,1059.03623752,952.94730047,1054.37500000,955.42187500
1,2329,15,108.43106833,734.23587098,104.60156250,730.41406250
1,3326,2,1209.08762125,399.99583478,1213.51562500,406.92187500
1,542,13,1180.10722137,70.06218130,1177.69531250,79.53125000
1,1645,1,69.97654691,173.03327133,72.58593750,178.57812500
1,1465,4,709.02805030,192.95757010,710.91406250,188.09375000
1,1014,10,1006.18966361,367.83732549,1011.31250000,368.23437500
1,5145,3,129.09735914,952.97461002,134.21875000,954.55468750
1,4962,6,852.11224982,908.11014310,853.91406250,910.14843750
1,2515,14,673.90356221,538.04128407,674.31250000,538.67968750
1,381,16,70.07406817,293.01870733,73.10156250,289.74218750
1,4502,15,707.12011829,865.65845590,705.74218750,870.17187500
1,3146,5,70.05848476,502.88694872,67.45312500,501.84375000
1,1155,10,541.67078373,194.83710604,542.24218750,190.07812500
1,2150,17,70.02354557,142.96232610,71.68750000,143.57031250
1,1324,4,1208.90691450,819.94442909,1205.75781250,822.51562500
1,51,19,1209.08237528,430.02250349,1204.11718750,431.14062500
1,2837,9,118.67530411,847.72180374,116.07812500,846.17968750
1,2647,11,70.00895517,353.10014948,69.45312500,355.78906250
1,3009,8,467.02475837,376.96094373,465.27343750,374.39062500
1,4816,3,389.63308047,196.44527998,385.29687500,195.54687500
1,4345,11,119.29689693,734.68631179,118.57031250,735.92968750
1,3875,18,428.96696117,953.05007287,426.29687500,953.14843750
1,3544,21,519.94168183,69.96092385,513.35937500,65.54687500
1,4656,8,1161.11007830,562.19610337,1165.03125000,564.08593750
1,226,19,228.94522960,227.99497291,221.32812500,224.82031250
1,3715,21,126.87541032,908.01977568,119.89062500,907.02343750
1,4045,18,862.47383000,205.36750202,867.49218750,202.85937500
1,1838,17,233.80987309,907.42421568,230.76562500,908.64843750
1,2020,17,159.95393653,69.95013566,160.77343750,70.17968750
1,4185,18,230.56053390,335.98590788,226.92187500,332.96093750
1,855,13,969.67893454,855.77784477,967.39062500,861.78125000
1,690,10,1095.04452893,680.78775327,1098.19531250,684.71093750
1,2330,14,1209.00265558,759.91661361,1207.84375000,761.42187500
1,3326,3,120.59642912,398.09959974,116.16406250,401.23437500
1,542,17,1199.10832547,103.48400073,1198.94531250,105.92968750
1,1014,7,219.99170459,69.90896002,220.89843750,69.19531250
1,3146,6,1172.21705455,509.81038399,1175.71093750,509.44531250
1,1465,1,559.22287619,170.11712022,556.62500000,166.22656250
1,1155,7,726.98858514,114.08851025,728.99218750,109.22656250
1,1646,4,1161.86441780,346.47360192,1164.03125000,348.22656250
1,4502,12,568.97746070,828.07469939,569.32031250,831.32812500
1,2150,18,1166.24357010,151.37670445,1167.79687500,156.06250000
1,2838,8,1208.87901670,879.96184187,1206.08593750,877.46875000
1,4963,9,484.51936297,847.86123231,482.08593750,852.14843750
1,2516,14,605.09380443,538.04079928,604.23437500,538.42187500
1,5146,3,99.04346576,953.05074358,104.95312500,954.22656250
1,51,20,105.03156295,425.32113762,98.56250000,422.27343750
1,4817,6,909.87358273,69.94969741,910.12500000,67.43750000
1,2647,12,1160.35612558,347.90653627,1163.57812500,346.71093750
1,4656,9,69.96266596,562.94003243,66.62500000,561.90625000
1,4345,12,1209.08151938,730.01056968,1210.85156250,727.75000000
1,3715,18,1142.77652016,949.99842251,1138.89062500,948.84375000
1,3010,8,810.91781704,376.93319669,815.53125000,375.31250000
1,1325,7,96.11621987,713.53759583,96.22656250,713.68750000
1,1839,20,1028.94178639,953.01761243,1024.60937500,955.85937500
1,2020,14,1119.79592579,103.46097674,1119.77343750,107.70312500
1,4185,15,1086.93130917,113.94183078,1089.15625000,119.46093750
1,3876,21,836.10657676,709.38635923,834.57812500,713.12500000
1,381,17,1182.09393596,283.13256223,1185.53125000,283.49218750
1,691,13,127.08923902,907.96489114,123.79687500,901.76562500
1,3545,21,550.10153125,69.93364838,543.89062500,65.48437500
1,227,19,351.92409797,287.92276980,342.78125000,284.03906250
1,4045,15,429.98467416,70.03013958,430.38281250,68.01562500
1,855,10,309.05150690,952.88816288,307.01562500,952.68750000
1,2330,15,108.35891862,764.04314422,104.91406250,760.05468750
1,3327,2,1209.06831279,429.97124489,1213.35937500,436.94531250
1,543,13,1209.06340182,70.09283709,1205.46875000,80.55468750
1,3147,5,69.92932767,472.95373693,67.39843750,471.89843750
1,4963,6,791.93712261,908.04185408,793.25781250,910.42968750
1,1015,10,978.55095398,360.07614849,983.75781250,360.12500000
1,5147,2,1158.54213275,952.30716287,1154.26562500,958.15625000
1,1466,4,829.09434458,193.01626526,832.00781250,189.30468750
1,4503,15,822.69692416,833.44470898,823.19531250,838.03125000
1,2838,9,118.50195553,877.35701320,116.33593750,875.46875000
1,2151,17,69.86856368,112.88199726,72.27343750,114.15625000
1,52,19,1208.93860182,459.90752229,1204.03906250,461.14062500
1,1156,10,483.90614523,178.98419483,484.25000000,174.32031250
1,1646,1,69.96027924,143.01184070,72.79687500,149.20312500
1,2021,17,189.98833848,70.11979963,190.11718750,69.68750000
1,3011,8,810.87849440,643.88385982,814.85937500,646.39843750
1,1839,17,263.65722972,907.34447189,260.30468750,909.09375000
1,4817,3,361.00509341,188.56597710,356.65625000,188.23437500
1,4186,18,174.82381664,351.44893856,171.49218750,348.68750000
1,2517,14,629.07156828,503.06239315,627.92187500,503.01562500
1,4346,11,119.16522324,764.43225455,119.00781250,765.49218750
1,4657,8,1161.18977663,532.53488486,1165.32812500,534.41406250
1,2648,11,70.10725075,322.89780338,69.67968750,325.77343750
1,3716,21,127.09943838,848.02464293,119.14843750,847.69531250
1,3876,18,399.13377763,952.93023689,396.31250000,952.49218750
1,3546,21,579.95899566,69.97663981,574.15625000,65.50000000
1,228,19,592.01580715,287.90474503,585.71093750,283.59375000
1,1325,4,1209.06575686,849.94072414,1205.50000000,852.10937500
1,382,16,70.01577737,262.89091010,73.63281250,259.89843750
1,856,13,998.62319459,863.67548366,996.06250000,869.54687500
1,691,10,1099.54068879,679.48466112,1102.75000000,683.38281250
1,2331,14,1209.10000082,790.02418436,1207.45312500,791.22656250
1,3327,3,120.57761737,427.83629761,116.20312500,431.06250000
1,543,17,1170.91610900,99.39824951,1171.71093750,101.28125000
1,4503,12,448.92246909,828.07820522,447.58593750,830.92968750
1,1840,20,999.05437554,953.10042849,994.86718750,956.35937500
1,3547,21,610.04886988,69.97806405,604.73437500,65.72656250
1,3877,21,864.06332386,701.59176350,863.07812500,705.13281250
1,3717,21,127.12971825,788.08667211,118.25781250,788.07812500
1,1466,1,443.71425317,202.29520079,440.43750000,199.71093750
1,5147,3,70.07498566,952.91547004,77.21093750,953.53125000
1,1647,4,1151.09221216,373.51729136,1153.64843750,375.22656250
1,2648,12,1160.49581588,317.91243293,1163.21093750,316.71093750
1,2839,8,1209.05452647,910.01080671,1205.63281250,906.79687500
1,2151,18,1166.10210560,121.56007844,1167.20312500,126.82031250
1,52,20,104.88377708,455.03978261,98.25781250,452.14843750
1,2021,14,1089.89042605,103.27483150,1090.47656250,106.87500000
1,4818,6,939.87449336,69.98538620,940.14062500,67.76562500
1,3147,6,1172.07604044,480.05903721,1175.47656250,479.50781250
1,3012,8,467.01705726,643.95581195,464.48437500,645.31250000
1,4046,15,460.10747575,70.06204496,460.51562500,67.96875000
1,4186,15,1146.94300101,113.91123795,1147.84375000,121.17187500
1,4346,12,1208.90188454,759.95425307,1210.39843750,757.40625000
1,4657,9,69.97027153,533.04854121,66.71093750,531.90625000
1,2518,14,649.92573079,503.06280025,649.84375000,503.14062500
1,4964,9,542.03718249,831.92003229,540.58593750,836.51562500
1,1326,7,107.24504082,686.12618074,106.74218750,686.39843750
1,229,19,831.92600396,288.04285789,829.36718750,284.85156250
1,1156,7,787.08370166,113.88496216,789.46093750,109.32812500
1,692,13,126.97341320,848.06119066,123.37500000,842.85937500
1,382,17,1182.02729456,253.09663947,1185.07812500,253.57812500
1,856,10,279.00956803,952.99364988,277.22656250,952.21875000
1,1015,7,249.93991153,70.02469596,250.31250000,68.72656250
1,2331,15,108.44583658,793.98193012,105.21875000,789.72656250
1,3328,2,1208.95268325,459.90018028,1212.94531250,466.96875000
1,543,14,109.19242527,73.44836181,115.41406250,75.93750000
1,4504,15,937.24409248,801.56196458,939.11718750,805.82812500
1,2151,15,115.44859464,70.16151229,120.37500000,70.64843750
1,230,19,926.00832813,288.10628267,923.74218750,285.79687500
1,857,13,1027.52891563,871.67555370,1024.44531250,877.35937500
1,2519,14,649.92567226,519.10953473,649.92968750,519.23437500
1,3718,21,127.00149827,728.07364896,117.49218750,728.19531250
1,1326,4,1208.95794969,879.95224710,1204.67187500,881.70312500
1,1840,17,293.30516197,907.25244450,289.82812500,909.53906250
1,1467,4,948.96475481,193.07997531,952.57031250,191.17968750
1,1016,10,950.80754504,352.47538739,955.76562500,352.12500000
1,3548,21,639.86741091,70.06146775,634.89062500,65.95312500
1,1647,1,69.97561488,113.00003040,73.25000000,119.82031250
1,383,16,70.08301132,233.12310779,74.49218750,230.39843750
1,4818,3,332.19850295,180.58224559,327.78125000,180.75000000
1,1157,10,426.15869670,162.87481844,426.17968750,158.45312500
1,3148,5,69.89846876,443.00007386,67.46093750,441.96875000
1,4964,6,732.07123169,908.01758512,732.64843750,910.67968750
1,4047,18,805.25191594,221.23668974,809.75781250,218.09375000
1,692,10,1120.81483564,734.17434847,1122.68750000,738.00000000
1,53,19,1208.90408868,489.99428552,1203.93750000,491.29687500
1,4187,18,170.04858488,352.67110538,166.85937500,349.94531250
1,4347,11,119.41306928,794.32553244,119.67187500,795.13281250
1,4658,8,1161.16108334,502.64207722,1165.35156250,504.41406250
1,5148,2,1158.36886775,922.69379287,1154.82031250,929.15625000
1,2839,9,118.74739819,907.14759596,117.14062500,904.75781250
1,2649,11,70.06165920,293.07064877,70.03125000,296.25000000
1,3877,18,369.11452131,953.01300450,366.20312500,952.02343750
1,3013,8,553.00614244,443.93613471,552.21093750,442.63281250
1,2022,17,220.03918972,70.02442824,219.51562500,69.03906250
1,2332,14,1209.08141436,820.04708920,1206.82812500,820.85156250
1,3328,3,120.46402890,457.52417511,116.10937500,460.82031250
1,544,13,1208.93065305,99.97388005,1205.73437500,109.55468750
1,4504,12,329.05358731,828.03936308,326.93750000,829.89062500
1,2520,14,629.07155461,519.10924703,628.39062500,519.15625000
1,1157,7,847.01488938,113.93829796,850.00000000,109.81250000
1,383,17,1182.08528364,223.40368971,1184.78906250,224.02343750
1,693,13,126.98516450,787.93684451,123.21875000,783.25000000
1,53,20,104.84399161,484.96003354,97.98437500,482.17187500
1,3549,21,669.98555130,69.90789595,665.46875000,65.93750000
1,4047,15,489.90960085,69.93020119,490.52343750,67.79687500
1,3719,21,127.00255309,668.07549402,117.07812500,668.00781250
1,4347,12,1209.10739691,790.07506086,1210.19531250,787.19531250
1,4187,15,1152.05515312,114.01135943,1152.60156250,121.36718750
1,4965,9,599.68231030,816.02614916,599.28125000,820.75781250
1,2839,6,1161.82485771,949.45523684,1160.54687500,946.65625000
1,4819,6,970.03693618,70.07774994,970.13281250,68.25781250
1,5148,3,69.89753875,923.10583754,76.08593750,924.51562500
1,1467,1,329.11276535,234.21524813,325.37500000,233.42187500
1,3878,21,892.13376245,693.95702926,891.55468750,697.28906250
1,4658,9,69.86722765,502.92460946,66.56250000,501.57812500
1,2152,17,70.13744835,83.09085420,73.16406250,84.98437500
1,1327,7,117.98983535,659.05189042,116.88281250,659.40625000
1,3148,6,1172.03215504,450.29149029,1175.31250000,449.72656250
1,2649,12,1160.49326670,288.29517121,1162.85937500,287.24218750
1,1648,4,1140.40158913,400.24100741,1143.05468750,402.01562500
1,3014,8,724.89258070,444.00779483,727.34375000,443.25781250
1,857,10,249.03290834,952.98655858,247.70312500,951.50000000
1,1841,20,969.08467821,952.93975871,965.05468750,956.51562500
1,2022,14,1059.93829276,103.35151314,1061.18750000,106.28125000
1,1016,7,279.88357863,69.94794136,280.02343750,68.12500000
1,231,19,925.92929935,527.93682639,924.39843750,528.79687500
1,2332,15,108.41823206,823.84919395,105.47656250,819.29687500
1,3329,2,1209.00427844,490.03781430,1212.70312500,497.26562500
1,544,14,109.08555877,103.12022860,114.41406250,104.71093750
1,4505,15,1032.31983257,775.12598935,1034.67187500,778.94531250
1,54,19,1208.97502291,520.06894540,1203.87500000,521.43750000
1,384,16,70.04506477,202.94406067,75.17968750,200.66406250
1,4188,18,148.87819426,297.91595643,146.59375000,295.61718750
1,4819,3,303.19915864,172.48837916,299.00000000,173.25000000
1,4965,6,671.89662036,907.91183167,671.80468750,910.74218750
1,5149,2,1158.56596897,892.80245074,1155.85156250,899.75781250
1,4048,18,776.45760338,229.10773765,780.64062500,225.67187500
1,2840,8,1209.09768626,940.02918613,1205.20312500,935.95312500
1,693,10,1142.58964016,790.49690636,1142.92968750,794.07812500
1,3720,21,126.88895039,607.96755377,116.71093750,607.59375000
1,2152,18,1166.37830749,91.97880949,1166.83593750,97.93750000
1,4348,11,119.26183668,824.12974127,120.04687500,824.59375000
1,1158,10,368.03267628,146.70087029,368.14062500,142.68750000
1,2650,11,70.12065729,263.12099777,70.25781250,266.61718750
1,3550,21,700.07121841,70.09699450,695.82812500,66.34375000
1,3878,18,338.98119340,952.90217439,336.19531250,951.32031250
1,4659,8,1161.28492134,472.98297969,1165.60937500,474.72656250
1,1468,4,1048.91868197,192.91662805,1051.81250000,192.68750000
1,3015,8,725.11963349,577.92707134,727.30468750,579.42968750
1,3149,5,69.96613799,413.01157360,67.85156250,411.94531250
1,2521,11,70.07059919,69.90072571,74.36718750,77.41406250
1,1327,4,1209.09083095,909.89747138,1204.13281250,911.09375000
1,858,13,1056.41443468,879.78614314,1052.67968750,885.22656250
1,2023,17,249.86966245,69.91675966,249.04687500,68.39062500
1,1648,1,70.03607504,82.96784198,74.02343750,90.51562500
1,1841,17,323.01934565,907.40076223,319.44531250,910.17187500
1,1017,10,922.98405368,344.69522834,928.15625000,343.94531250
1,232,19,925.93290355,733.03216123,923.19531250,736.57031250
1,2333,14,1208.93474530,849.99286622,1206.32812500,850.36718750
1,3329,3,120.51498175,487.42100784,116.32812500,490.85156250
1,545,13,1208.96530826,130.11314341,1206.32031250,138.93750000
1,4505,12,228.88597859,827.98071282,227.33593750,828.59375000
1,54,20,104.90847017,514.86604560,97.81250000,512.18750000
1,2650,12,1160.59392234,258.54518288,1162.38281250,257.67187500
1,2152,15,110.77458077,99.21033642,115.05468750,99.03125000
1,4659,9,69.91966082,473.03665755,66.77343750,471.64843750
1,4188,15,1152.04182887,173.95162381,1153.78906250,179.83593750
1,3879,21,920.06090497,686.14011846,919.82031250,689.35937500
1,2521,8,1200.44120088,102.30778229,1198.18750000,106.36718750
1,1158,7,907.11991340,113.95161987,910.47656250,110.46875000
1,1468,1,234.17146051,260.88337246,231.25000000,261.82812500
1,3721,21,126.94765676,548.07875806,116.68750000,547.33593750
1,1328,7,128.92090485,632.15961150,127.27343750,632.49218750
1,3149,6,1172.08559369,420.49061768,1175.27343750,419.75781250
1,858,10,219.10396874,952.86415630,218.32812500,950.64843750
1,3551,21,729.99732158,69.99734564,726.09375000,66.49218750
1,5149,3,70.09637636,892.96537696,75.31250000,895.10937500
1,4966,9,656.83433474,800.07266471,657.72656250,804.81250000
1,1017,7,309.91734861,70.03083422,309.50781250,67.80468750
1,4048,15,520.11401158,69.99442089,520.78125000,67.84375000
1,2840,9,118.86247558,936.92222267,117.85937500,934.01562500
1,384,17,1182.03880369,193.30444014,1184.21875000,194.14843750
1,2333,15,108.26407194,853.65708466,105.81250000,848.65625000
1,233,19,685.95203055,733.03953728,680.59375000,737.10937500
1,694,13,126.87789297,727.99861919,122.96093750,723.52343750
1,4348,12,1208.90783207,820.06632690,1209.47656250,816.68750000
1,4820,6,1000.09304310,70.01989645,999.96093750,68.58593750
1,3016,8,552.99692743,577.92731904,552.10156250,578.82031250
1,2023,14,1030.20726805,103.44051128,1031.80468750,105.66406250
1,1649,4,1098.70160789,357.98965058,1102.04687500,359.07812500
1,1842,20,939.04709905,953.04461476,935.17187500,956.89062500
1,3330,2,1208.96197332,519.91898589,1212.38281250,527.22656250
1,545,14,109.14419407,133.07154815,113.75000000,133.88281250
1,4506,15,1073.99220444,890.97626026,1073.76562500,893.28906250
1,2651,11,70.01441522,233.02858652,70.53906250,236.89843750
1,3722,21,126.91366574,488.03878771,116.82031250,486.83593750
1,234,19,446.06109693,732.96002545,437.21875000,735.99218750
1,55,19,1208.88830959,549.90443148,1203.75781250,551.36718750
1,694,10,1164.97114646,848.06134404,1163.52343750,850.96093750
1,1649,1,127.12615840,114.04453551,128.18750000,119.03906250
1,4189,18,127.22606099,241.64056440,126.25000000,239.99218750
1,2153,17,127.00778542,114.01681661,127.48437500,113.86718750
1,2521,9,108.28386257,104.53787437,107.38281250,103.04687500
1,4660,8,1161.56342603,443.06584725,1165.81250000,444.75000000
1,1842,17,352.82885668,907.28690900,349.28125000,910.47656250
1,3879,18,308.87380994,953.01598109,306.24218750,950.75000000
1,1159,10,309.89205057,130.53346712,310.60156250,127.22656250
1,1469,4,1048.96795944,312.98621865,1052.59375000,312.85937500
1,2334,14,1208.92764089,879.88005005,1205.64062500,879.74218750
1,1018,10,895.04827507,336.91160682,899.96875000,335.73437500
1,4966,6,611.99031710,907.99957258,611.08593750,910.74218750
1,1328,4,1208.97114868,940.08534114,1203.31250000,940.67187500
1,3150,5,69.86753939,382.96261920,67.98437500,381.92968750
1,2840,6,1166.16363337,920.15888151,1165.33593750,917.89062500
1,2024,17,280.02887015,70.05339634,278.83593750,68.03125000
1,4049,18,748.01924435,237.03013612,751.73437500,233.41406250
1,4349,11,119.51189111,853.86540718,120.89843750,853.96093750
1,385,16,69.86384627,173.07198641,75.86718750,171.32812500
1,4820,3,274.22627092,164.55257388,270.18750000,165.94531250
1,3552,21,759.96355810,70.02640974,756.42968750,66.77343750
1,3017,8,604.89618595,483.95092467,604.93750000,483.57031250
1,859,13,1085.56389699,887.79238554,1081.28125000,892.99218750
1,5150,2,1158.37261411,863.12123238,1156.39062500,870.42187500
1,3330,3,120.47353866,517.06119711,116.50000000,520.64843750
1,546,13,1209.12306320,160.02738601,1206.88281250,168.18750000
1,4506,12,229.05723283,708.02742226,225.60937500,709.43750000
1,2651,12,1160.53200926,228.66303416,1161.79687500,228.03906250
1,234,16,867.72235118,935.22580691,867.21093750,940.36718750
1,3723,21,127.05119465,427.93803574,117.32812500,426.32031250
1,1650,4,1043.24705240,342.71885060,1047.08593750,342.92968750
1,3880,21,947.63866201,678.51128945,947.64062500,681.48437500
1,2154,17,187.06316588,114.12105872,186.26562500,112.82812500
1,2522,11,100.08468958,70.10035849,101.84375000,76.87500000
1,1469,1,192.10714285,145.14724875,191.10937500,147.99218750
1,1159,7,967.02875477,113.95452611,970.25000000,111.25781250
1,1843,20,908.90642189,952.90629359,904.59375000,957.02343750
1,4189,15,1151.92771475,234.00828961,1154.50781250,238.88281250
1,2024,14,1000.17460989,103.28705245,1002.21093750,104.83593750
1,2841,8,1209.01007399,952.96711777,1204.70312500,948.42187500
1,4660,9,70.12850135,442.89363904,67.07812500,441.35156250
1,2334,15,108.24783859,883.39594376,106.17968750,877.87500000
1,1329,7,133.49585801,620.76104146,131.59375000,621.06250000
1,55,20,104.81711985,544.53200581,97.71875000,541.96875000
1,4967,9,713.89876949,784.25242480,716.08593750,788.92968750
1,695,13,127.09155606,668.01620163,123.15625000,663.57031250
1,4821,6,1030.08730715,70.04390083,1029.61718750,69.04687500
1,3553,21,790.01052149,70.03661310,786.81250000,67.14062500
1,1018,7,340.01081004,70.08560086,339.47656250,67.42968750
1,385,17,1181.85025048,163.52260286,1183.59375000,164.68750000
1,3150,6,1171.97476268,390.63887047,1174.88281250,389.84375000
1,4349,12,1209.11581454,850.02680999,1209.22656250,846.17187500
1,5150,3,69.89850269,863.08356745,74.14062500,865.76562500
1,4049,15,550.03083027,69.90885910,550.96093750,67.84375000
1,3018,8,673.94627858,483.97148693,675.19531250,483.78906250
1,859,10,188.98010610,952.91794599,188.63281250,949.97656250
1,3331,2,1209.08951212,550.04685598,1212.10156250,557.42968750
1,546,14,109.32418436,162.81240360,113.12500000,162.91406250
1,4507,12,229.00680113,587.93219564,224.28906250,589.09375000
1,2652,11,70.03041535,203.02425241,70.85937500,207.41406250
1,2522,8,1170.64116703,102.05337260,1170.89062500,105.52343750
1,4190,18,104.96206175,184.08295907,105.60937500,183.50000000
1,3151,5,69.87812560,353.08462221,68.25000000,352.21093750
1,4050,18,719.65653824,244.81474205,722.92187500,241.08593750
1,1650,1,186.95794212,113.97897985,186.44531250,117.25781250
1,4350,11,119.37186909,883.53983271,121.24218750,883.16406250
1,1160,10,251.39499076,114.12017904,253.22656250,111.79687500
1,386,16,70.09410305,143.05611549,76.97656250,141.88281250
1,2155,17,246.94403018,113.92577174,245.17968750,111.60156250
1,3880,18,279.11945531,953.03692538,276.80468750,950.15625000
1,5151,2,1158.56700496,833.38392151,1157.39843750,841.01562500
1,1843,17,382.72874847,907.41313700,379.73437500,911.03906250
1,860,13,1114.73618950,895.66206447,1109.28125000,900.50781250
1,2025,17,309.98288391,69.92032703,308.66406250,67.42187500
1,4967,6,552.00786257,907.97996428,550.36718750,910.42968750
1,1329,4,1208.97724377,952.97807613,1202.99218750,953.27343750
1,4821,3,245.28029656,156.54198229,241.67968750,158.64062500
1,4661,8,1161.47115463,413.34161087,1165.76562500,414.92187500
1,56,19,1208.90698493,580.00387672,1203.57812500,581.50781250
1,695,10,1187.64215491,907.26067854,1184.17187500,909.00781250
1,3554,21,819.91612331,69.96188746,816.92968750,67.45312500
1,235,19,351.87465914,733.02681496,342.28906250,735.28125000
1,1019,10,867.20977007,329.32457237,871.91406250,327.80468750
1,3724,21,127.09392774,368.10539171,118.07031250,366.25781250
1,2335,14,1209.07475899,909.97304507,1205.18750000,909.25000000
1,2841,9,118.80753171,949.76977324,117.99218750,946.54687500
1,1470,4,1049.10042180,433.00286315,1053.29687500,434.04687500
1,3019,8,673.94143957,538.10290775,675.07031250,538.71093750
1,547,13,1208.88333228,190.04362815,1207.06250000,197.58593750
1,4508,12,228.91588515,467.94095276,223.77343750,468.48437500
1,3331,3,120.59920076,546.94342112,116.82031250,550.62500000
1,2652,12,1160.59039864,198.85470867,1161.21875000,198.53906250
1,4050,15,579.88968441,69.94054258,580.96093750,67.95312500
1,3151,6,1171.97186849,360.95712981,1174.53125000,360.14062500
1,5151,3,70.09459941,833.09944360,73.52343750,836.32031250
1,2522,9,78.47880877,100.42499414,80.08593750,99.75000000
1,4190,15,1151.92512052,293.93101240,1155.17187500,298.10937500
1,3881,21,975.60861815,670.86301890,975.94531250,673.67968750
1,1160,7,1027.12122615,114.10060769,1029.93750000,112.32812500
1,4350,12,1208.92785288,879.87920721,1208.39843750,875.44531250
1,1651,4,987.31280459,327.20561505,991.40625000,326.58593750
1,386,17,1182.06994369,133.54522193,1183.28906250,135.09375000
1,2025,14,970.32239934,103.40116057,972.63281250,104.28125000
1,2156,17,307.03566535,113.94073054,304.89843750,110.76562500
1,4661,9,69.96132080,412.93883026,67.20312500,411.23437500
1,4968,9,770.74771521,768.41352701,774.08593750,772.86718750
1,1330,7,160.90046789,628.39463341,158.64843750,628.81250000
1,3725,21,127.03674844,307.92249015,118.78906250,305.93750000
1,235,16,959.67324878,908.96293523,959.39062500,913.85937500
1,696,13,126.98270610,607.98591265,123.23437500,603.39843750
1,860,10,158.90215864,953.11335164,159.67187500,949.38281250
1,1019,7,369.89268414,69.96843759,369.21875000,66.89062500
1,1844,20,878.92021884,953.03800540,874.02343750,957.37500000
1,3555,21,849.90202434,70.03510247,846.97656250,67.89843750
1,4822,6,1060.00106660,69.90772097,1059.19531250,69.35156250
1,56,20,104.82991961,574.45720348,97.62500000,572.02343750
1,2335,11,70.04206000,952.80665399,75.53125000,950.98437500
1,1471,4,1049.10269944,553.00983366,1052.93750000,555.56250000
1,2841,6,1168.12113235,907.65947445,1167.54687500,905.71093750
1,3020,8,604.89191444,538.09406500,604.92968750,538.46875000
1,547,14,109.11179412,192.61109417,112.14843750,192.14062500
1,4509,12,228.97955491,348.06288976,223.72656250,348.16406250
1,3332,2,1209.12045902,579.95641563,1211.70312500,587.52343750
1,2653,11,69.90176543,173.09253348,71.10156250,178.06250000
1,5152,2,1158.36720265,803.57609286,1157.89843750,811.46875000
1,4051,18,691.13433135,252.69155615,693.72656250,248.79687500
1,3152,5,69.98705022,323.11416009,68.82031250,322.34375000
1,1330,4,1179.06271471,952.92591501,1173.88281250,953.89843750
1,3726,21,127.10676509,247.97997758,119.79687500,246.21093750
1,861,13,1143.64136227,903.85061092,1137.36718750,908.33593750
1,4662,8,1161.53067624,383.56415730,1165.76562500,385.21093750
1,2157,17,366.92361782,113.90881403,364.75000000,110.03125000
1,1161,10,192.89243519,98.01045507,196.22656250,96.93750000
1,1020,10,839.24567377,321.56653185,843.75000000,319.65625000
1,3556,21,880.04742018,69.94425329,877.42187500,68.31250000
1,4968,6,492.03324488,908.03797118,489.85156250,910.15625000
1,57,19,1209.03524418,609.90073212,1203.42187500,611.42968750
1,1472,7,183.88533950,926.98507161,185.02343750,926.69531250
1,697,13,126.99830533,547.94033158,123.60156250,543.14843750
1,4822,3,216.33732836,148.69336925,213.18750000,151.50781250
1,2335,15,108.38396078,913.32297059,106.75000000,907.28906250
1,1844,17,412.49924131,907.27276018,410.23437500,911.28906250
1,3881,18,248.91879720,952.96773440,246.84375000,949.33593750
1,2523,11,130.07629801,70.03523839,130.94531250,76.06250000
1,3021,8,629.11135001,503.11495699,629.56250000,503.10156250
1,1651,1,247.13003175,114.02343037,245.21093750,115.73437500
1,4191,18,81.88451318,124.97644161,84.41406250,125.89843750
1,4351,14,1165.03671516,949.37694937,1162.54687500,949.48437500
1,2026,17,340.02933748,70.03344786,338.53125000,67.12500000
1,2842,8,1179.01582060,953.04199454,1175.59375000,949.13281250
1,387,16,69.91524467,113.04093192,77.61718750,112.57812500
1,236,19,352.08945626,492.97820424,342.21875000,491.94531250
1,548,13,1209.04717501,220.08367666,1207.73437500,227.19531250
1,4509,9,1091.34478414,80.67624419,1095.36718750,83.14062500
1,3332,3,120.62982113,576.60727128,117.19531250,580.47656250
1,2653,12,1160.50617878,169.12993454,1160.36718750,169.28906250
1,5152,3,69.89015383,803.08394347,72.47656250,806.71093750
1,3152,6,1172.06606085,331.18119628,1174.42968750,330.29687500
1,1020,7,399.90368318,69.98934917,399.17187500,66.57031250
1,57,20,104.95108732,604.17460765,97.70312500,601.79687500
1,2335,12,1159.53887136,942.57778221,1160.33593750,938.83593750
1,3727,21,127.02856051,187.88336189,120.94531250,186.57812500
1,1331,7,188.59586004,635.91248525,185.94531250,636.55468750
1,2158,17,426.98288836,114.08197564,425.06250000,109.63281250
1,1161,7,1086.95565751,113.94907830,1089.05468750,113.14843750
1,4969,9,827.53907533,752.77125174,831.96875000,756.90625000
1,2523,8,1140.82183510,102.06125965,1141.86718750,104.85937500
1,1472,4,1049.06934754,673.05988684,1051.85156250,676.82031250
1,4823,6,1089.89524909,70.09254665,1088.55468750,70.00781250
1,3557,21,910.06121447,69.96600931,907.59375000,68.89062500
1,861,10,129.08387238,952.91926972,130.51562500,948.41406250
1,698,13,127.09363395,488.02565435,124.36718750,482.97656250
1,387,17,1181.88365772,103.61221282,1182.46875000,105.65625000
1,1845,20,849.05474757,952.92431721,844.01562500,957.41406250
1,2026,14,940.40072891,103.27109051,943.14062500,103.50000000
1,3882,21,1003.24197126,663.23394873,1003.74218750,665.84375000
1,3022,8,649.96552480,502.88081671,651.03906250,502.89843750
1,1652,4,931.52349765,311.69832858,935.76562500,310.21093750
1,4191,15,1152.12110890,353.96677473,1155.80468750,357.80468750
1,4051,15,609.97886266,69.92380000,611.46875000,68.14062500
1,2842,5,95.61403061,903.31186621,95.63281250,900.16406250
1,4662,9,69.94813939,382.93404634,67.47656250,381.19531250
1,237,19,467.04868630,377.06699885,458.45312500,374.16406250
1,4351,11,119.62315211,913.42296333,122.14062500,912.46093750
1,548,14,109.29789959,222.47537461,111.71875000,221.53125000
1,4510,12,229.08289537,228.02985289,224.67968750,228.46875000
1,3333,2,1209.05492608,609.90073005,1211.24218750,617.53906250
1,2654,11,69.88079349,142.97206407,71.50000000,148.53906250
1,5153,2,1158.56418943,773.68588109,1158.89843750,781.73437500
1,3153,5,69.93581875,293.03792470,69.09375000,292.41406250
1,2159,17,487.06769191,113.95635832,485.56250000,109.12500000
1,58,19,1209.00190002,640.09415385,1203.24218750,641.67187500
1,2336,14,1209.08748436,940.03498228,1204.64843750,938.64062500
1,4823,3,187.41947149,140.52862129,184.80468750,144.22656250
1,3728,21,127.01506227,128.01632285,122.25000000,127.46875000
1,1162,10,134.07157028,81.70368321,139.49218750,82.14843750
1,1331,4,1148.95725540,953.07376827,1144.69531250,954.57031250
1,1021,10,811.12769533,313.82044357,815.08593750,311.50781250
1,2524,11,160.07534985,69.95608686,160.25781250,75.14843750
1,4969,6,431.97730770,907.91708533,429.46875000,909.42968750
1,3558,21,939.98991831,69.93600986,937.36718750,69.38281250
1,1473,7,226.75892413,809.27585009,225.09375000,810.94531250
1,862,13,1172.85378749,911.92874270,1165.23437500,915.86718750
1,699,13,127.00292475,427.92452239,125.02343750,422.65625000
1,388,16,69.86134889,83.07340485,78.59375000,83.46093750
1,1845,17,442.14108708,907.37477855,440.14843750,911.73437500
1,4052,18,662.64882245,260.42670247,664.82031250,256.46093750
1,2027,17,369.90625613,69.88023924,368.41406250,66.59375000
1,4663,8,1161.73597152,353.95080227,1165.77343750,355.59375000
1,3023,8,649.96413462,518.92991043,650.98437500,519.13281250
1,1652,1,306.94006248,114.10178691,303.96093750,114.52343750
1,4192,15,1152.12800128,414.02158063,1155.90625000,417.62500000
1,3882,18,219.00245307,952.97332423,217.28906250,948.57812500
1,238,19,810.93158328,376.98736118,808.24218750,374.83593750
1,2842,6,1197.88220305,911.44291346,1196.39843750,908.78125000
1,4351,12,1209.13684049,909.98657055,1208.05468750,904.82031250
1,549,13,1209.06740000,249.97601178,1208.03125000,256.66406250
1,4510,9,1048.31053098,198.71336486,1054.76562500,198.66406250
1,3333,3,120.56552421,606.30649746,117.53906250,610.28125000
1,2654,12,1160.52831306,139.20375372,1159.76562500,139.81250000
1,5153,3,70.08888723,772.94625191,72.01562500,776.87500000
1,4824,6,1119.99818631,70.06877353,1118.12500000,70.43750000
1,4352,14,1161.13276768,919.47003474,1159.32812500,920.23437500
1,388,13,1201.63117962,96.92307642,1198.55468750,106.39843750
1,3153,6,1172.00202492,301.31296733,1173.89843750,300.46875000
1,1332,7,216.06112381,643.61648776,213.06250000,644.48437500
1,1653,4,875.26977612,296.21063411,879.12500000,293.89843750
1,4193,15,1152.02520027,473.94043497,1155.85937500,477.44531250
1,1021,7,430.01113309,69.95509106,429.50000000,66.17968750
1,1162,7,1146.92642667,113.90359167,1147.85937500,114.22656250
1,4970,9,884.11417787,736.99185073,889.53906250,740.80468750
1,2160,17,547.06848284,114.03395102,546.24218750,108.94531250
1,3559,21,970.08380860,69.94163730,967.45312500,69.98437500
1,1473,4,1049.07985377,793.07276936,1050.21875000,797.28125000
1,2336,11,74.45903901,922.66328923,79.17187500,921.68750000
1,862,10,99.02725152,952.91895192,101.62500000,947.61718750
1,4663,9,70.08337996,353.10240170,67.86718750,351.36718750
1,4052,15,640.04521133,70.03930381,641.63281250,68.35937500
1,1846,20,819.05830219,953.07628170,813.78906250,957.68750000
1,58,20,104.91243451,634.18817923,97.81250000,631.89843750
1,239,19,811.11577409,644.04679249,807.85156250,646.76562500
1,2027,14,910.62873833,103.40520516,913.46093750,103.03906250
1,3883,21,1030.79899424,655.62075722,1031.31250000,658.01562500
1,3729,21,228.94839425,193.04874460,220.88281250,190.15625000
1,3024,8,629.11004371,518.92595358,629.68750000,519.07031250
1,2843,8,1149.00658591,952.87373515,1146.40625000,949.57031250
1,2524,8,1110.99090457,102.08303339,1112.79687500,104.17187500
1,700,16,1193.01988725,109.35353556,1192.64843750,116.48437500
1,4511,12,352.00647719,288.01928108,346.92968750,286.53125000
1,549,14,109.34207555,252.17790419,111.07812500,250.82812500
1,3334,2,1208.89269114,639.90347663,1210.40625000,647.55468750
1,2655,11,69.99670460,112.89549842,72.07812500,119.21093750
1,5154,2,1158.37930878,743.94372650,1159.56250000,752.10156250
1,4194,15,1152.10861986,534.05819654,1155.71875000,537.60937500
1,4352,11,119.48760207,943.27033112,122.55468750,941.67187500
1,3560,21,1000.07899178,70.07638783,997.21875000,70.85156250
1,1653,1,366.98031830,114.03236479,363.51562500,113.19531250
1,3154,5,69.99434274,263.07750633,69.47656250,262.67968750
1,388,17,1181.82138796,73.70704366,1181.85156250,76.37500000
1,1474,7,238.92347414,776.17657689,236.82812500,778.05468750
1,2336,15,108.38727341,943.23784018,107.24218750,936.50781250
1,2161,17,607.11072304,114.06333365,607.68750000,108.88281250
1,1163,10,129.07689242,80.27404117,134.64843750,80.87500000
1,4970,6,371.89384146,907.99159097,369.20312500,908.71875000
1,1332,4,1119.05725040,952.96701256,1115.60937500,954.89062500
1,4824,3,158.21658306,132.49517903,156.33593750,137.07031250
1,1846,17,471.93216567,907.21436774,470.19531250,911.86718750
1,1022,10,783.07633327,306.10695639,786.91406250,303.46875000
1,4053,18,634.45588392,268.20436303,636.00000000,264.19531250
1,4664,8,1161.83432932,324.00779910,1165.77343750,325.65625000
1,59,19,1209.08095842,670.12339068,1202.93750000,671.68750000
1,862,14,73.70759195,914.62090227,76.17187500,908.91406250
1,240,19,467.07963534,644.03097643,458.35937500,645.92968750
1,2028,17,399.90117412,69.96987164,398.36718750,66.34375000
1,700,13,127.02417223,367.93894871,126.11718750,362.64062500
1,3025,5,69.99542115,70.05573715,74.57812500,72.62500000
1,3730,21,348.88579368,193.03479579,340.52343750,189.25000000
1,2525,11,190.10864063,70.12343001,189.46875000,74.55468750
1,3883,18,189.11332023,952.98419680,187.95312500,947.83593750
1,2843,5,125.47688251,903.52800259,124.49218750,901.10156250
1,4511,9,950.26967888,106.78778558,955.84375000,106.01562500
1,550,13,1208.94726912,279.97860242,1208.34375000,286.37500000
1,3334,3,120.40608676,636.06732626,117.67187500,640.10156250
1,2655,12,1160.68527004,109.30054775,1159.19531250,110.52343750
1,5154,3,69.89959357,742.98888527,71.21875000,747.21093750
1,4195,15,1152.12489150,594.05678944,1155.42187500,597.62500000
1,3561,21,1030.06992370,70.02396121,1027.08593750,71.63281250
1,4352,12,1208.95317037,940.00437582,1207.31250000,934.10937500
1,3154,6,1172.04644015,271.55583537,1173.44531250,270.84375000
1,1654,4,818.94031711,280.63275299,821.96093750,277.51562500
1,4971,9,940.38439389,721.31647485,946.60937500,724.68750000
1,2336,12,1163.93128983,913.29945334,1165.09375000,910.17968750
1,1474,4,1048.97880601,827.98903373,1049.37500000,832.13281250
1,4825,6,1150.06349287,69.86800857,1147.24218750,70.80468750
1,1333,7,243.84091621,651.19316059,240.61718750,652.34375000
1,1163,7,1152.01595542,113.94345556,1152.91406250,114.34375000
1,388,14,101.85838433,99.12479975,107.52343750,100.96875000
1,2162,17,667.08067694,114.04431991,668.71875000,108.96093750
1,4664,9,70.10921618,322.93572412,68.33593750,321.13281250
1,1847,20,788.90389772,952.98538798,783.53125000,957.68750000
1,1022,7,459.99218964,69.90657556,459.33593750,65.92187500
1,4053,15,669.88416354,70.03108014,671.80468750,68.64062500
1,59,20,104.98492013,664.03089844,97.95312500,661.75000000
1,863,13,1201.03919073,919.72588917,1192.03125000,923.10156250
1,2028,14,880.75812306,103.29845962,883.73437500,102.42968750
1,3025,2,1197.49697939,110.10143726,1200.89843750,118.64843750
1,241,19,552.94696407,444.02516508,545.57812500,442.39062500
1,701,16,1170.15513691,168.78324578,1171.31250000,174.06250000
1,2525,8,1081.15257013,101.86050651,1083.65625000,103.32031250
1,4512,12,591.94608615,288.00627678,590.52343750,284.61718750
1,3884,21,1058.54483332,648.01458073,1059.07812500,650.28906250
1,2844,8,1119.00835071,952.97010970,1117.07812500,950.18750000
1,3731,21,469.08301969,193.10327046,461.64062500,188.69531250
1,550,14,109.24776017,281.97936863,110.44531250,280.34375000
1,3335,2,1208.89516092,669.98111705,1209.89843750,677.69531250
1,5155,2,1158.59816612,714.09206627,1160.36718750,722.28125000
1,2656,11,69.98921472,83.10104497,72.39062500,90.27343750
1,4196,15,1152.03235825,653.95247380,1154.92968750,657.45312500
1,3562,21,1060.02206678,69.95572090,1056.64843750,72.28906250
1,3155,5,69.89498751,232.97776545,69.99218750,232.86718750
1,2337,14,1208.98586534,952.98822191,1204.25781250,951.27343750
1,4353,14,1159.23902245,906.60940486,1157.75000000,907.72656250
1,4665,8,1161.81775442,294.19686827,1165.57812500,295.93750000
1,4971,6,311.94348458,908.04705654,309.41406250,907.81250000
1,1847,17,501.87485943,907.29378345,500.31250000,912.24218750
1,2163,17,727.11298882,113.97687294,729.37500000,109.14062500
1,1164,7,1152.08300000,173.98891149,1154.10156250,173.67968750
1,1654,1,426.90684280,114.03205293,423.61718750,112.03906250
1,389,16,126.90367174,113.89844191,132.27343750,112.07812500
1,1023,10,755.09627619,298.24236989,758.53906250,295.28906250
1,4054,18,606.04769182,276.06164714,607.00000000,272.00781250
1,60,19,1209.01455602,699.99040995,1202.57031250,701.46093750
1,1475,7,353.08419949,808.26165886,350.78906250,811.39843750
1,3025,6,1171.96136671,79.95934350,1171.36718750,81.47656250
1,2029,17,430.01713651,70.04800787,428.65625000,66.16406250
1,1333,4,1088.94629498,953.07850351,1086.05468750,955.46875000
1,4825,3,128.97560939,124.62980935,128.17968750,130.16406250
1,242,19,725.11631826,443.93089924,720.75781250,442.67968750
1,2526,11,219.89841060,70.02444273,218.68750000,73.69531250
1,863,10,70.07168279,952.91566111,73.89843750,946.87500000
1,701,13,126.96009590,307.93819752,127.42187500,302.71093750
1,4513,12,831.96423225,287.96192292,835.07812500,284.21875000
1,3884,18,158.98730368,952.93488080,158.48437500,946.90625000
1,3732,21,589.08075038,192.95083351,583.64062500,188.48437500
1,2844,5,155.36055066,903.48254277,153.56250000,901.69531250
1,551,13,1208.95630566,310.08246600,1208.55468750,316.24218750
1,3335,3,120.40869131,665.89585329,118.21875000,669.96093750
1,5155,3,70.12055645,712.88954416,70.70312500,717.30468750
1,2656,8,1202.48310700,89.18813353,1201.57031250,93.66406250
1,4197,15,1152.05083040,714.05000333,1154.06250000,717.33593750
1,3155,6,1171.93488739,241.67696557,1172.92968750,241.10156250
1,4665,9,70.01868174,292.89559721,68.75781250,291.20312500
1,3563,21,1089.94315901,69.90349938,1085.93750000,72.93750000
1,1848,20,759.08071728,952.90739684,753.36718750,957.64062500
1,4972,9,996.45904566,705.77237180,1003.13281250,708.72656250
1,2337,11,76.44768615,909.81805501,80.96875000,909.14843750
1,389,13,1141.32021421,82.14180180,1140.84375000,90.03906250
1,4353,12,1209.09271199,953.08536525,1207.11718750,946.75000000
1,1165,7,1152.07701714,233.99287521,1155.17968750,233.22656250
1,1655,4,762.17296163,264.96853875,764.55468750,261.11718750
1,2164,17,787.08917154,114.11268891,790.33593750,109.64062500
1,1023,7,489.89794788,70.03056629,489.45312500,65.80468750
1,4054,15,700.00693147,70.00239281,702.21875000,68.93750000
1,1475,4,928.87321793,827.93210265,929.84375000,833.01562500
1,60,20,104.91365183,693.71688420,98.14843750,691.42968750
1,3025,3,109.14495019,108.95129907,106.78906250,114.39843750
1,4826,2,1188.28798031,118.82054820,1194.30468750,127.63281250
1,2526,8,1051.52119509,101.90232385,1054.63281250,102.67187500
1,243,19,725.07816031,578.00789576,720.61718750,579.44531250
1,863,14,101.93831094,918.70383277,103.35156250,913.64843750
1,4514,12,926.00160030,287.95370370,929.71875000,284.46875000
1,3733,21,708.92226136,193.00584922,705.58593750,189.02343750
1,2029,14,850.76624210,103.20303932,853.64843750,101.88281250
1,1334,7,271.41365057,658.94814974,267.86718750,660.42187500
1,3885,21,1085.98704196,640.44297954,1086.32812500,642.49218750
1,702,16,1147.85381954,226.69343904,1150.34375000,230.68750000
1,2845,8,1088.99149425,953.07738640,1087.70312500,950.83593750
1,551,14,109.28105801,311.89203494,109.92187500,310.03906250
1,3336,2,1209.06107215,699.90695228,1209.50000000,707.59375000
1,3156,5,69.91481293,202.96582578,70.37500000,203.17187500
1,1655,1,487.06964367,113.99721910,483.96875000,111.16406250
1,4826,6,1179.87420041,70.02024143,1176.36718750,71.50000000
1,2656,12,1160.72024480,79.68848810,1158.37500000,81.67187500
1,3564,21,1120.05851722,70.06908850,1115.56250000,73.93750000
1,4666,8,1161.93778876,264.50217987,1165.35156250,266.43750000
1,4197,12,91.35597975,854.99446553,93.07812500,852.88281250
1,4972,6,252.03235574,908.02600544,250.09375000,906.75000000
1,2165,17,846.89920985,113.94974852,850.45312500,110.03125000
1,3734,21,829.00183469,192.93940025,827.42187500,189.85156250
1,390,16,186.96700840,114.11030924,190.67187500,111.60156250
1,3026,5,99.99154712,70.00729641,102.15625000,71.97656250
1,1166,7,1151.96747238,294.08147849,1155.71093750,293.14843750
1,4354,14,1188.35250535,902.28282278,1186.03125000,902.96875000
1,4055,18,577.87285758,283.75458720,578.15625000,279.67187500
1,2527,11,249.98795602,69.91578350,248.14843750,72.85156250
1,244,19,552.92713096,577.90753924,545.32031250,578.89062500
1,863,11,1182.11521146,944.86030324,1182.59375000,940.68750000
1,1024,10,726.91166325,290.40040822,729.72656250,287.10937500
1,5156,2,1158.43904434,684.34932621,1160.88281250,692.43750000
1,2845,5,185.25899203,903.42634878,182.60156250,902.31250000
1,4515,12,926.06185830,527.95154151,931.62500000,527.14062500
1,61,19,1209.05627515,729.96875890,1202.16406250,731.35156250
1,1476,7,467.92884338,840.33699916,466.39843750,844.53125000
1,1848,17,531.49617506,907.36058605,530.35937500,912.53125000
1,2337,12,1165.91206987,900.81008981,1167.33593750,897.90625000
1,2030,17,460.01858387,70.11396033,458.78906250,65.96093750
1,702,13,126.91615400,247.94815403,128.77343750,243.18750000
1,3885,18,129.11959604,952.93563184,129.43750000,946.13281250
1,1334,4,1059.02408763,952.95032536,1056.89062500,955.67187500
1,552,13,1209.07648853,340.06723424,1208.76562500,346.03906250
1,3336,3,120.57208104,695.56265381,118.97656250,699.60937500
1,4826,3,99.98753861,116.47816644,100.07031250,122.92968750
1,4666,9,70.06713759,262.98244253,69.25000000,261.38281250
1,3156,6,1171.94106969,211.87924474,1172.37500000,211.48437500
1,3735,21,948.88196051,192.95999870,948.28906250,191.47656250
1,4973,9,1052.44280293,690.21902005,1059.24218750,692.77343750
1,3565,21,1149.95960520,70.02930177,1144.59375000,74.73437500
1,4198,15,1152.05286855,774.01627318,1153.05468750,776.86718750
1,2166,17,906.90780175,113.99031972,910.61718750,110.75781250
1,2656,9,110.27338879,91.74980152,111.28906250,90.66406250
1,1167,7,1151.98299697,353.88505586,1156.31250000,353.16406250
1,390,13,1082.52123911,98.22935461,1084.05468750,103.60937500
1,3026,2,1167.73080868,110.09469406,1173.50781250,117.71093750
1,1656,4,705.31496773,249.28828020,707.10156250,244.81250000
1,245,19,604.96335162,483.96099965,598.35937500,483.31250000
1,2527,8,1021.58883943,101.95316041,1025.33593750,102.11718750
1,4354,15,87.76948559,908.29600136,87.57812500,902.64843750
1,5156,3,69.95743128,682.92388263,70.04687500,687.42187500
1,864,13,1197.04535464,948.93316918,1187.30468750,951.75000000
1,61,20,104.94923146,723.50465129,98.32031250,721.17968750
1,2846,8,1058.92682069,952.94172739,1058.21875000,951.28906250
1,1024,7,519.94611652,70.07444771,519.89062500,65.64062500
1,1476,4,808.94815024,828.06846489,809.29687500,833.49218750
1,4516,12,925.89783783,733.01127862,931.04687500,734.34375000
1,4055,15,729.90415367,70.07448912,732.44531250,69.30468750
1,2030,14,820.88795540,103.11976719,823.79687500,101.39843750
1,703,16,1125.98122224,283.05998072,1129.52343750,286.23437500
1,2338,14,1178.98945599,953.03268557,1175.19531250,951.82812500
1,1849,20,729.07772585,953.09520846,723.00000000,957.82031250
1,1335,7,299.07488917,666.54829830,295.64062500,668.28906250
1,3886,21,1113.63272641,632.73270146,1113.76562500,634.67968750
1,552,14,109.42399390,341.69224442,109.49218750,339.64843750
1,4827,2,1159.97326631,114.55728485,1166.90625000,122.50000000
1,3157,5,70.05534059,173.02777335,71.07812500,173.67968750
1,3026,6,1201.86084508,75.65077810,1198.77343750,78.00781250
1,4354,12,1179.03299279,953.12693436,1178.30468750,947.62500000
1,864,10,69.91882145,923.11508527,73.14062500,917.71093750
1,4973,6,192.01180990,908.03929834,191.14062500,905.49218750
1,3736,21,1049.05257195,193.01059413,1048.21875000,193.21093750
1,4198,12,113.85206146,796.93063582,113.64843750,796.25000000
1,4517,12,686.11798282,733.00005920,688.18750000,735.78125000
1,2167,17,966.99539733,113.98369489,970.93750000,111.61718750
1,703,13,127.03170829,188.01727547,130.44531250,184.00781250
1,2338,11,106.25245513,909.79602239,109.78125000,909.58593750
1,1849,17,561.30872342,907.16471159,560.63281250,912.55468750
1,1025,10,698.74727242,282.60318228,701.48437500,279.10156250
1,62,19,1208.94688001,760.06338433,1201.51562500,761.25781250
1,4667,8,1161.94637922,234.66921507,1165.17187500,236.82031250
1,4056,18,549.71181353,291.69434626,549.49218750,287.62500000
1,2031,17,489.91705098,69.91363260,488.94531250,65.56250000
1,246,19,674.00940452,483.91962590,668.70312500,483.38281250
1,1656,1,547.10740817,113.95356553,544.17187500,110.39062500
1,5157,2,1158.43244385,654.70774783,1161.52343750,662.77343750
1,2528,11,279.88649469,70.04898097,277.65625000,72.28125000
1,3337,2,1209.12408910,729.94279871,1208.74218750,737.49218750
1,1168,7,1152.12216925,414.01727732,1156.83593750,413.57812500
1,3566,21,1179.86085544,70.00871394,1173.71093750,75.57031250
1,2657,11,127.13324265,114.02293603,127.47656250,118.68750000
1,391,16,246.91352042,114.06659837,249.65625000,110.82812500
1,2846,5,215.17344456,903.61032034,211.84375000,903.21875000
1,1335,4,1029.12146460,953.00448859,1027.27343750,956.12500000
1,1477,7,583.41646936,872.84839429,583.45312500,877.66406250
1,3886,18,98.94445984,953.02061868,100.07031250,945.32812500
1,553,13,1209.04882763,369.96064101,1208.89843750,375.82812500
1,4827,6,1209.11722563,70.06341646,1204.64843750,72.15625000
1,4974,9,1108.18691747,674.71826278,1114.82812500,676.82812500
1,864,14,97.99390337,948.36575911,100.16406250,942.53125000
1,247,19,674.09328348,537.97166561,668.66406250,538.46875000
1,2658,11,186.92205399,114.12141894,185.77343750,117.38281250
1,3157,6,1172.06646396,182.14523204,1171.85156250,182.13281250
1,4199,15,1151.91010371,833.96609213,1151.77343750,836.14062500
1,3026,3,79.34831801,105.08874581,79.57031250,111.62500000
1,1336,7,327.05688137,674.34568441,323.75000000,676.33593750
1,2847,8,1029.09801117,953.07212307,1028.93750000,951.83593750
1,3737,21,1049.10089555,312.99343887,1049.66406250,312.68750000
1,1477,4,689.11301184,827.96013910,687.77343750,833.31250000
1,4518,15,854.55540398,925.75629547,854.24218750,929.61718750
1,1025,7,549.90983270,70.07881564,549.78906250,65.54687500
1,62,20,104.83542939,753.41639796,98.39843750,750.98437500
1,2168,17,1027.02497330,113.93119166,1030.48437500,112.51562500
1,704,16,1104.85104414,338.18437250,1109.27343750,340.98437500
1,2338,12,1195.62604337,904.60165979,1195.88281250,900.89843750
1,3887,21,1140.23975365,625.40583292,1140.10156250,627.14062500
1,1850,20,699.12033159,953.04085416,692.82812500,957.74218750
1,3337,3,120.63423511,725.34098529,119.50781250,729.32812500
1,1657,4,648.49709854,233.44281244,649.30468750,228.46093750
1,4056,15,759.90868538,69.89387149,762.53125000,69.50000000
1,2031,14,791.10201456,103.30058016,793.79687500,101.21875000
1,3567,21,1208.95633130,69.96444878,1201.66406250,76.31250000
1,1169,7,1152.08880769,473.92374945,1157.03906250,473.88281250
1,2528,8,991.86737929,101.76467541,995.82812500,101.36718750
1,4667,9,70.00209689,232.92191409,69.79687500,231.53906250
1,5157,3,69.94929457,653.04854159,69.57031250,657.64062500
1,391,13,1024.06329041,114.48473302,1026.89062500,117.85156250
1,4355,15,117.16263106,900.27846466,115.79687500,895.60156250
1,553,14,109.42088478,371.39285632,109.17187500,369.28906250
1,4827,3,71.48870455,108.57144737,72.83593750,116.03906250
1,864,11,1181.95004276,915.21191469,1182.85937500,911.63281250
1,4974,6,132.04842374,908.06655879,132.64062500,904.18750000
1,3027,5,129.98471012,69.94816778,132.26562500,71.39062500
1,704,13,126.89396128,127.99627190,131.89062500,125.15625000
1,1336,4,998.88472136,952.94847475,997.35937500,956.43750000
1,2169,17,1087.09484499,114.08786618,1089.64062500,113.77343750
1,4199,12,135.91259202,740.38148569,134.05468750,740.64062500
1,1478,7,699.92217089,905.60304791,701.27343750,910.45312500
1,4518,12,445.92275724,732.99624098,443.58593750,735.65625000
1,3738,21,1048.96833520,432.99861800,1050.21875000,433.32812500
1,3887,18,69.88762191,953.00682174,71.91406250,944.44531250
1,1026,10,670.34844353,274.83830556,672.39062500,271.05468750
1,63,19,1208.95771027,790.05772758,1201.08593750,791.00000000
1,2847,5,244.87849397,903.53096679,241.03906250,903.71875000
1,1850,17,591.07569318,907.20811097,590.69531250,912.76562500
1,248,19,605.04858252,538.08924628,598.43750000,538.44531250
1,4057,18,521.49178873,299.29222815,520.57812500,295.34375000
1,3158,5,70.04285611,142.89556892,71.54687500,144.00781250
1,3338,2,1209.09019508,760.10038045,1208.12500000,767.50000000
1,4668,8,1162.08699108,204.92525952,1165.00781250,207.41406250
1,2339,14,1148.99602898,953.08783033,1145.79687500,952.46093750
1,392,16,307.07736043,114.07156564,309.16406250,110.24218750
1,2659,11,247.06528020,113.92651174,244.64843750,115.78125000
1,1657,1,606.93310614,114.08445939,604.57812500,109.87500000
1,5158,2,1158.56643190,624.90436802,1162.12500000,632.83593750
1,2529,11,310.09898966,69.91796797,307.35937500,71.42968750
1,2032,17,519.98871179,69.95579283,519.26562500,65.45312500
1,4355,12,1148.97844709,953.07523803,1149.19531250,948.33593750
1,1170,7,1151.88861184,533.97064058,1156.82031250,534.41406250
1,3568,21,1209.10638884,100.07660722,1202.67968750,105.44531250
1,554,13,1208.87150371,400.02363618,1208.70312500,405.84375000
1,4828,5,107.13309315,95.15774051,107.73437500,95.89843750
1,865,10,69.87518523,893.01893247,72.43750000,888.29687500
1,4975,9,1112.96180772,673.47856693,1119.60156250,675.53906250
1,2170,17,1147.07240765,113.94623670,1148.28125000,114.84375000
1,4668,9,70.07131828,202.96361373,70.51562500,201.83593750
1,4057,15,789.92161983,70.07454917,792.83593750,70.09375000
1,249,19,629.10531340,502.96520647,622.83593750,502.75000000
1,3027,2,1137.96225818,110.09851745,1143.57812500,116.68750000
1,2529,8,961.80535672,101.83743320,966.14062500,100.85937500
1,4200,15,1152.01206004,893.92557459,1150.39062500,895.13281250
1,1478,4,569.08057406,827.89282388,566.19531250,832.51562500
1,2848,8,998.94008659,952.95865384,999.17187500,952.24218750
1,4519,15,946.11510787,899.84519482,946.50000000,903.41406250
1,3888,21,1150.91111072,651.97731876,1150.26562500,653.58593750
1,3739,21,1048.96369163,553.06285245,1050.15625000,554.45312500
1,5158,3,70.08402128,623.00335116,69.17187500,627.63281250
1,63,20,104.84047535,783.21730235,98.79687500,780.53906250
1,705,16,1031.67117459,251.47692040,1036.78125000,252.93750000
1,1658,4,591.07574856,217.60104573,591.03125000,212.22656250
1,1337,7,354.90247923,681.96151779,351.62500000,684.22656250
1,392,13,965.57172317,130.69951887,969.24218750,132.35937500
1,2339,11,136.05676338,909.76343098,139.00781250,910.07031250
1,2660,11,306.90078922,113.93613917,303.59375000,114.42968750
1,4356,15,146.51986722,892.36337401,144.17968750,888.58593750
1,1026,7,580.04416094,69.98530392,580.39062500,65.32031250
1,3158,6,1172.04068779,152.23750627,1171.33593750,152.57031250
1,1851,20,668.94850131,952.99828971,662.39843750,957.60156250
1,3338,3,120.60105879,755.24490964,120.16406250,759.12500000
1,2032,14,761.15569987,103.24085833,763.71875000,100.85156250
1,3569,21,1208.98836221,129.93974704,1203.28906250,134.53125000
1,1171,7,1152.03670799,594.06275114,1156.74218750,594.89843750
1,554,14,109.27014086,401.25733924,108.58593750,399.07812500
1,4828,2,1164.10411599,85.06328496,1170.46875000,93.69531250
1,865,11,1181.89292623,885.28304496,1183.10937500,882.29687500
1,4975,6,126.93631397,907.98087040,127.71875000,903.94531250
1,2171,17,1152.11646231,113.91120200,1153.35156250,114.92968750
1,2848,5,274.88279574,903.69314414,270.75000000,904.45312500
1,64,19,1209.10022588,819.97356033,1200.54687500,820.64062500
1,1337,4,968.89586867,953.03836532,967.71093750,956.81250000
1,1658,1,667.12629908,114.04643326,665.50000000,109.49218750
1,3028,5,159.98543932,69.87827356,161.17187500,70.72656250
1,3570,21,1209.05924464,160.01544640,1203.98437500,163.99218750
1,1851,17,621.06254316,907.23979669,621.06250000,912.89843750
1,393,16,367.05872351,114.08611566,368.84375000,109.80468750
1,3888,18,69.86834624,923.04511869,71.34375000,915.47656250
1,2340,14,1118.97861072,952.89952838,1116.59375000,952.76562500
1,4058,18,493.25156740,307.12508676,491.85937500,303.29687500
1,4200,12,157.20046639,685.16516553,154.28125000,686.00000000
1,3159,5,69.90883134,113.06309636,72.00781250,114.76562500
1,4356,12,1118.91948918,952.93173721,1119.92968750,948.95312500
1,2661,11,367.04141582,113.90092582,363.50000000,113.30468750
1,250,19,649.95714200,502.91056807,644.10156250,502.71875000
1,1027,10,642.19324645,266.94793117,643.87500000,262.91406250
1,4669,8,1162.09591217,175.25474327,1164.50781250,178.12500000
1,2530,11,339.89120022,70.02787962,336.95312500,70.90625000
1,1172,7,1152.01403988,654.11333299,1156.34375000,655.30468750
1,1479,7,817.35745744,938.34228851,819.69531250,942.51562500
1,2033,17,549.99458502,69.98581848,549.53125000,65.37500000
1,4519,12,351.95681492,733.08065912,348.78906250,735.32812500
1,5159,2,1158.59083970,595.16737595,1162.69531250,602.95312500
1,3740,21,1048.92163666,673.03358456,1049.53125000,675.30468750
1,3339,2,1208.92695464,789.91153948,1207.08593750,797.15625000
1,705,13,229.03712458,193.07552796,229.82812500,188.17968750
1,555,13,1209.07381909,430.00310801,1208.81250000,435.80468750
1,4828,6,1209.07896088,99.88215310,1205.49218750,101.22656250
1,866,10,69.97554610,863.11247499,72.03125000,858.85937500
1,4976,9,1134.20977185,728.37808381,1139.70312500,730.06250000
1,2172,17,1152.07316730,173.92962533,1154.23437500,174.14062500
1,3571,21,1208.86057672,190.04911054,1204.38281250,193.45312500
1,3889,21,1161.67667153,679.02763202,1160.50000000,680.54687500
1,2340,11,165.85607419,909.97149706,168.07031250,910.77343750
1,4058,15,820.07397858,70.02370348,823.14062500,70.50000000
1,3159,6,1171.89506380,122.64667834,1170.50000000,123.43750000
1,2662,11,427.09961341,114.06975967,423.56250000,112.48437500
1,64,20,104.97567243,812.92442625,99.18750000,810.07031250
1,4669,9,70.00701277,173.06732869,71.00000000,172.28906250
1,251,19,649.98227098,519.04871953,643.96875000,519.10937500
1,4201,15,1152.10088253,907.96162446,1150.06250000,908.92187500
1,393,13,907.44061363,146.80457805,911.57812500,146.92187500
1,1027,7,609.92243629,70.08599184,610.52343750,65.39062500
1,4357,15,175.57464437,884.34415894,172.35937500,881.42968750
1,1852,20,639.04052002,952.96817498,631.93750000,957.43750000
1,3028,2,1108.18111402,110.11296702,1114.78125000,115.78906250
1,2530,8,932.17885676,101.67219466,936.61718750,100.23437500
1,5159,3,70.10739056,593.02912447,68.82812500,597.60937500
1,1338,7,382.59915963,689.74269614,379.53906250,692.25781250
1,3740,18,177.71463231,930.27256614,176.13281250,925.42187500
1,706,16,917.91565561,219.74952418,923.33593750,219.10937500
1,1173,7,1152.10582584,714.02569477,1155.85937500,715.41406250
1,2849,8,968.98721109,953.11133068,969.60937500,952.83593750
1,2033,14,731.27527638,103.19320640,733.59375000,100.50781250
1,3339,3,120.44064321,784.81585235,120.57812500,788.50000000
1,1659,4,533.64369395,201.85958923,532.99218750,196.30468750
1,4520,12,351.89285608,493.04458541,346.85156250,493.34375000
1,1479,4,449.00165734,828.08747544,444.57812500,831.48437500
1,555,14,109.49415934,431.05186824,108.40625000,428.81250000
1,4828,3,75.67759491,79.40684194,77.21093750,87.42187500
1,866,11,1181.97853697,855.55690555,1183.59375000,852.94531250
1,4976,6,127.00643945,847.95865904,126.45312500,845.50781250
1,2173,17,1152.01426254,233.93736796,1155.18750000,233.75000000
1,2663,11,486.93582321,113.93619131,483.47656250,111.53906250
1,1028,10,613.76696643,259.09480299,615.11718750,254.83593750
1,4357,12,1089.08611603,952.97353452,1090.85937500,949.72656250
1,3160,5,69.89231740,83.00889635,72.53906250,85.41406250
1,2531,11,370.02131045,69.87325495,366.85156250,70.17187500
1,1852,17,650.79363069,907.25927695,651.42968750,913.00781250
1,4670,8,1162.24849913,145.39757531,1164.26562500,148.70312500
1,2341,14,1088.95690047,952.97624537,1087.23437500,953.34375000
1,65,19,1209.09340688,850.04853664,1199.82031250,850.34375000
1,3572,21,1208.96317558,220.03253947,1205.05468750,222.96093750
1,4201,12,162.04721529,672.42045150,158.99218750,673.33593750
1,252,19,628.89127943,518.97311539,622.61718750,519.00000000
1,3029,5,190.02004583,70.05168669,190.73437500,70.34375000
1,1480,4,328.99873458,828.09731046,324.27343750,829.78906250
1,4521,12,466.97578447,376.95597194,463.09375000,375.42968750
1,2034,17,579.95130754,70.00376072,579.78906250,65.34375000
1,2849,5,304.70401747,903.59198643,300.32812500,904.85156250
1,394,16,426.99572323,113.91191408,428.76562500,109.32031250
1,3741,21,1048.92794916,793.04157442,1048.14062500,795.54687500
1,3340,2,1208.92435811,819.88359568,1206.32031250,826.79687500
1,5160,2,1158.50593836,565.47343705,1163.12500000,573.11718750
1,1659,1,727.08622616,113.90676127,725.96875000,109.18750000
1,1338,4,939.04788799,952.91887022,937.92187500,957.00781250
1,706,13,348.89763254,192.99901768,348.85937500,187.58593750
1,1174,7,1152.06499702,773.92807499,1155.06250000,775.17968750
1,3889,18,69.94433766,892.94669816,70.84375000,886.20312500
1,4059,18,465.18008975,314.79076550,463.25781250,311.00781250
1,556,13,1209.12275310,459.94553230,1208.85937500,465.76562500
1,4829,5,106.97552339,125.12282719,107.12500000,125.25781250
1,867,10,69.92160512,832.92128417,71.58593750,829.07031250
1,4977,9,1155.94196826,784.65435913,1159.93750000,785.73437500
1,2174,17,1151.96555591,294.05561009,1155.92187500,293.78906250
1,4202,15,1092.04973515,907.92498348,1091.31250000,909.83593750
1,2341,11,195.69471990,909.91760417,197.34375000,911.16406250
1,2850,8,938.94166134,953.02130548,939.88281250,953.25000000
1,4358,15,204.87935741,876.40199358,200.92968750,874.27343750
1,4670,9,70.08810553,142.99944193,71.75000000,142.63281250
1,1853,20,608.88540246,952.94999032,601.78125000,957.24218750
1,3160,2,1199.49840412,97.25813521,1204.34375000,106.20312500
1,1028,7,640.00555098,70.07369127,640.91406250,65.35937500
1,3573,21,1209.11826532,249.93631463,1205.67968750,252.50781250
1,65,20,104.96325111,842.80032197,99.48437500,839.61718750
1,2664,11,546.93763405,114.00965775,543.84375000,111.06250000
1,2531,8,902.19235272,101.76851489,906.74218750,99.92187500
1,253,16,70.00398796,70.07405250,77.53125000,70.65625000
1,3029,2,1078.39085815,109.88683687,1085.33593750,114.62500000
1,1660,4,476.10769626,185.81644094,474.96093750,180.29687500
1,2034,14,701.44445272,103.15756367,703.57031250,100.25781250
1,1175,7,1151.91138611,833.93783522,1153.96875000,834.89062500
1,4522,12,811.00485005,376.94010628,814.45312500,374.08593750
1,394,13,849.57610718,163.02810732,853.75781250,161.88281250
1,1339,7,410.68883087,697.35359707,407.81250000,700.17187500
1,3741,18,220.71495525,812.36743606,216.90625000,810.40625000
1,1481,4,229.00501930,827.91564023,224.92968750,827.74218750
1,707,16,803.22225778,187.66836658,808.40625000,185.17968750
1,3890,21,1172.52743384,706.27162072,1170.98437500,707.62500000
1,5160,3,70.01967359,563.09915224,68.47656250,567.69531250
1,3340,3,120.43825180,814.53236004,121.33593750,817.90625000
1,4059,15,850.05933296,70.09481676,853.21875000,71.11718750
1,556,14,109.56670250,460.80335716,108.29687500,458.61718750
1,4829,6,1208.93550011,129.99878209,1206.05468750,130.77343750
1,867,11,1181.91116659,825.52689063,1183.95312500,823.28906250
1,4977,6,127.12265782,787.97046307,125.50000000,786.60156250
1,4671,8,1162.26704550,115.58461012,1163.86718750,119.42187500
1,66,19,1208.95160876,880.04733819,1199.14062500,879.80468750
1,3742,21,1049.08181327,827.94046310,1047.63281250,830.31250000
1,2035,17,610.12279932,70.00965259,610.30468750,65.31250000
1,2175,17,1151.96185054,353.92136081,1156.49218750,353.75000000
1,4523,12,811.07026090,644.08544924,815.03125000,645.38281250
1,395,16,486.96211090,114.03447483,489.25781250,109.33593750
1,707,13,468.87934815,193.01083060,468.82031250,187.74218750
1,1482,4,228.87686418,707.89800243,223.85156250,707.82031250
1,3574,21,1209.02067315,280.06329914,1206.14843750,282.29687500
1,4060,18,437.30070354,322.65813343,434.83593750,318.92968750
1,1029,10,585.29332408,251.30282261,586.17968750,246.84375000
1,2665,11,606.98018838,114.03490914,604.53125000,110.54687500
1,3341,2,1209.08640532,850.02820187,1205.72656250,856.62500000
1,3030,5,220.06779015,69.96000671,220.22656250,69.64843750
1,2532,11,400.01534408,69.96056670,396.82031250,69.74218750
1,253,13,1203.30087682,109.62384269,1201.91406250,118.66406250
1,1660,1,787.00119382,114.03610431,786.41406250,109.19531250
1,2850,5,334.59259574,903.73079333,330.03125000,905.50000000
1,2342,14,1058.90897583,953.06391739,1057.75000000,953.87500000
1,4358,12,1058.96419487,952.87085510,1061.37500000,950.30468750
1,3890,18,70.01207654,863.00647179,70.21875000,856.87500000
1,1853,17,680.77663666,907.26688562,681.52343750,913.07031250
1,5161,2,1158.57123393,535.57464016,1163.50781250,543.00781250
1,3160,6,1171.86536488,92.82607093,1169.86718750,94.26562500
1,1176,7,1151.93919718,893.97651016,1153.01562500,894.28906250
1,4202,12,217.92807050,687.90015033,214.28906250,689.07812500
1,4830,5,106.94330772,154.87651804,106.53906250,154.49218750
1,1339,4,908.92068915,953.08198191,908.05468750,957.34375000
1,557,13,1209.01913757,490.09823979,1208.57031250,495.94531250
1,868,10,70.01975736,802.89216156,71.19531250,799.49218750
1,4978,9,1178.34280376,842.38890181,1180.75000000,842.40625000
1,395,13,791.80352784,178.92362577,795.40625000,176.75000000
1,4524,12,466.98672076,643.92615244,464.07031250,645.90625000
1,4060,15,879.96900668,69.90831643,883.26562500,71.51562500
1,1483,4,229.06444023,588.01127831,223.84375000,586.92968750
1,4671,9,70.03321825,112.96148509,72.45312500,113.15625000
1,66,20,104.81745940,872.61384996,99.84375000,868.97656250
1,4359,15,233.90805478,868.35556081,229.25000000,867.04687500
1,3575,21,1209.02754245,310.02629695,1206.46093750,311.99218750
1,1029,7,670.06807201,69.98684933,671.30468750,65.32031250
1,2532,8,872.35538964,101.62527240,876.86718750,99.38281250
1,2851,8,909.05611674,952.94332330,910.27343750,953.57812500
1,2666,11,666.95053889,114.01176779,665.14062500,110.28125000
1,3341,3,120.59780779,844.40097471,122.31250000,847.42968750
1,1661,4,418.28962287,169.91279395,416.72656250,164.65625000
1,2035,14,671.40070588,103.13373980,673.30468750,100.05468750
1,2342,11,225.56121082,909.85290155,226.59375000,911.57031250
1,3891,21,1183.51473983,733.89324618,1181.30468750,735.02343750
1,708,16,687.55950836,155.31843091,691.45312500,151.45312500
1,2176,17,1152.00706251,413.90993900,1156.94531250,414.07031250
1,3030,2,1048.55162823,109.92272611,1055.90625000,113.76562500
1,1854,20,578.96040828,952.94402873,571.41406250,956.96875000
1,1340,7,438.65905905,705.12154634,436.15625000,708.17968750
1,3742,18,232.66397309,779.16777548,228.53125000,777.64062500
1,5161,3,70.08458536,532.95840343,68.17187500,537.53125000
1,253,14,103.52428429,111.98842133,110.31250000,113.45312500
1,4830,6,1208.91868846,159.88922430,1206.66406250,160.11718750
1,3160,3,111.12788590,96.42103275,110.57031250,102.25781250
1,4203,15,1031.96659459,907.96368458,1031.88281250,910.66406250
1,1177,7,1152.00056330,907.88156654,1152.94531250,907.92968750
1,557,14,109.48880926,490.76197119,107.96093750,488.61718750
1,868,11,1181.99454778,795.67030180,1184.25781250,793.81250000
1,4978,6,127.14009220,727.94567625,124.52343750,727.29687500
1,4525,12,552.98250749,444.08081674,551.05468750,443.15625000
1,2667,11,726.98254323,113.94018836,726.39843750,110.10937500
1,1030,10,557.01688274,243.39233387,557.46093750,238.78906250
1,1661,1,846.93877922,113.95138628,847.01562500,109.10937500
1,1484,4,228.94505952,468.02768167,224.30468750,465.50781250
1,4061,18,409.31361003,330.36878580,406.50000000,326.73437500
1,3891,18,70.09320793,833.03302063,69.84375000,827.50000000
1,2343,14,1029.06142412,952.90968318,1028.36718750,954.20312500
1,3576,21,1209.12373892,340.01263987,1206.87500000,341.82031250
1,4359,12,1029.03990096,952.94682211,1032.03125000,950.97656250
1,2036,17,640.03073272,70.00341536,641.01562500,65.33593750
1,67,19,1208.94764047,910.01230703,1198.40625000,909.25781250
1,2851,5,364.32063709,903.85742699,359.71093750,906.10937500
1,1340,4,878.90994855,953.05257325,877.95312500,957.51562500
1,4831,5,107.06555191,184.93120819,106.10156250,184.14843750
1,254,16,100.07744608,69.92118164,107.66406250,69.90625000
1,2533,11,429.88043736,70.03579286,426.55468750,69.32812500
1,5162,2,1158.52957592,505.92365016,1163.85156250,513.15625000
1,2177,17,1152.11416557,473.91543957,1157.23437500,474.54687500
1,3342,2,1209.12175146,880.11585269,1204.82031250,886.33593750
1,1854,17,710.53675654,907.26249340,711.83593750,913.07031250
1,1177,4,129.76236085,947.72305157,129.80468750,943.39062500
1,3161,5,127.03386633,113.94971658,128.34375000,114.28125000
1,3743,21,929.01027844,828.08107197,927.78906250,831.92187500
1,708,13,588.97043910,193.02037668,590.24218750,188.34375000
1,4203,12,274.03750363,703.36752182,270.35156250,704.96093750
1,3031,5,249.91521712,70.11020893,249.43750000,69.24218750
1,558,13,1209.02489854,519.99772734,1208.28906250,525.85156250
1,4979,9,1201.55047142,901.53636654,1201.99218750,899.93750000
1,869,10,69.99937012,773.04311013,70.86718750,769.86718750
1,396,13,734.28742391,194.90413863,737.50000000,191.85156250
1,4526,12,724.89200079,444.03487393,726.78906250,442.57812500
1,4061,15,909.98558580,69.91033304,913.12500000,72.14062500
1,1178,7,1091.93407667,908.04790301,1094.14062500,909.17187500
1,3031,2,1018.93227520,109.71982183,1026.75000000,112.71093750
1,1030,7,699.91596052,70.07379685,701.48437500,65.48437500
1,1485,4,229.04842794,348.08101891,225.50000000,344.40625000
1,1662,4,360.10362996,153.71774325,358.75000000,148.80468750
1,4672,8,1162.40636411,85.80529609,1163.39843750,90.25781250
1,3892,21,1194.92501992,761.89213986,1191.89843750,762.68750000
1,4360,15,262.95166602,860.42080842,257.92187500,859.75000000
1,2343,11,255.20498638,910.02719429,255.89062500,912.14062500
1,2852,8,879.06274211,952.87674419,880.58593750,953.86718750
1,3577,21,1209.05509667,370.02784723,1207.25000000,371.68750000
1,2036,14,641.62061610,103.12209740,642.79687500,99.94531250
1,1341,7,466.54075799,712.86170516,464.49218750,716.17187500
1,4831,6,1209.05825365,190.06876669,1207.38281250,189.86718750
1,67,20,104.80787909,902.37634411,100.32812500,898.26562500
1,5162,3,70.04081041,503.06699189,67.98437500,507.58593750
1,254,13,1174.05429125,117.85271075,1172.74218750,125.77343750
1,3342,3,120.63272763,874.22326034,123.08593750,876.82812500
1,2533,8,842.64126398,101.49423109,847.10156250,98.88281250
1,2178,17,1152.03455769,534.08090168,1157.14062500,535.15625000
1,2668,11,786.95878254,114.07510352,787.08593750,110.27343750
1,709,16,571.06513238,122.77230987,573.88281250,118.19531250
1,3743,18,347.02209014,811.03138727,342.78906250,811.20312500
1,1855,20,549.00264003,952.95010335,541.13281250,956.74218750
1,3162,5,187.08623640,114.06037321,187.13281250,113.38281250
1,4204,15,971.97291987,907.91559032,972.20312500,911.24218750
1,558,14,109.51869190,520.47063553,107.78125000,518.35156250
1,4979,6,126.91841782,667.94870782,123.42968750,667.75781250
1,869,11,1181.96057639,765.97812753,1184.52343750,764.29687500
1,397,16,606.86598284,114.07611253,609.86718750,109.67968750
1,4527,12,725.00914846,578.04786178,727.46875000,578.70312500
1,3032,5,280.05790606,69.99643324,279.34375000,68.56250000
1,2179,17,1152.02877861,594.05974993,1156.94531250,595.60937500
1,559,13,1208.87747320,549.89733361,1207.93750000,555.85156250
1,1178,4,188.70130606,931.16465244,186.60156250,928.78125000
1,4204,12,330.20877353,718.93911174,326.72656250,720.93750000
1,1031,10,528.41787209,235.52751369,528.66406250,230.81250000
1,4062,18,381.45432046,337.91169117,378.18750000,334.38281250
1,4672,12,1201.30030321,77.43975443,1196.69531250,79.57031250
1,1486,4,229.01705211,227.88686855,227.37500000,223.91406250
1,3578,21,1209.11638653,399.98904323,1207.48437500,401.58593750
1,3892,18,69.91405005,802.95790300,69.30468750,797.95312500
1,1662,1,907.07681679,114.05285805,907.25781250,109.50781250
1,4832,5,107.03785283,214.80205231,105.64843750,213.71875000
1,2344,14,998.91859051,953.01942709,998.59375000,954.69531250
1,2852,5,394.15431065,903.97296433,389.44531250,906.58593750
1,1341,4,849.04613935,953.02654634,847.92968750,957.69531250
1,3343,2,1209.01077582,909.90902644,1203.99218750,915.57812500
1,2037,17,669.93899497,69.98514846,671.67187500,65.37500000
1,68,19,1209.08667122,939.96085829,1197.91406250,938.51562500
1,2534,11,459.88236685,70.09952618,456.59375000,68.92187500
1,4360,12,999.06471325,952.90782889,1002.37500000,951.55468750
1,709,13,709.00893384,192.99523744,711.77343750,189.60156250
1,254,14,74.27124450,116.47351562,80.84375000,118.41406250
1,1855,17,740.33510734,907.24619110,742.10156250,912.99218750
1,2669,11,847.01729626,113.90725207,847.25781250,110.33593750
1,3744,21,809.05869602,828.05598974,806.46875000,832.78906250
1,3163,5,246.97979847,114.12600001,245.89062500,112.39843750
1,870,10,70.11458806,743.08311580,70.62500000,740.15625000
1,5163,2,1158.38033373,476.03185031,1163.96093750,483.04687500
1,4980,6,127.13400869,607.93427913,123.16406250,608.03906250
1,397,13,676.87335277,210.75167848,679.42968750,206.96875000
1,4528,12,553.07976946,577.95205444,551.89843750,579.04687500
1,559,14,109.39732992,550.18136452,107.65625000,548.14062500
1,1179,7,1032.02213357,907.98725934,1034.84375000,910.08593750
1,1342,7,494.59889198,720.58483070,492.84375000,724.07031250
1,2180,17,1152.08965659,653.99354227,1156.49218750,656.00000000
1,3032,2,988.98832568,109.77738126,996.92187500,111.92968750
1,3893,21,1206.23867210,790.19470465,1202.39843750,790.58593750
1,4205,15,912.00306538,908.00830794,912.30468750,911.75000000
1,4832,6,1209.04608049,220.08432270,1208.09375000,219.53906250
1,1031,7,730.01821104,70.02534515,731.74218750,65.60156250
1,4062,15,939.87065995,70.04671903,943.03125000,72.94531250
1,1487,4,352.06996614,287.90737761,348.58593750,283.14843750
1,4672,9,70.10102534,82.97376468,73.15625000,83.72656250
1,3579,21,1209.03160593,430.06595960,1207.53125000,431.57031250
1,3343,3,120.52372954,903.76985144,123.90625000,905.79687500
1,2344,11,285.17058336,909.94073936,285.53125000,912.46093750
1,2853,8,848.95561111,953.07583219,850.08593750,954.45312500
1,1663,4,301.86965504,137.75323659,301.37500000,133.52343750
1,2534,8,812.78580890,101.37430474,817.08593750,98.46093750
1,2037,14,611.84168718,103.12237990,612.38281250,99.80468750
1,5163,3,69.88766698,472.92920709,67.56250000,477.42187500
1,68,16,73.43117257,940.49873031,75.25781250,935.25000000
1,710,16,453.61301913,90.03954144,456.00781250,85.74218750
1,4361,15,292.00662421,852.35923995,286.70312500,852.37500000
1,1856,20,518.99525012,952.96824224,511.11718750,956.44531250
1,255,16,129.86183049,70.04779647,136.29687500,69.39062500
1,3164,5,307.06139454,113.89290612,305.14062500,111.09375000
1,870,11,1182.06091815,736.18307002,1184.71093750,734.66406250
1,2670,11,907.02736437,113.94349796,907.27343750,110.78906250
1,4981,6,126.93184820,547.99413371,122.62500000,548.26562500
1,3744,18,461.96444374,843.23093602,458.77343750,844.87500000
1,398,16,667.06454562,114.08069962,670.90625000,110.18750000
1,4529,12,605.04353085,484.04368243,604.55468750,483.57812500
1,560,13,1209.10280618,580.06541804,1207.78125000,586.07031250
1,1663,1,966.99366216,113.91542438,966.72656250,109.83593750
1,2853,5,424.11330746,903.82621348,420.06250000,906.82031250
1,255,13,1145.09443411,125.72042465,1145.21093750,132.46875000
1,4833,5,106.86459304,244.50998847,104.97656250,243.07812500
1,1342,4,819.06470777,953.06704741,818.00781250,957.82031250
1,3893,18,69.94415588,772.99934316,68.93750000,768.42187500
1,3033,5,310.02559101,70.12451918,308.85156250,68.20312500
1,4673,9,126.96653573,114.10141399,127.68750000,113.09375000
1,3165,5,366.95807437,114.11876917,364.82812500,110.36718750
1,2038,17,700.11174037,69.95453560,702.28125000,65.47656250
1,4063,18,353.48926264,345.64996383,350.09375000,342.24218750
1,3344,2,1209.05333989,939.92246999,1203.16406250,944.98437500
1,1032,10,499.96352471,227.75813157,499.68750000,223.03125000
1,3580,21,1209.09481601,460.01323630,1207.67187500,461.42187500
1,871,10,70.10963634,713.02077112,70.44531250,710.30468750
1,1488,4,591.90163451,287.96366029,591.32812500,283.28906250
1,2345,14,968.95147053,952.88729171,968.89062500,954.94531250
1,710,13,829.10733307,192.89332134,833.01562500,191.24218750
1,2181,17,1151.94567367,714.02088079,1155.76562500,716.18750000
1,68,20,104.93959795,932.10042942,101.13281250,927.35937500
1,4361,12,968.99891159,952.99186309,972.46875000,952.17187500
1,4205,12,386.57616650,734.42329684,383.58593750,736.81250000
1,1856,17,770.18819697,907.21794185,772.11718750,912.89062500
1,2535,11,490.02999931,69.89736900,486.75781250,68.34375000
1,1179,4,247.31851864,914.92929548,243.96093750,914.26562500
1,5164,2,1158.38188638,446.35538866,1164.31250000,453.20312500
1,4982,6,127.05651673,488.01537305,122.66406250,488.34375000
1,3745,21,688.99436456,828.06019472,684.31250000,833.10156250
1,2671,11,967.11708081,113.93254116,967.23437500,111.34375000
1,398,13,619.44776074,226.67128251,620.89843750,222.37500000
1,4530,12,674.08584468,484.03833924,675.30468750,483.46093750
1,560,14,109.64420609,580.15327608,107.78125000,578.16406250
1,4833,6,1208.88658978,249.95208384,1208.39843750,249.11718750
1,256,16,159.94237016,70.02844170,165.60937500,68.85937500
1,2854,8,818.95429109,953.03295722,819.77343750,954.67187500
1,1343,7,522.82695021,728.47645476,521.53906250,732.17968750
1,3033,2,959.23577843,109.59607711,967.45312500,110.94531250
1,4674,12,1082.13619580,78.60969934,1081.24218750,78.43750000
1,1664,4,243.26668916,121.54710031,243.71875000,118.27343750
1,871,11,1182.04214655,706.27334193,1184.89843750,704.88281250
1,68,17,1185.61076195,927.84629609,1185.11718750,928.33593750
1,1032,7,759.90416179,69.92147406,762.10937500,65.57812500
1,711,13,949.11902969,192.97296536,953.24218750,193.57812500
1,4063,15,969.97376448,70.01466300,972.83593750,73.55468750
1,3344,3,120.56574585,933.51471043,124.75781250,934.92968750
1,3166,5,427.00908862,114.04710338,424.92187500,109.60156250
1,1489,4,832.11270669,288.00617354,835.64843750,285.10937500
1,4206,15,851.90880804,908.10966798,851.81250000,912.21875000
1,2038,14,581.80120967,103.13474241,581.94531250,99.81250000
1,2182,17,1152.10373895,774.03050986,1155.16406250,776.25000000
1,3894,18,69.94205505,742.92597985,68.47656250,738.68750000
1,3581,21,1209.03170841,490.01192472,1207.66406250,491.44531250
1,2345,11,314.94131581,910.09329167,315.17187500,912.94531250
1,2535,8,782.77030273,101.51773341,786.96875000,98.32812500
1,1180,7,971.89377052,907.88807608,975.00781250,910.81250000
1,4362,15,320.84685087,844.43553886,315.31250000,845.01562500
1,1857,20,488.92127956,952.99849067,480.78125000,956.10937500
1,4983,6,126.97874584,427.96395774,122.71093750,428.45312500
1,5164,3,69.88779766,443.00740376,67.50000000,447.46875000
1,3745,18,577.78650399,875.64617674,576.07031250,878.42187500
1,2672,11,1026.89200369,113.87712720,1026.37500000,111.99218750
1,399,16,727.12150685,113.99316842,731.50781250,110.69531250
1,4531,12,673.93776497,538.01498190,675.27343750,538.15625000
1,561,13,1208.91215457,610.02481017,1207.14062500,616.03906250
1,4834,5,107.08593761,274.31310886,104.80468750,272.75781250
1,3167,5,487.09409672,113.92797219,485.24218750,109.03906250
1,2183,17,1152.00960678,833.90458986,1154.05468750,835.95312500
1,872,10,69.98901145,683.08092338,70.21093750,680.41406250
1,2854,5,453.94889339,903.91833416,450.39843750,907.25781250
1,3034,5,340.06116926,69.98722098,338.67187500,67.49218750
1,1180,4,305.95027781,898.72917330,301.78906250,899.51562500
1,2673,11,1086.96069604,114.02647837,1085.17968750,113.01562500
1,5165,2,1158.53460442,416.64470620,1164.73437500,423.28125000
1,3345,2,1208.98159297,953.10875749,1202.79687500,957.92968750
1,2039,17,730.07043451,69.91204707,732.35937500,65.54687500
1,3746,21,568.96716920,828.03622364,562.04687500,832.84375000
1,1857,17,800.11265460,907.17769198,802.39062500,912.69531250
1,1033,10,471.41523573,219.85246709,471.13281250,215.15625000
1,4064,18,325.63835394,353.38814892,321.89843750,350.14843750
1,1489,1,411.74882315,110.31725464,408.17968750,108.71875000
1,2536,11,520.10173475,69.93720291,517.05468750,68.01562500
1,3582,21,1209.11619861,519.96199105,1207.71093750,521.38281250
1,4206,12,443.23651063,749.97944568,441.10156250,752.71093750
1,256,13,1115.91422798,133.79620916,1116.94531250,139.48437500
1,4984,6,126.99886989,367.99198445,122.82031250,368.67187500
1,2346,14,938.91623741,953.02382173,939.14843750,955.41406250
1,69,19,1208.97715337,952.95216154,1197.41406250,951.21875000
1,3895,18,70.10054991,713.04994849,68.35156250,709.14062500
1,4362,12,939.11409716,952.99745316,942.85156250,952.66406250
1,1664,1,1027.09613400,113.91479771,1026.51562500,110.34375000
1,4674,9,187.01255251,113.98798883,186.46875000,112.17968750
1,712,13,1049.09542809,192.98616533,1052.23437500,195.94531250
1,1343,4,788.91607702,952.98493574,787.67187500,957.83593750
1,399,13,562.36242959,242.58968292,562.83593750,237.92968750
1,4532,12,604.89293908,537.94175956,604.76562500,538.26562500
1,3168,5,547.09534598,114.01206183,545.91406250,108.84375000
1,561,14,109.48021938,609.92699693,107.58593750,607.87500000
1,3034,2,929.38864915,109.67709630,937.64062500,110.27343750
1,1181,7,911.92782239,908.01624581,915.21875000,911.68750000
1,3345,3,120.49524620,946.59485177,125.20312500,947.60156250
1,872,11,1181.90880616,676.47639092,1184.97656250,675.09375000
1,5165,3,70.04157816,413.05438060,67.66406250,417.48437500
1,2674,11,1146.93667913,113.88074731,1143.44531250,113.78125000
1,4834,6,1209.12629889,279.88544519,1209.21875000,278.88281250
1,4207,15,792.02675600,907.99786910,791.39843750,912.28906250
1,4363,15,349.72711103,836.39737178,344.14062500,837.47656250
1,2855,8,789.05053195,953.00209177,789.67187500,954.82031250
1,2184,17,1151.92359018,894.01338327,1152.76562500,895.42187500
1,1033,7,789.86446868,69.92815108,792.10937500,65.79687500
1,2346,11,344.80412261,909.98027255,344.84375000,913.17187500
1,3583,21,1209.08656861,550.05274168,1207.75000000,551.47656250
1,1490,4,926.07271604,287.95370934,930.25781250,286.16406250
1,4984,3,1205.57500537,110.22336305,1202.56250000,110.64843750
1,257,16,190.03996634,70.08375155,194.80468750,68.42187500
1,2536,8,752.83773190,101.42136263,756.71093750,98.00781250
1,3896,18,69.93385880,682.95290295,67.99218750,679.32031250
1,69,16,71.73899669,927.76664860,73.58593750,922.58593750
1,1858,20,459.01411374,953.04050915,450.52343750,955.71875000
1,713,13,1048.92283088,312.97403419,1052.85937500,315.57812500
1,3746,18,694.33558693,908.29458504,693.93750000,911.47656250
1,4675,12,1023.54176190,94.84950069,1024.06250000,93.41406250
1,2039,14,551.97590534,103.15900276,552.18750000,99.82812500
1,4064,15,1000.01512333,69.95069347,1002.67187500,74.23437500
1,1344,7,551.01798008,736.32677537,550.35937500,740.21875000
1,1665,4,184.68884556,105.15480811,186.78906250,103.17187500
1,400,16,786.89224902,114.01506895,791.64062500,111.53906250
1,4533,12,629.09522974,502.91911172,629.30468750,502.68750000
1,3169,5,606.89162506,114.04789528,606.53906250,108.75781250
1,5166,2,1158.57825786,386.87467434,1164.87500000,393.42187500
1,3584,21,1208.93391094,580.02750837,1207.49218750,581.39843750
1,2185,20,135.88256621,951.94517423,131.50781250,947.83593750
1,1034,10,442.75603529,211.80790100,442.22656250,207.14843750
1,1490,1,320.16344365,136.18909694,316.89062500,136.10937500
1,4207,12,499.80995350,765.72651940,498.57031250,768.69531250
1,2347,14,909.03010594,952.91508538,909.27343750,955.57812500
1,873,10,70.01955241,652.98712562,70.00000000,650.34375000
1,4835,5,106.90075378,304.22319766,104.18750000,302.48437500
1,2855,5,483.68504139,903.99842216,480.49218750,907.60156250
1,257,13,1086.75176776,141.79191024,1088.82031250,146.50781250
1,1858,17,829.87595904,907.12585457,832.67187500,912.55468750
1,4363,12,909.11117247,953.10622234,912.94531250,953.24218750
1,562,13,1209.10133750,640.04659658,1206.93750000,646.09375000
1,714,13,1048.98120136,433.00981287,1052.67187500,436.37500000
1,4985,6,126.91720210,307.94760911,123.28125000,308.92968750
1,1181,4,364.17597587,882.40904746,359.44531250,884.42968750
1,2537,11,550.10744453,69.96490668,547.07031250,67.72656250
1,3747,21,449.10185486,827.89021915,440.23437500,831.99218750
1,4065,18,297.86939982,360.94562394,293.87500000,357.74218750
1,69,20,104.82892965,945.01660096,101.15625000,940.00781250
1,2040,17,760.07505414,70.11171187,762.75781250,65.92187500
1,4675,9,246.91479458,113.97240473,245.62500000,111.37500000
1,2675,11,1151.96471225,114.10013817,1148.21875000,114.10937500
1,3346,2,1178.96839024,952.93006574,1173.34375000,958.02343750
1,3035,5,369.94723057,70.09191170,368.57812500,67.12500000
1,1665,1,1086.98272664,114.10238491,1085.67187500,111.12500000
1,3897,18,69.91178563,652.97804858,67.67187500,649.50000000
1,1344,4,758.86837629,952.93426966,757.21875000,957.81250000
1,400,13,505.69829700,258.28052698,505.31250000,253.29687500
1,4534,12,649.94683960,503.05381817,650.67187500,502.79687500
1,5166,3,70.08449590,383.03849929,67.63281250,387.50000000
1,3170,5,667.10773153,114.03541923,667.35937500,108.82812500
1,1034,7,819.91385716,70.04301520,822.47656250,66.17968750
1,715,13,1049.11884567,552.91565713,1051.90625000,557.49218750
1,1182,7,852.02417853,908.10709542,855.22656250,912.33593750
1,3747,18,811.47729689,941.23802035,811.73437500,943.95312500
1,1859,20,429.00871279,953.09457487,420.78906250,955.35937500
1,3035,2,899.70435048,109.51904069,907.77343750,109.40625000
1,4065,15,1029.96287756,70.04733601,1032.33593750,75.17968750
1,2040,14,522.09953774,102.94317495,521.99218750,99.68750000
1,3346,3,90.69055698,950.62964391,96.18750000,951.13281250
1,2676,11,1151.92838694,174.11757644,1149.87500000,172.98437500
1,873,11,1181.92518775,646.53239610,1184.97656250,645.14062500
1,258,16,219.92900282,69.93379027,224.18750000,67.85937500
1,4985,3,1182.56407198,169.80688085,1181.96093750,168.56250000
1,562,14,109.69127787,639.75049950,107.96875000,637.75781250
1,2347,11,374.50153336,910.10964390,374.61718750,913.52343750
1,2537,8,722.96650403,101.33713122,726.75000000,97.71093750
1,2185,17,1151.98586151,908.09923405,1152.63281250,909.28906250
1,1491,4,926.10842654,528.05864883,929.98437500,529.75000000
1,4676,12,964.93235052,111.15857511,966.32812500,108.70312500
1,3898,18,70.03588545,623.07847911,67.64843750,619.78125000
1,3585,21,1208.91679075,609.92743883,1207.34375000,611.28906250
1,4835,6,1208.95483513,309.96183426,1209.43750000,308.81250000
1,1345,7,579.18858155,744.13474671,578.85156250,748.25781250
1,4208,15,732.02955873,907.94244021,730.65625000,912.26562500
1,401,16,847.01973354,114.06432259,852.03125000,112.53125000
1,2856,8,758.97963946,952.98305803,759.35156250,954.92187500
1,4364,15,378.67548401,828.46887424,373.03125000,830.04687500
1,1666,4,125.73818107,89.04549666,130.25000000,88.63281250
1,69,17,1183.92905731,914.96397889,1183.84375000,915.64843750
1,4535,12,649.90220205,519.09427565,650.69531250,519.01562500
1,3171,5,726.89320039,113.97481645,727.76562500,109.00781250
1,5167,2,1158.51241377,357.03417108,1164.98437500,363.45312500
1,4066,18,270.19713792,368.66728013,266.22656250,365.57031250
1,3036,5,399.93286943,69.92784629,398.16406250,66.50781250
1,1345,4,728.90460707,952.92064488,727.21875000,957.73437500
1,401,13,448.86574736,273.99056602,447.70312500,268.76562500
1,716,13,1049.06113592,672.99675652,1050.05468750,678.74218750
1,1182,4,422.14332486,866.19932616,417.35156250,869.25781250
1,2041,17,789.90046077,70.04552240,792.89843750,66.09375000
1,1859,17,859.74158934,907.06206174,862.40625000,912.28906250
1,1035,10,413.94865262,203.84177490,413.28125000,199.26562500
1,70,19,1178.92937937,952.93243700,1168.50000000,951.84375000
1,874,10,69.93725089,622.98008254,69.89843750,620.42187500
1,3347,2,1148.97772452,953.01587171,1144.22656250,958.30468750
1,2677,11,1151.88676453,233.88212102,1151.27343750,231.94531250
1,4986,6,127.11655110,247.98666146,124.36718750,249.61718750
1,2348,14,879.04427173,953.07185886,879.35937500,955.98437500
1,258,13,1057.87093159,149.91639075,1060.52343750,153.67968750
1,1492,7,324.91126534,901.29131140,323.35156250,903.86718750
1,2186,20,196.05956263,952.13075718,190.00000000,949.62500000
1,3586,21,1209.04212167,639.94492142,1207.27343750,641.25000000
1,2856,5,513.58468379,904.06709326,510.89062500,907.96093750
1,2538,11,580.06408353,69.98053063,577.26562500,67.46093750
1,3899,18,70.04530700,593.03327038,67.57031250,589.87500000
1,4536,12,629.05073992,519.02538218,629.46875000,518.99218750
1,4364,12,879.00706189,953.08708747,882.91406250,953.67187500
1,4208,12,556.68681515,781.50079047,556.50781250,784.66406250
1,4836,5,106.82821014,334.01998927,103.67187500,332.15625000
1,1666,1,1146.96390366,113.91365486,1144.29687500,111.75000000
1,3748,21,329.11271982,827.98595251,319.24218750,830.84375000
1,563,13,1208.87555541,669.88383105,1206.10937500,675.89062500
1,4676,9,307.04399987,113.89330604,305.47656250,110.63281250
1,3172,5,787.11626513,114.11675619,788.82812500,109.47656250
1,5167,3,70.01611120,352.94533508,67.70312500,357.45312500
1,4066,15,1059.92291511,69.95001882,1061.73437500,75.86718750
1,3036,2,869.89819325,109.62663414,878.13281250,108.79687500
1,402,16,906.90028648,114.07710744,912.14062500,113.78125000
1,1183,7,792.09396980,907.91703101,794.63281250,912.49218750
1,4537,11,112.59019014,99.31791797,113.28906250,104.27343750
1,4836,6,1208.89725686,339.91803456,1209.70312500,338.66406250
1,717,13,1048.92128131,793.05613663,1047.55468750,799.12500000
1,2857,8,728.97433826,952.97610848,729.46093750,955.03125000
1,1035,7,850.03881782,70.03835737,852.79687500,66.42187500
1,3900,18,69.91849637,562.96429308,67.45312500,559.89062500
1,2041,14,492.40988891,102.99101394,492.10156250,99.84375000
1,70,16,101.07621366,919.63101764,101.96875000,915.22656250
1,4209,15,672.03368174,907.95099540,669.80468750,912.15625000
1,874,11,1181.82978679,616.66727911,1184.96875000,615.29687500
1,4986,3,1159.90177650,227.71939026,1161.25781250,225.28906250
1,3348,2,1118.97927096,953.11248801,1114.80468750,958.71093750
1,4677,12,906.68489656,127.23580543,908.34375000,124.02343750
1,2538,8,693.14004324,101.26496041,696.55468750,97.47656250
1,259,16,250.12260875,69.90077662,253.82812500,67.39843750
1,1667,4,120.73206867,87.62911217,125.22656250,87.32031250
1,4365,15,407.45929483,820.67613098,402.10937500,822.64062500
1,1346,7,607.35282752,751.89187305,607.61718750,756.14062500
1,1860,20,398.89675923,952.90667151,390.43750000,954.67968750
1,1492,4,925.94978646,732.98887540,928.51562500,737.40625000
1,2678,11,1152.10299695,294.00157496,1152.71093750,291.64843750
1,3749,21,228.87571934,827.93328912,219.23437500,829.38281250
1,563,14,109.49250560,669.40841807,107.78906250,667.39062500
1,3587,21,1209.03073263,669.97315728,1206.96875000,671.15625000
1,2348,11,404.31777153,909.97657042,404.35156250,913.62500000
1,2186,17,1091.93583251,907.93597077,1093.81250000,910.23437500
1,5168,2,1158.58706728,327.34291485,1165.22656250,333.65625000
1,3173,5,846.92629284,113.96027716,848.92187500,109.89062500
1,4067,18,242.33356814,376.21466166,238.31250000,373.24218750
1,3037,5,430.04895950,70.00975017,428.45312500,66.19531250
1,402,13,392.45344636,289.62092087,390.37500000,284.35937500
1,1036,10,385.22314161,195.98391127,384.65625000,191.53906250
1,70,20,74.84762196,949.26598089,72.64062500,943.28125000
1,1860,17,889.73355276,907.23754993,892.78906250,912.19531250
1,1183,4,479.99571978,850.30822516,475.78125000,854.13281250
1,1493,4,685.99716018,732.91701981,685.27343750,737.40625000
1,3750,21,229.00876609,708.02992464,218.27343750,709.25000000
1,1346,4,699.01230895,952.95643195,696.93750000,957.75781250
1,4837,5,106.87685061,363.95538631,103.42968750,362.10156250
1,2857,5,543.41613617,904.12371342,540.71093750,908.22656250
1,3349,2,1088.94647924,952.96613075,1085.14843750,958.75781250
1,564,13,1209.02485989,700.07277588,1205.77343750,705.97656250
1,4987,6,126.93502845,188.07047333,125.10937500,190.62500000
1,3901,18,69.91446868,532.99467925,67.46875000,530.07031250
1,4677,9,366.97592547,113.94240512,365.60937500,110.15625000
1,2539,11,609.98824330,69.98410789,607.45312500,67.28125000
1,4365,12,849.03826406,952.97744657,852.71875000,953.89062500
1,875,10,70.01049384,593.03174513,70.02343750,590.39062500
1,2187,20,256.11886148,952.10771793,248.78125000,951.12500000
1,2349,14,848.92816204,952.98587413,849.17968750,956.12500000
1,1667,1,1152.05479839,113.94471753,1149.36718750,111.81250000
1,4537,8,1162.24768502,72.86278851,1162.35937500,77.46093750
1,718,13,1048.91087051,827.96307834,1046.64843750,833.82812500
1,3588,21,1208.87415844,700.06220439,1206.42187500,701.10937500
1,2042,17,820.05726859,69.96656052,823.11718750,66.28125000
1,4209,12,613.75804998,797.26414131,614.71875000,800.52343750
1,259,13,1028.72297656,157.99685489,1031.99218750,160.96093750
1,2679,11,1152.09526773,354.11242731,1153.67187500,351.69531250
1,5168,3,70.09054114,323.00840115,67.96875000,327.60937500
1,3174,5,906.93481352,114.00730483,909.18750000,110.57812500
1,4067,15,1090.05798812,70.08363934,1091.35937500,76.83593750
1,3037,2,839.97359423,109.49067137,847.85937500,108.01562500
1,403,16,966.92836720,113.95522290,971.60937500,114.89062500
1,1036,7,880.00827666,69.94825545,882.72656250,66.70312500
1,71,19,1148.86463732,953.09612175,1139.50781250,952.64062500
1,1184,7,731.93564023,908.06399561,733.95312500,912.88281250
1,3589,21,1209.07566560,730.06213278,1206.31250000,730.90625000
1,1668,1,1152.03471396,174.09699100,1150.71875000,171.15625000
1,1861,20,368.89829755,952.98443507,360.57031250,954.25781250
1,1494,4,445.94651213,732.93723767,441.38281250,735.78906250
1,4987,3,1138.18247399,284.23818784,1141.27343750,281.07812500
1,4537,12,1203.25709760,90.17509701,1199.52343750,91.99218750
1,4210,15,611.90823250,908.06874464,608.76562500,911.97656250
1,564,14,109.66432841,699.39728074,108.18750000,697.29687500
1,2858,8,699.01799291,952.98120485,699.17968750,955.05468750
1,719,13,929.03630834,828.00914630,927.64843750,834.17968750
1,3350,2,1058.90075397,953.08788732,1055.78125000,959.11718750
1,4366,15,436.31893485,812.77493400,431.02343750,815.14843750
1,2539,8,663.34212469,101.20478888,666.35937500,97.30468750
1,2042,14,462.39325442,103.05131129,462.14843750,100.03906250
1,2187,17,1032.05321857,907.97927746,1034.81250000,911.21875000
1,2349,11,434.24988316,910.08362215,434.44531250,913.89062500
1,4837,6,1208.96234901,370.01016671,1210.17968750,368.75781250
1,3751,21,228.93983049,588.00030924,217.72656250,588.14062500
1,875,11,1181.88855576,586.86316077,1185.05468750,585.29687500
1,3902,18,70.03185474,502.92718027,67.65625000,500.08593750
1,1347,7,635.77790301,759.61052111,636.46875000,763.95312500
1,2680,11,1151.88478585,414.10567713,1154.21093750,411.71093750
1,260,16,280.10798342,69.91092908,283.39062500,67.04687500
1,4678,12,848.44746148,143.33354858,850.14843750,139.65625000
1,5169,2,1158.55273411,297.54805318,1165.14843750,303.89843750
1,3175,5,967.02328300,114.00712746,969.37500000,111.39843750
1,4068,18,214.79354880,383.89640456,210.80468750,381.03906250
1,1037,10,356.34025618,187.99088118,355.66406250,183.72656250
1,403,13,336.12084385,305.36452639,333.86718750,300.10937500
1,3038,5,460.05052293,70.07945548,458.67187500,65.95312500
1,71,16,130.35243067,911.32676156,130.05468750,907.67968750
1,4537,9,69.90792029,69.91044011,72.61718750,70.74218750
1,2540,11,639.89634892,69.97565500,637.43750000,67.12500000
1,1184,4,537.79106048,834.08938440,534.14062500,838.50000000
1,2350,14,818.92659804,952.91210319,819.14843750,956.21093750
1,4678,9,427.09969901,113.96889562,426.07812500,109.76562500
1,4366,12,818.91647791,952.95522144,822.58593750,954.24218750
1,1347,4,668.92411662,953.10339447,666.61718750,957.76562500
1,2043,17,850.06384673,69.87603335,853.29687500,66.51562500
1,3752,21,229.07823797,468.03345604,218.18750000,466.73437500
1,2681,11,1151.99624595,474.11514788,1155.43750000,471.98437500
1,4838,5,106.77256377,393.80894625,103.01562500,391.94531250
1,2188,20,316.39951119,952.12939100,308.21875000,952.48437500
1,3903,18,70.00675737,473.01173280,67.65625000,470.29687500
1,1669,1,1151.93542070,233.96242231,1152.03125000,230.52343750
1,4988,6,127.03315930,128.05134570,126.32812500,131.85156250
1,1861,17,919.60256717,907.15031545,922.71875000,911.83593750
1,4210,12,671.15858960,813.00768965,673.26562500,816.25781250
1,1495,4,351.89566215,732.99247366,346.55468750,734.73437500
1,3590,21,1209.09307173,760.04506698,1205.85156250,760.71875000
1,876,10,69.97273060,562.89315040,69.92968750,560.25000000
1,260,13,999.81439214,165.96783647,1003.53125000,168.07031250
1,565,13,1209.02694702,730.11591704,1205.05468750,735.92968750
1,5169,3,70.05418271,292.95927914,68.07812500,297.74218750
1,3351,2,1029.05467059,952.96459096,1026.09375000,959.14062500
1,2858,5,573.19568251,904.16834957,571.05468750,908.42968750
1,720,13,808.89986524,827.90307705,807.17187500,833.83593750
1,3176,5,1027.05258851,113.96427994,1028.80468750,112.30468750
1,4068,15,1119.97354171,69.98972521,1120.60937500,77.67187500
1,1037,7,910.11008021,69.94968145,913.08593750,67.03906250
1,404,16,1026.89218410,114.06918596,1030.80468750,116.42968750
1,2540,8,633.55668006,101.15657185,636.44531250,97.17968750
1,3038,2,810.15630211,109.36695863,817.72656250,107.28125000
1,72,19,1119.07965775,952.98088095,1110.45312500,953.07031250
1,1185,7,671.99325371,907.93567062,673.42968750,912.86718750
1,1348,7,663.96666360,767.44963661,665.16406250,771.86718750
1,4988,3,1116.70471103,339.37836496,1121.21093750,335.87500000
1,4538,11,83.36049756,103.41531846,84.39843750,108.87500000
1,2350,11,464.07180444,910.17852488,464.35156250,914.21875000
1,4679,12,790.59458190,159.37883275,791.83593750,155.37500000
1,4367,15,464.78610818,804.81725844,459.82812500,807.50000000
1,2043,14,432.52932807,103.12315540,432.25000000,100.28125000
1,2682,11,1151.91962652,534.04250239,1155.72656250,532.25781250
1,3753,21,228.93763312,348.03527449,218.91406250,345.54687500
1,2188,17,971.96915315,907.97839277,975.23437500,911.96875000
1,4838,6,1208.87268307,400.03059414,1210.31250000,398.77343750
1,3904,18,70.10951410,443.06183870,67.92968750,440.45312500
1,1670,1,1152.01593982,293.89049601,1153.28125000,290.19531250
1,4211,15,551.97552362,908.06123844,548.28906250,911.42968750
1,1862,20,339.00800330,953.07356065,330.85937500,953.74218750
1,5170,2,1158.39207023,267.87230489,1165.09375000,274.25000000
1,1496,4,351.87819165,492.99834949,346.75781250,491.36718750
1,261,16,309.90519636,69.96342003,312.96875000,66.84375000
1,876,11,1181.83722850,556.86361515,1184.88281250,555.27343750
1,3591,21,1208.91105293,790.05631512,1205.14843750,790.37500000
1,565,14,109.69068551,729.24885736,108.37500000,726.98437500
1,720,10,473.10446986,936.36455626,470.26562500,939.22656250
1,3352,2,998.91335510,953.10533159,996.10937500,959.39843750
1,2859,8,669.09391756,952.99832564,668.99218750,955.04687500
1,3177,5,1087.12243729,114.12411118,1087.87500000,113.50781250
1,4069,18,187.04867674,391.56301136,183.30468750,388.76562500
1,1038,10,327.52637787,179.88415522,327.10156250,175.89062500
1,2541,11,670.05199878,69.95495260,668.79687500,67.02343750
1,4989,6,228.99707887,192.91486044,224.86718750,193.25000000
1,1185,4,595.24365640,818.24599145,592.28906250,823.02343750
1,72,16,159.34824548,903.38267755,158.41406250,900.53906250
1,4538,12,1173.92438095,98.14578363,1171.00000000,99.17968750
1,3039,5,489.94912935,69.88285160,488.49218750,65.52343750
1,404,13,279.94951290,320.82641360,277.65625000,315.46875000
1,4367,12,789.11199455,953.09730499,792.57031250,954.63281250
1,4679,9,487.03549384,113.94257415,486.74218750,109.50781250
1,5170,3,69.88939856,263.01801023,68.21093750,268.00000000
1,2044,17,879.92617509,70.02845184,883.49218750,66.98437500
1,1348,4,639.08602486,953.06342738,636.45312500,957.60156250
1,2683,11,1151.91482291,594.02589088,1155.91406250,592.46093750
1,2351,14,789.02797175,953.10467071,788.96093750,956.51562500
1,4839,5,106.77373770,423.59362599,102.68750000,421.68750000
1,2189,20,376.50173672,952.19823242,368.08593750,953.73437500
1,1862,17,949.36763363,907.05186623,952.43750000,911.41406250
1,3905,18,70.07093894,413.03053919,68.15625000,410.54687500
1,1671,1,1151.98527359,354.02518025,1154.25781250,350.48437500
1,4211,12,728.52211071,828.86792026,731.39062500,831.87500000
1,3754,21,228.90759771,227.96706149,220.50781250,225.15625000
1,261,13,971.12421214,173.83605595,975.05468750,175.19531250
1,3592,21,1209.04888580,820.07115489,1204.75781250,820.07812500
1,1497,4,466.99528004,376.93381735,463.86718750,373.45312500
1,566,13,1208.88827494,760.02733659,1204.17187500,765.66406250
1,721,13,688.95533319,828.03170310,685.50781250,833.17187500
1,877,10,70.09339492,533.02341531,70.21093750,530.34375000
1,3353,2,968.94656953,953.00427899,966.53906250,959.42968750
1,2859,5,602.93965137,904.20105243,601.24218750,908.58593750
1,3178,5,1147.09643123,113.98889940,1146.50781250,114.57812500
1,4069,15,1150.13520062,69.96865791,1149.89843750,78.56250000
1,2541,8,603.52143391,101.12003041,605.19531250,97.10937500
1,1186,7,612.07917296,907.92039683,612.67968750,912.82031250
1,5171,2,1158.37798547,238.05597711,1165.53906250,244.57031250
1,4680,12,732.99334368,175.36400165,733.68750000,171.22656250
1,73,19,1088.98355046,953.00419440,1081.32812500,953.66406250
1,2044,14,402.79684532,102.95426151,402.32812500,100.34375000
1,1038,7,940.11457343,70.08341723,943.07812500,67.55468750
1,4989,3,1043.48598722,252.76729261,1047.13281250,249.32812500
1,4839,6,1208.88967780,429.98054677,1210.51562500,428.70312500
1,1863,20,308.96626089,952.92073813,301.02343750,952.95312500
1,2351,11,493.80453049,910.00998560,494.33593750,914.17187500
1,4538,9,99.94015245,70.02282803,102.28125000,70.45312500
1,3039,2,780.42523730,109.50692028,787.99218750,106.85937500
1,405,16,1087.01738744,113.93906058,1089.75000000,117.96093750
1,1349,7,692.42659329,775.45490924,694.08593750,779.93750000
1,2684,11,1151.97283028,653.96356886,1155.92968750,652.64062500
1,4212,15,492.11558481,907.96229885,487.71093750,910.77343750
1,4368,15,493.62696474,796.95235288,489.05468750,799.93750000
1,3755,21,351.95475619,288.04621354,342.60156250,284.35156250
1,3906,18,69.90357608,383.03836180,68.25000000,380.71093750
1,262,16,340.06406079,69.90953274,342.79687500,66.47656250
1,3592,18,78.57771468,744.19436506,76.83593750,740.07812500
1,1672,1,1152.06907571,414.00910819,1155.16406250,410.70312500
1,2189,17,912.08399455,907.93077696,915.20312500,912.60156250
1,721,10,590.35951469,903.38344746,588.82812500,907.68750000
1,3354,2,938.90135038,952.91450549,936.34375000,959.39062500
1,566,14,109.57796815,758.98086535,108.45312500,756.54687500
1,877,11,1181.94304803,527.13039153,1184.92187500,525.46875000
1,1498,4,811.10256559,377.03084029,814.28125000,375.25000000
1,2860,8,638.93874019,953.02775655,638.85156250,954.92968750
1,3179,5,1151.87856510,113.95620469,1150.96875000,114.63281250
1,4070,18,159.57678943,399.02578187,156.02343750,396.25781250
1,2542,11,699.97731034,69.92232360,699.07812500,66.87500000
1,4990,6,348.97950572,193.07752273,344.16406250,191.45312500
1,4840,5,106.88682301,453.33283191,102.69531250,451.57031250
1,1039,10,298.75491471,171.89719015,298.75781250,168.19531250
1,73,16,188.57581742,895.23403793,186.67187500,893.25000000
1,2045,17,909.92561261,69.91436180,913.21093750,67.28906250
1,1863,17,979.30879322,907.19272466,982.38281250,911.21875000
1,4680,9,546.91018662,113.90678410,547.35937500,109.37500000
1,2352,14,758.95625395,953.05466756,758.78125000,956.54687500
1,1349,4,608.98925035,952.93207549,606.13281250,957.36718750
1,405,13,223.88246868,336.50422933,221.81250000,331.14843750
1,4212,12,785.97508934,844.84595977,789.64843750,847.43750000
1,567,13,1208.87057597,790.08884164,1203.46093750,795.42187500
1,4539,12,1144.64870628,106.26193068,1142.67187500,106.53906250
1,4368,12,758.90510490,953.04396562,762.15625000,954.86718750
1,5171,3,69.87360953,232.94348680,69.03906250,238.25781250
1,3593,21,1208.93022132,850.02792299,1204.00000000,849.60937500
1,1673,1,1152.00198912,473.99869166,1155.65625000,470.96093750
1,3355,2,909.02629817,953.09079224,906.40625000,959.57031250
1,878,10,70.10571412,502.92859250,70.28125000,500.19531250
1,722,13,568.90589963,828.02608944,563.75781250,831.85937500
1,2190,20,436.79920527,952.05979475,428.25781250,954.61718750
1,3907,18,69.87846103,353.03399615,68.51562500,350.87500000
1,3756,21,592.04228156,287.90543663,586.40625000,284.16406250
1,1186,4,652.44419008,802.35760151,650.56250000,807.38281250
1,2685,11,1152.08983387,713.99277980,1155.82031250,712.76562500
1,262,13,942.15136178,181.88904448,946.36718750,182.49218750
1,3040,5,520.02088444,69.92877543,518.96875000,65.38281250
1,1499,4,811.01291476,644.05711073,812.92968750,647.35156250
1,2860,5,632.90951855,904.22197842,631.33593750,908.68750000
1,3180,5,1152.09100277,173.96126272,1152.44531250,173.88281250
1,4070,15,1180.00005701,70.07881142,1178.92968750,79.68750000
1,4990,3,929.46206785,220.72712985,932.46093750,216.74218750
1,2542,8,573.71263870,101.09575098,574.98437500,97.10937500
1,2045,14,372.94519237,103.04946517,372.91406250,100.72656250
1,74,19,1059.12157756,952.99436138,1051.95312500,954.15625000
1,1864,20,278.99243721,953.03323616,271.40625000,952.40625000
1,1039,7,970.00088099,70.10937548,972.65625000,68.05468750
1,4840,6,1209.01989529,459.88651427,1210.85937500,458.74218750
1,4681,12,675.26802782,191.29970946,675.13281250,187.21875000
1,2352,11,523.70073544,910.08143859,524.41406250,914.31250000
1,1350,7,720.97079256,783.18884348,723.14062500,787.74218750
1,406,16,1147.06011708,113.92696992,1148.32031250,119.65625000
1,4213,15,431.97658320,908.05209165,427.12500000,910.03906250
1,4539,9,129.98611255,69.97607779,131.62500000,69.92968750
1,567,14,109.58480226,788.85384349,108.84375000,786.18750000
1,5172,2,1158.50180079,208.33364746,1165.82812500,215.08593750
1,3593,18,89.87397774,716.44796417,87.56250000,712.78125000
1,4369,15,522.12575031,789.24640328,517.85937500,792.46875000
1,1674,1,1152.03233209,533.88647860,1156.12500000,531.35937500
1,878,11,1181.94138408,497.16826073,1184.64843750,495.34375000
1,3356,2,879.03250830,953.02448441,876.39062500,959.46875000
1,2190,17,852.04114848,908.08833614,854.95312500,913.25000000
1,3908,18,70.00390890,322.96762260,69.07812500,321.07031250
1,722,10,706.84323400,870.76022072,706.79687500,875.81250000
1,1187,7,552.06140996,907.97220070,551.99218750,912.66406250
1,3757,21,832.00462284,287.98227355,831.19531250,285.40625000
1,263,16,370.06189518,69.90939258,372.62500000,66.22656250
1,2686,11,1151.98626223,774.00653939,1155.32031250,772.47656250
1,3040,2,750.52797326,109.40659534,757.57812500,106.21875000
1,1500,4,466.96447681,643.92234898,463.07812500,645.68750000
1,2861,8,609.03027323,953.06902649,608.53906250,954.90625000
1,3181,5,1152.03051531,233.95738528,1153.30468750,233.44531250
1,4071,18,132.91155868,406.43553099,129.79687500,403.73437500
1,1864,17,1009.16574031,907.07110595,1012.05468750,910.71875000
1,406,13,168.02829695,352.00455687,166.41406250,346.60156250
1,4540,12,1115.40233202,114.27650984,1114.44531250,113.85156250
1,5172,3,69.99801945,202.97571455,69.75000000,208.68750000
1,568,13,1208.98461620,820.06838854,1202.64843750,825.10937500
1,1675,1,1151.89746379,594.05039624,1156.19531250,591.84375000
1,4213,12,843.92011389,860.76791319,848.11718750,862.81250000
1,3594,21,1209.09960020,880.04271492,1203.54687500,879.07812500
1,2543,11,729.93629240,69.87761440,729.06250000,66.80468750
1,2353,14,728.95003680,953.01681593,728.67968750,956.53125000
1,3357,2,848.91746228,952.96976705,845.84375000,959.35937500
1,3909,18,70.04203152,292.97485437,69.46875000,291.35156250
1,1501,4,553.10921706,443.95848979,551.26562500,442.04687500
1,879,10,70.00949015,473.06969900,70.46093750,470.28125000
1,2191,20,497.14628981,952.22337340,488.78125000,955.62500000
1,4369,12,729.01777603,952.92532330,732.03906250,954.96093750
1,263,13,913.36864007,189.83561483,917.67187500,189.80468750
1,4681,9,607.09124450,113.95321510,608.46093750,109.50000000
1,3758,21,925.95850307,287.95912136,926.00000000,286.24218750
1,2046,17,940.06163990,70.04551830,943.50781250,67.85156250
1,1350,4,578.93103805,953.09640798,575.65625000,957.34375000
1,74,16,217.53191754,887.19435511,215.14062500,885.92968750
1,4841,5,106.84805460,483.27478300,102.45312500,481.57031250
1,1040,10,269.75385307,164.00150371,270.14843750,160.68750000
1,2687,11,1151.89457150,833.88649657,1154.53906250,831.82812500
1,3041,5,550.02684063,69.96255599,549.14843750,65.31250000
1,1187,4,709.52786666,786.43375330,708.67968750,791.53906250
1,4991,6,469.02009685,193.07013821,464.96875000,189.93750000
1,723,13,449.11938870,828.00860182,442.85156250,830.00781250
1,2861,5,662.63013700,904.23080289,661.68750000,908.75000000
1,3182,5,1151.97808116,294.06397844,1154.00781250,293.45312500
1,4071,15,1209.09898563,70.01623840,1206.92187500,80.54687500
1,1865,20,249.10172068,952.89954506,242.01562500,951.59375000
1,4214,15,371.90003582,908.08695826,366.89843750,909.07812500
1,2353,11,553.53466111,910.14083436,554.39843750,914.39843750
1,3910,18,70.00885397,263.01635360,69.95312500,261.71875000
1,3358,2,818.91671229,952.92714472,815.82812500,959.19531250
1,5173,2,1158.49018301,178.68651373,1165.90625000,185.69531250
1,407,16,1151.89446608,114.06536097,1153.09375000,119.96875000
1,4540,9,160.03759593,70.02173820,161.02343750,69.44531250
1,568,14,109.72163041,818.63266402,109.25000000,815.64062500
1,4370,15,550.74715829,781.23718312,547.01562500,784.71093750
1,2191,17,791.95697745,907.94709703,794.43750000,913.43750000
1,1502,4,725.03710745,444.07780804,726.47656250,442.99218750
1,2543,8,543.86762290,101.08338825,545.07031250,97.13281250
1,3594,18,100.78185544,688.92165603,97.93750000,685.65625000
1,879,11,1181.83223602,467.43936439,1184.40625000,465.51562500
1,4682,12,618.01068812,207.09590347,616.89843750,203.21875000
1,264,16,399.91188430,69.96144777,402.53125000,66.10937500
1,1676,1,1152.12636043,653.93860086,1156.45312500,652.03906250
1,1040,7,1000.04456741,69.98130363,1002.57812500,68.39843750
1,2046,14,342.94189733,102.90148583,342.92968750,100.90625000
1,1351,7,749.33399326,791.03816526,751.83593750,795.59375000
1,75,19,1028.93600213,953.10863163,1022.23437500,954.71093750
1,3759,21,925.97528479,527.94660598,926.85937500,528.90625000
1,2688,11,1152.06832152,893.99706238,1153.93750000,891.25000000
1,723,10,822.18385219,838.46957574,823.59375000,843.64843750
1,3041,2,720.69045259,109.31838840,727.47656250,105.57031250
1,4841,6,1208.99656880,490.00372203,1210.90625000,488.88281250
1,4991,3,814.56568379,188.61939143,816.10156250,184.48437500
1,1188,7,492.05192108,908.08211894,491.52343750,912.39843750
1,2862,8,579.10448176,953.12235570,578.37500000,954.76562500
1,3183,5,1151.97191794,353.91809849,1154.51562500,353.46093750
1,4072,18,122.33897864,379.83638839,119.64843750,377.32031250
1,5173,3,69.98474564,173.06991624,70.39843750,179.25781250
1,4541,12,1086.19174050,122.42590510,1086.21875000,121.45312500
1,1865,17,1038.96885748,907.19311834,1041.49218750,910.39843750
1,2354,14,698.99331793,952.99106111,698.38281250,956.49218750
1,407,13,163.48991161,353.12465071,161.92968750,347.76562500
1,569,13,1208.96660891,849.95939755,1201.78906250,854.59375000
1,3359,2,789.01350028,952.89653077,785.64843750,958.96093750
1,3911,18,69.91041622,233.06203954,70.50781250,232.18750000
1,1503,4,724.90849027,577.96179830,725.68750000,579.74218750
1,880,10,70.07184840,442.94914874,70.22656250,440.21093750
1,2544,11,759.94085028,70.07506075,759.21875000,67.01562500
1,4214,12,901.97430432,876.77583143,906.37500000,878.03125000
1,4682,9,666.97689258,114.00957379,669.35156250,109.77343750
1,2192,20,557.43411136,952.18142363,549.60937500,956.24218750
1,4370,12,698.88046062,953.07700844,701.57812500,955.19531250
1,264,13,884.76196444,197.68133525,888.91406250,197.09375000
1,3595,21,1208.98370539,910.06762871,1202.71875000,908.53906250
1,1351,4,549.07200829,953.09468399,545.68750000,957.00000000
1,1041,10,240.78681049,155.99917540,241.82812500,153.16406250
1,2047,17,970.11665853,69.90779864,973.46093750,68.20312500
1,2689,11,1152.13394027,908.08367225,1153.84375000,904.96875000
1,4842,5,106.91520697,513.20521574,102.37500000,511.54687500
1,75,16,246.73037397,878.96216077,243.94531250,878.42968750
1,1677,1,1151.95032551,713.90016953,1156.12500000,712.21093750
1,3042,5,579.98395162,69.98424670,579.36718750,65.24218750
1,724,13,329.02625528,827.96186509,322.23437500,827.64062500
1,3760,21,926.05165314,732.92622621,925.92187500,736.28125000
1,1188,4,766.38896436,770.51325475,766.45312500,775.60156250
1,4992,6,588.92280312,193.09310122,586.64843750,189.03906250
1,2862,5,692.36365703,904.22774846,691.83593750,908.75000000
1,3184,5,1152.01260044,413.89501047,1154.92187500,413.67968750
1,5174,2,1158.62129846,148.85475856,1165.83593750,156.22656250
1,2354,11,583.32192746,910.18823674,584.57031250,914.46093750
1,4371,15,579.08099807,773.59625631,575.79687500,777.22656250
1,1352,7,778.01735913,799.04940117,781.00000000,803.56250000
1,4072,15,1209.02694445,99.97738204,1207.54687500,109.42187500
1,4842,6,1209.08043364,520.11254135,1210.98437500,519.03906250
1,2047,14,313.04119613,103.02007349,313.33593750,101.36718750
1,2690,11,1092.08129378,907.91575775,1095.17187500,906.20312500
1,4541,9,190.12482950,69.92422758,190.40625000,68.78125000
1,76,19,998.97553637,952.94170778,992.85156250,955.02343750
1,265,16,429.91290514,69.88741479,432.39843750,65.85937500
1,3042,2,690.89612353,109.24221968,697.33593750,105.07031250
1,2544,8,513.96715083,100.83067330,514.98437500,97.02343750
1,3760,18,318.74780815,904.40099900,315.09375000,903.30468750
1,4215,15,312.01146768,908.06169097,307.17968750,907.89062500
1,4683,12,560.86187120,222.96368191,558.70312500,219.45312500
1,2192,17,731.96515684,908.00917050,733.60937500,913.68750000
1,3595,18,111.82119252,661.80321764,108.63281250,658.81250000
1,1041,7,1030.02356814,69.96878969,1032.15625000,68.87500000
1,1866,20,218.98901708,953.03535629,212.40625000,950.96093750
1,1678,1,1151.89519139,774.09677268,1155.71093750,772.32812500
1,408,16,1151.97165022,174.06993368,1153.69531250,178.75000000
1,1189,7,431.95920143,908.01090982,431.12500000,911.82812500
1,569,14,109.72801893,848.33577778,109.71093750,844.87500000
1,3911,15,1203.05730289,257.38219422,1204.53125000,263.15625000
1,4992,3,699.04413616,156.30516555,698.43750000,152.42187500
1,3360,2,758.94313685,952.87774963,755.10156250,958.77343750
1,1504,4,552.98886586,577.93149282,550.60156250,578.97656250
1,880,11,1181.88016203,437.44514195,1183.63281250,435.50000000
1,724,10,936.94594679,806.37130082,939.53906250,811.22656250
1,2863,8,548.90062602,952.93406705,548.34375000,954.40625000
1,3185,5,1152.12311719,473.88876004,1155.14843750,474.06250000
1,5174,3,70.11656728,142.99313376,70.92187500,149.68750000
1,4371,12,669.06272783,952.93835461,671.46093750,955.18750000
1,2545,11,790.01490098,70.00604102,789.67187500,66.96875000
1,408,13,142.12395667,298.29290830,142.46093750,293.10937500
1,3361,2,728.94171894,953.12521761,725.00781250,958.79687500
1,4993,6,708.99762581,192.94349569,708.60156250,188.60156250
1,1505,4,604.96830032,484.01065100,603.73437500,483.24218750
1,881,10,70.02297669,413.02915724,70.59375000,410.24218750
1,4215,12,960.01706497,892.84197446,964.23437500,893.17187500
1,4073,18,111.69304579,352.91516122,109.53906250,350.53125000
1,2691,11,1031.93968330,907.95881817,1035.95312500,907.47656250
1,3043,5,609.90804920,69.99388363,609.60156250,65.21875000
1,76,16,275.71093126,871.07400173,272.35937500,871.19531250
1,3761,21,686.12241580,733.06327755,681.85937500,737.29687500
1,4542,12,1057.24549724,130.43833040,1057.82812500,128.87500000
1,265,13,856.08139638,205.67364543,860.34375000,204.53906250
1,2193,20,617.78725832,952.18822697,610.59375000,956.70312500
1,4683,9,726.97215926,113.96593843,730.34375000,110.14062500
1,3596,21,1209.08049618,940.03792466,1202.01562500,937.83593750
1,4843,5,106.82827594,542.89447272,102.35937500,541.38281250
1,3912,18,70.02918469,203.04720152,71.25000000,202.59375000
1,1679,1,1152.01643463,833.93957729,1155.32812500,831.87500000
1,570,13,1209.07322064,880.05117411,1200.94531250,884.15625000
1,1866,17,1068.97189385,907.04835854,1071.22656250,909.80468750
1,2048,17,1000.07772681,70.01329643,1003.09375000,68.82812500
1,1189,4,823.18328589,754.79442172,824.01562500,759.79687500
1,725,13,229.12643824,827.98245051,223.27343750,825.44531250
1,1352,4,518.91011294,953.01955854,515.24218750,956.61718750
1,1042,10,211.83800803,147.89152028,213.46875000,145.51562500
1,2355,14,669.06918755,952.97736380,668.26562500,956.43750000
1,2863,5,722.37400592,904.46374060,721.85156250,908.94531250
1,3186,5,1152.04487546,534.04243393,1155.05468750,534.67968750
1,5175,2,1158.61459204,119.06899112,1165.62500000,126.90625000
1,4372,15,607.57029573,765.66369273,604.89062500,769.39843750
1,3362,2,698.98216545,952.87639936,694.74218750,958.32812500
1,1506,4,674.01368453,484.06549875,673.90625000,483.60156250
1,1867,20,188.93392280,952.92822453,183.28906250,950.10937500
1,4843,6,1209.00823084,549.98214580,1211.02343750,549.00000000
1,725,10,1031.72531321,779.80042638,1034.25000000,784.18750000
1,77,19,968.92873981,952.93095169,963.02343750,955.42968750
1,1680,1,1152.04548217,894.02595261,1154.82812500,891.46093750
1,4993,3,582.53805020,123.89683608,580.12500000,120.92968750
1,881,11,1181.81792023,407.65019279,1183.32812500,405.60937500
1,2864,8,518.89222731,953.01173620,518.05468750,954.19531250
1,1190,7,372.12061464,907.98376819,370.99218750,911.14062500
1,3762,21,446.07445948,733.08800881,436.88281250,736.39843750
1,266,16,460.04725648,69.91270977,462.69531250,65.81250000
1,2355,11,613.07906382,910.22369520,614.63281250,914.46093750
1,2193,17,671.93042461,908.02304134,672.72656250,913.69531250
1,4542,9,219.97935510,69.89008356,220.03125000,68.35156250
1,1042,7,1059.95122741,70.06589529,1061.76562500,69.52343750
1,4684,12,503.91011060,238.66179828,500.67187500,235.60937500
1,2048,14,283.21504742,102.89763531,284.07812500,101.61718750
1,2545,8,484.00097074,100.84219823,484.59375000,97.16406250
1,570,14,109.85759152,878.22399216,110.24218750,874.28906250
1,409,16,1152.00752738,233.93993994,1154.23437500,237.93750000
1,3043,2,661.12953683,109.17802831,667.18750000,104.60937500
1,4216,15,251.95202388,908.03523416,247.67187500,906.59375000
1,3187,5,1152.04174122,594.00949538,1154.93750000,594.94531250
1,4073,15,1208.90184351,129.91666061,1208.03125000,138.45312500
1,1353,7,806.57220072,806.96497024,809.79687500,811.44531250
1,3596,18,122.50847980,635.01534001,119.08593750,632.28125000
1,3912,15,1191.69918815,285.47649562,1193.85156250,290.64062500
1,2692,11,972.10751191,907.95537075,976.86718750,908.57812500
1,5175,3,70.10827877,112.94606171,71.46093750,120.32812500
1,4372,12,638.96226095,953.04973245,641.08593750,955.32812500
1,3363,2,669.05877548,952.89377060,664.26562500,957.98437500
1,1867,17,1098.94958357,907.14404998,1100.50781250,909.41406250
1,2546,11,819.92272432,69.92546503,819.31250000,67.04687500
1,3044,5,640.06323405,69.99141716,640.11718750,65.23437500
1,3913,18,70.10816780,172.96372871,71.78906250,173.11718750
1,4684,9,786.92373104,114.03578820,791.21093750,110.76562500
1,4216,12,1018.40962560,909.00609141,1022.01562500,908.10156250
1,882,10,70.12953986,383.05792941,71.09375000,380.31250000
1,1681,1,1151.90783994,907.91727585,1154.67187500,905.16406250
1,571,13,1209.04896064,910.08126858,1200.00000000,913.64843750
1,2194,20,678.09310180,952.24393250,671.38281250,957.05468750
1,2864,5,752.18200526,904.43677578,752.21875000,908.82031250
1,1190,4,879.53131829,739.15505486,881.30468750,743.84375000
1,1043,10,182.61360354,139.88338120,185.03906250,138.07031250
1,2049,17,1029.97427956,70.10777069,1032.75781250,69.46875000
1,2356,14,638.91405304,952.97573825,637.72656250,956.29687500
1,2693,11,911.97229006,907.90708965,916.71093750,909.48437500
1,4994,6,828.90233537,192.93398159,830.20312500,188.79687500
1,1353,4,488.94967059,953.00468028,485.15625000,956.21093750
1,726,13,229.08033761,708.06246169,223.32031250,705.60937500
1,3763,21,352.02249633,733.09061101,341.63281250,735.64843750
1,1507,4,673.96301136,537.93084409,673.73437500,538.54687500
1,4074,18,100.66357895,325.50880201,99.00000000,323.37500000
1,77,16,304.69842283,863.02644659,301.27343750,863.69531250
1,266,13,827.29801212,213.59495800,831.31250000,211.96875000
1,3188,5,1152.10320095,653.93149194,1154.60937500,655.08593750
1,4844,5,106.84710759,572.84590256,102.28906250,571.42187500
1,3597,21,1209.12234725,953.04423861,1201.82812500,950.47656250
1,4543,12,1028.28985580,138.34991403,1029.57812500,136.33593750
1,409,13,120.30505427,242.18738275,122.72656250,237.47656250
1,5176,5,112.19484241,90.89223855,112.67968750,91.55468750
1,4373,15,636.02794583,757.87171944,634.00781250,761.74218750
1,3364,2,638.90407594,952.92345367,634.12500000,957.67187500
1,4217,15,192.12109370,907.97029057,188.92968750,905.08593750
1,4994,3,465.45428617,91.18041461,461.75781250,89.94531250
1,3764,21,352.00467564,493.05549746,341.47656250,492.21093750
1,726,10,1073.80571388,895.62006036,1073.31250000,899.02343750
1,267,16,490.08045975,70.00754123,492.89843750,65.85937500
1,1868,20,158.89133233,953.08605168,153.96875000,949.42187500
1,78,19,939.03056983,953.10662002,933.40625000,955.98437500
1,1508,4,604.91941871,537.97777989,603.50000000,538.33593750
1,3189,5,1151.96440687,713.94698489,1153.86718750,715.32031250
1,3913,15,1180.49441705,313.29449820,1183.34375000,317.92968750
1,2194,17,611.96705346,907.98855206,612.06250000,913.53125000
1,882,11,1181.90974909,377.79556646,1183.03125000,375.75781250
1,1682,1,1091.89578469,907.86589701,1095.75781250,906.06250000
1,571,14,109.85791671,908.06570794,110.78906250,903.58593750
1,2694,11,851.93052447,908.06304212,856.50781250,910.43750000
1,4074,15,1208.96100546,160.07330549,1208.78906250,167.89843750
1,1043,7,1090.08082448,69.98844404,1091.48437500,70.00781250
1,2356,11,643.06793585,910.24738716,644.94531250,914.42187500
1,1354,7,835.25799325,814.80235274,838.71093750,819.19531250
1,4685,12,447.04341691,254.36332413,443.11718750,251.83593750
1,3044,2,631.12821021,109.12538446,636.82031250,104.19531250
1,1191,7,311.87907066,908.06608391,311.13281250,910.36718750
1,3597,18,127.10553919,623.49312035,123.38281250,620.83593750
1,2865,8,489.06584393,953.10085441,488.11718750,953.89843750
1,2546,8,454.19857439,100.86550479,455.05468750,97.33593750
1,4543,9,249.87471697,69.95846025,249.47656250,67.92187500
1,410,16,1152.08754595,294.07457826,1154.85937500,297.75000000
1,2049,14,253.45388423,102.78615985,254.72656250,101.95312500
1,4844,6,1209.04321204,580.11983409,1210.85156250,579.23437500
1,5176,2,1158.46483918,89.31973703,1165.14843750,97.70312500
1,4373,12,608.87376843,953.02858876,610.57812500,955.32812500
1,3365,2,608.99609392,952.96497340,603.67968750,957.30468750
1,3190,5,1151.86691705,773.94635802,1152.93750000,775.11718750
1,4075,18,89.54806277,298.05161747,88.55468750,296.21093750
1,1044,10,153.64594162,131.79647432,157.18750000,130.57812500
1,2357,14,609.00582044,952.98620543,607.71875000,956.21093750
1,267,13,798.64056766,221.41209883,802.34375000,219.35156250
1,2050,17,1060.08604583,69.93547753,1062.41406250,69.85937500
1,78,16,333.45783164,854.85480048,329.77343750,856.06250000
1,4685,9,846.98816910,114.07919737,851.91406250,111.50781250
1,1191,4,936.02981956,723.36372803,938.16406250,727.87500000
1,3598,21,1178.96260051,953.09760467,1172.57031250,951.40625000
1,572,13,1208.90368534,940.05665604,1198.85937500,942.91406250
1,1509,4,629.03383647,503.03508132,628.02343750,502.82812500
1,727,13,229.03615037,587.95872117,223.71875000,584.64062500
1,883,10,70.12321117,353.01040305,71.50000000,350.40625000
1,1683,1,1031.99883241,908.08386023,1036.72656250,907.55468750
1,4544,12,999.07458291,146.41822540,1000.71875000,143.85937500
1,2695,11,792.09494236,907.91984371,796.41406250,910.93750000
1,1868,17,1128.88950803,906.97749506,1129.90625000,908.78906250
1,3045,5,669.97147159,69.97689117,670.24218750,65.28906250
1,3765,21,467.12461719,376.95872768,458.56250000,374.28125000
1,2195,20,738.48558190,952.34868791,732.39843750,957.26562500
1,410,13,97.78445269,184.39833073,102.39062500,180.67968750
1,4217,12,1076.75813752,925.19760682,1079.31250000,922.80468750
1,4845,5,106.71418683,602.59335282,102.21093750,601.21875000
1,3914,18,69.94055608,142.98370497,72.38281250,143.69531250
1,2547,11,849.92197444,70.08702681,849.51562500,67.38281250
1,2865,5,781.80409279,904.39821127,782.19531250,908.69531250
1,4995,6,948.94682173,192.92583320,951.09375000,189.54687500
1,1354,4,458.92936108,953.10416926,455.00781250,955.88281250
1,5176,3,69.95455512,82.91440014,71.71875000,91.04687500
1,4374,15,664.23026917,750.24209207,662.74218750,754.21875000
1,3366,2,579.07070364,953.01855237,573.42187500,956.83593750
1,3191,5,1152.05856579,834.05417256,1152.05468750,834.75000000
1,2357,11,672.81299427,910.25894058,674.96093750,914.32812500
1,4544,9,280.10260344,69.94241244,279.53906250,67.56250000
1,1044,7,1119.91885232,70.05962232,1120.55468750,70.69531250
1,4845,6,1208.92448576,610.05179537,1210.64062500,609.10937500
1,3598,18,154.82194844,631.09786332,150.69531250,628.61718750
1,1192,7,251.95175965,907.95586735,251.90625000,909.29687500
1,2866,8,458.91372144,952.94862068,458.08593750,953.37500000
1,79,19,909.06253764,952.95854691,903.62500000,956.21875000
1,883,11,1181.88962634,347.86588866,1182.59375000,345.89062500
1,572,14,109.73872767,937.87026681,111.17187500,932.67968750
1,2050,14,223.50709017,102.93897737,225.44531250,102.56250000
1,728,13,228.91464507,467.98199139,224.77343750,463.53906250
1,1684,1,971.90273820,908.03338081,976.84375000,908.65625000
1,5177,6,1153.57880584,79.93741319,1151.35937500,80.84375000
1,4686,12,390.38777317,270.20114189,385.66406250,268.35937500
1,4218,15,131.90145545,907.95580133,130.42968750,903.50781250
1,1510,4,649.88615761,502.97239626,649.41406250,502.79687500
1,2547,8,424.28992813,100.64833874,424.92968750,97.32031250
1,1869,20,128.87892421,953.00079170,124.86718750,948.49218750
1,3045,2,601.36802004,109.08512121,606.81250000,103.77343750
1,2195,17,551.94412218,907.90563443,551.25000000,913.13281250
1,4996,6,1048.95909057,192.95065078,1050.57812500,190.57812500
1,2696,11,732.10266589,907.98051333,735.89062500,911.53906250
1,4075,15,1209.08244330,189.93063437,1209.35937500,197.04687500
1,1355,7,863.82576221,822.75141669,867.57812500,826.96875000
1,3914,15,1169.69522494,340.73711977,1172.96875000,344.98437500
1,3766,21,810.98584424,377.01669488,810.00000000,375.33593750
1,268,16,520.06051274,69.95070313,522.90625000,65.78125000
1,411,16,1151.90429476,354.06045029,1155.02343750,357.62500000
1,4374,12,579.02617534,952.91449936,580.44531250,955.18750000
1,3367,2,549.11214172,953.08423406,543.41406250,956.46875000
1,3192,5,1151.96537961,893.90373654,1150.69531250,893.87500000
1,884,10,70.00199543,323.10903806,72.00781250,320.67187500
1,3599,21,1149.04774691,952.96048871,1143.46875000,951.94531250
1,4545,12,970.33698204,154.32548902,972.39062500,151.38281250
1,1192,4,992.10172328,707.88451688,994.37500000,712.17968750
1,2358,14,579.08086650,953.00871313,577.40625000,955.99218750
1,1045,10,124.37894317,123.81857261,128.92187500,123.29687500
1,572,11,1171.66469193,925.64313330,1172.81250000,922.03125000
1,2051,17,1089.88542032,70.00817050,1091.65625000,70.57031250
1,1685,1,911.99200645,907.99299192,917.27343750,909.66406250
1,2866,5,811.75521942,904.59848027,812.28125000,908.73437500
1,4846,5,106.69303916,632.39182355,102.35156250,631.07031250
1,79,16,362.29787997,846.98633453,358.54687500,848.67187500
1,4686,9,907.08697682,113.92987033,912.54687500,112.24218750
1,729,16,1086.28959156,101.09052435,1088.89843750,105.23437500
1,1869,17,1158.83480612,907.05156090,1159.28906250,908.28906250
1,4218,12,1135.68129241,941.49630569,1136.35156250,937.34375000
1,5177,3,127.06553907,113.92307024,126.10937500,119.44531250
1,1511,4,650.11052545,519.00775607,649.57031250,519.08593750
1,3046,5,699.89689248,69.95032160,700.60156250,65.32031250
1,4997,6,1048.90177890,312.90901405,1052.31250000,310.43750000
1,2697,11,672.06748870,907.99297847,675.23437500,911.88281250
1,2196,20,798.84647302,952.24789601,793.48437500,957.13281250
1,2548,11,880.04253592,69.98200304,879.69531250,67.46093750
1,1355,4,429.05102424,953.05937396,425.01562500,955.39062500
1,3767,21,811.12006305,644.00453347,809.75000000,646.68750000
1,4076,18,78.51274587,270.01804479,78.37500000,268.53125000
1,3915,18,70.06856252,112.99875010,73.29687500,114.40625000
1,411,13,74.99089922,125.17807649,82.17187500,123.05468750
1,268,13,770.11188166,229.34517868,773.60937500,226.82812500
1,4375,15,692.39720276,742.35688874,691.57031250,746.34375000
1,3368,2,519.10736194,952.90774152,513.06250000,955.75781250
1,3193,8,116.40954111,950.09196506,121.43750000,943.21093750
1,3599,18,182.29106930,638.82134955,177.82812500,636.63281250
1,1193,7,191.90869480,907.93148879,193.05468750,908.18750000
1,884,11,1181.75566287,318.08617557,1182.09375000,316.19531250
1,4545,9,309.87977872,69.95553655,309.11718750,67.25000000
1,2358,11,702.57612837,910.25859906,705.16406250,914.16406250
1,1045,7,1149.98257870,69.94068752,1150.03125000,71.21875000
1,573,13,1209.06342886,953.11600708,1198.46093750,955.67187500
1,2051,14,193.84689415,102.84915304,196.65625000,102.96875000
1,1686,1,851.89763617,907.90349564,857.19531250,910.49218750
1,80,19,878.96318078,952.94873397,873.50000000,956.50000000
1,2867,8,428.90679995,953.06218822,428.05468750,953.07031250
1,4846,6,1208.91891885,640.04080616,1210.53125000,639.11718750
1,4687,12,334.02348282,285.76001023,329.10156250,284.51562500
1,729,13,228.89772847,347.94930648,226.57812500,342.66406250
1,3046,2,571.58647176,109.05674337,576.56250000,103.44531250
1,4219,15,127.09014777,908.04395999,125.67187500,903.46875000
1,1512,4,629.01935055,519.01133539,627.99218750,519.02343750
1,1870,16,76.62319570,919.22758376,77.95312500,914.26562500
1,5178,6,1094.59137487,96.30045710,1093.95312500,95.72656250
1,2548,8,394.27066602,100.69549928,394.89062500,97.60156250
1,1356,7,892.53666774,830.83873177,896.29687500,834.84375000
1,2698,11,612.10453289,907.95708480,614.03125000,912.06250000
1,3915,15,1158.75410605,367.77109686,1162.35156250,371.64843750
1,4076,15,1208.90613005,219.95214179,1209.55468750,226.44531250
1,4998,6,1049.05592492,432.96052049,1053.46875000,431.28906250
1,2196,17,491.97153425,908.02586396,490.36718750,912.73437500
1,3768,21,467.08173475,643.91023825,458.24218750,646.05468750
1,412,16,1152.05874565,414.06884610,1155.30468750,417.70312500
1,269,16,549.97201208,69.97226266,553.12500000,65.89062500
1,4375,12,549.08775994,953.06764550,550.17187500,955.24218750
1,3369,2,489.03282547,952.99780102,482.65625000,955.27343750
1,3193,5,1152.03331865,907.98674377,1150.35156250,907.71093750
1,2052,17,1119.91258904,70.06844719,1121.24218750,71.26562500
1,1193,4,1048.06315265,692.34965183,1050.15625000,696.37500000
1,885,10,70.03027857,293.10852028,72.60937500,290.89843750
1,3600,21,1118.94046572,953.07727416,1114.08593750,952.71093750
1,4546,12,941.31569590,162.38180329,943.47656250,159.14062500
1,2359,14,549.12266900,953.04328881,546.39062500,955.78125000
1,1046,10,95.08020316,115.73535786,101.18750000,116.12500000
1,80,16,391.18856793,838.96473414,387.54687500,841.09375000
1,4847,5,106.77723433,662.26157995,102.54687500,660.88281250
1,573,14,109.90698139,950.82439832,111.43750000,945.33593750
1,1687,1,791.97437952,908.02152358,796.64062500,911.33593750
1,2867,5,841.54739953,904.53607101,842.35156250,908.49218750
1,2549,11,910.03363900,70.11991707,909.38281250,67.85156250
1,1513,4,1135.91816673,411.70254393,1138.93750000,413.48437500
1,4687,9,967.00934047,113.97676278,972.54687500,113.27343750
1,3047,5,730.10295539,69.91130969,730.92187500,65.42968750
1,730,16,1043.75549810,218.48450897,1048.46093750,220.15625000
1,5178,3,187.11700693,113.90062293,184.60156250,117.97656250
1,4219,12,1140.41069482,942.71272011,1141.02343750,938.43750000
1,1870,20,98.87700671,952.92630968,95.99218750,947.57031250
1,1356,4,399.05409850,952.91624978,395.13281250,954.75000000
1,3916,18,69.98587114,83.06889562,73.99218750,85.27343750
1,4999,6,1049.00585982,552.92709533,1053.55468750,552.47656250
1,2699,11,552.07907641,908.12405322,553.16406250,912.23437500
1,4077,15,1209.04252667,249.94551756,1210.10937500,255.93750000
1,2197,20,859.30896391,952.19584868,854.19531250,956.84375000
1,3769,21,552.99257501,443.95567120,546.06250000,442.58593750
1,413,16,1152.11689508,474.06537735,1155.10156250,477.90625000
1,269,13,741.67529149,237.17457567,744.72656250,234.32031250
1,4376,15,720.82412975,734.60342681,720.57031250,738.60937500
1,3370,2,458.87515444,953.10019688,452.41406250,954.71093750
1,1194,7,131.90352631,907.97392704,134.28125000,906.94531250
1,2549,8,364.36186153,100.50177366,365.24218750,97.69531250
1,2868,8,399.04373405,952.93260135,398.22656250,952.46093750
1,4220,15,127.11421186,848.03386979,124.83593750,844.45312500
1,3047,2,541.52158972,109.04016705,546.32031250,103.18750000
1,3600,18,210.06898599,646.38071041,205.33593750,644.53125000
1,5179,6,1035.94232924,112.47037385,1036.57812500,110.74218750
1,4546,9,340.01392974,69.89823000,339.27343750,66.88281250
1,1046,7,1180.04229296,69.91747891,1179.26562500,71.87500000
1,1357,7,921.42476320,838.84216678,925.33593750,842.60156250
1,2197,17,431.92130575,908.09793075,429.91406250,912.21875000
1,2052,14,163.96174567,102.77149870,167.49218750,103.44531250
1,81,19,848.96593523,953.10776760,843.58593750,956.85937500
1,1513,1,69.96195346,70.00381929,73.92187500,77.98437500
1,3916,15,1148.15952790,394.47955043,1152.07812500,398.10156250
1,3194,8,176.92046943,949.88956308,179.89062500,944.62500000
1,4688,12,277.87156214,301.37175398,272.64843750,300.81250000
1,885,11,1181.76987510,288.19633370,1181.57812500,286.45312500
1,1870,17,1188.77533748,907.11497857,1188.33593750,907.76562500
1,730,13,228.90858351,227.96069409,229.03906250,222.81250000
1,2700,11,492.11015725,907.99157965,492.71093750,911.92968750
1,414,16,1152.11496391,534.06804542,1154.69531250,538.15625000
1,5000,6,1048.97414253,673.10371350,1053.12500000,673.63281250
1,1688,1,731.87506091,908.05253295,736.01562500,911.96875000
1,4847,6,1209.02003102,670.11024687,1210.29687500,669.14843750
1,2359,11,732.37349931,910.24634670,736.07031250,913.92968750
1,573,11,1169.74374648,912.76560983,1171.30468750,909.44531250
1,4078,15,1208.94987608,280.00754514,1210.46875000,285.56250000
1,3770,21,724.91780328,444.06023292,721.94531250,443.13281250
1,270,16,580.07224608,70.10711899,583.47656250,66.14062500
1,4376,12,518.87466756,953.01611500,519.70312500,955.07812500
1,3371,2,429.12482290,952.95862781,422.49218750,953.92968750
1,2550,11,939.92558776,69.99229290,939.35156250,68.06250000
1,2868,5,871.20566050,904.71348083,872.28906250,908.46875000
1,3601,21,1089.05191238,953.01915605,1084.64062500,953.33593750
1,4221,15,126.94347905,788.07166248,123.94531250,785.14843750
1,4547,12,912.48786166,170.30518925,914.77343750,166.78906250
1,1194,4,1103.77534041,676.81717890,1105.69531250,680.53906250
1,3048,5,760.10786325,70.11471490,761.23437500,65.78125000
1,2198,20,919.75176678,952.19173324,914.69531250,956.45312500
1,5179,3,247.02344437,113.97501636,243.44531250,116.56250000
1,1357,4,368.95326168,952.90584360,365.02343750,954.26562500
1,1871,16,105.36357003,915.27124016,105.89843750,910.94531250
1,1514,4,1108.54680313,404.16747666,1111.85156250,405.67187500
1,3194,5,1091.99431652,908.08690158,1091.61718750,908.89843750
1,2053,17,1149.92197333,70.11791132,1150.17968750,71.98437500
1,1046,11,1206.73616644,108.15124998,1201.57812500,109.46093750
1,415,16,1152.05585280,593.93907990,1154.15625000,598.27343750
1,5001,6,1049.08257481,793.10692964,1052.01562500,793.73437500
1,574,13,1179.01353180,953.09326377,1170.23437500,956.18750000
1,4848,5,106.71565827,691.97972863,102.75781250,690.57812500
1,4688,9,1026.93784421,113.91282701,1032.28906250,114.41406250
1,3917,18,126.89038517,113.99565748,128.36718750,114.27343750
1,731,16,945.66907493,126.73436881,950.79687500,127.17968750
1,886,10,69.94884733,262.97621071,73.20312500,261.13281250
1,2360,14,519.11437810,953.08997705,516.21093750,955.57031250
1,1689,1,671.96228924,908.03631955,675.62500000,912.46875000
1,4079,15,1208.93890663,310.06323650,1210.71875000,315.25781250
1,2701,11,432.06141738,908.06223205,432.28906250,911.71875000
1,81,16,419.89699998,830.82441438,416.30468750,833.39843750
1,3771,21,725.02078045,577.92564623,721.78906250,579.40625000
1,270,13,713.07672615,244.93584539,715.59375000,241.73437500
1,4377,15,748.78263000,726.83627042,749.14062500,730.92187500
1,3372,2,399.00368617,953.08470905,392.30468750,953.33593750
1,1195,7,127.02090846,908.01744756,129.70312500,906.90625000
1,3195,8,237.23316840,949.98733265,238.36718750,946.28906250
1,4689,12,221.79517194,316.82646751,216.78125000,316.92968750
1,1690,1,612.10709752,907.93999967,615.25000000,912.70312500
1,731,13,352.06104672,288.06295260,349.92968750,282.62500000
1,4848,6,1208.97350106,700.02377368,1210.00781250,698.95312500
1,3917,15,1106.54715216,352.32500177,1111.10937500,355.53906250
1,2550,8,334.56668254,100.57179980,335.38281250,98.09375000
1,5002,6,1048.88268748,827.97652142,1051.21093750,828.32031250
1,2198,17,371.91610784,908.12262011,369.60937500,911.44531250
1,2360,11,762.22159555,910.22215107,766.24218750,913.66406250
1,1358,7,950.26373056,846.72785038,954.30468750,850.25000000
1,4080,15,1209.03437292,339.98833614,1211.05468750,344.87500000
1,5180,6,977.54743216,128.67416395,978.84375000,126.02343750
1,82,19,819.11501194,952.97723154,813.71875000,956.98437500
1,2869,8,369.04356689,953.06971319,368.50000000,952.06250000
1,1047,7,1209.00105105,69.89796863,1207.51562500,72.46093750
1,574,10,87.01187449,914.17954119,88.96875000,909.39062500
1,3601,18,237.62969392,654.05199455,232.91406250,652.57812500
1,4547,9,369.98102664,69.92004069,369.30468750,66.57812500
1,3048,2,511.64552445,108.78388618,516.09375000,102.75000000
1,2702,11,372.05771620,908.08550476,372.23437500,911.30468750
1,4222,15,126.87052835,728.00901374,123.32031250,725.48437500
1,3772,21,553.10536619,577.91345866,545.91406250,579.07812500
1,1514,1,99.88501199,70.00791912,102.73437500,76.92968750
1,886,11,1181.67524486,258.18067957,1180.85937500,256.71093750
1,1871,20,69.94055233,953.10938567,68.21093750,946.85937500
1,2053,14,134.09608996,102.70457176,139.04687500,103.92187500
1,416,19,77.97611699,926.07862314,75.10937500,922.67968750
1,271,16,609.92690099,70.07350387,613.45312500,66.26562500
1,4377,12,489.06352233,953.10821336,489.62500000,954.93750000
1,3373,2,369.01212491,952.96436977,362.44531250,952.47656250
1,1195,4,1108.28617789,675.51948642,1109.96875000,679.23437500
1,732,13,592.04623619,287.93347374,592.62500000,283.72656250
1,4081,15,1208.95881045,369.94420143,1211.12500000,374.54687500
1,4689,9,1086.93244122,113.98416113,1091.55468750,115.79687500
1,82,16,448.47774128,823.01008369,445.02343750,825.92187500
1,3195,5,1032.10175781,907.89068420,1032.78906250,909.68750000
1,4849,5,106.76906077,721.79931183,103.05468750,720.32812500
1,1691,1,551.90352494,907.89529836,554.33593750,912.79687500
1,5003,6,929.04400584,827.89978161,931.97656250,829.80468750
1,2869,5,900.98090499,904.62781852,901.96875000,908.13281250
1,574,11,1198.97161282,908.54454900,1199.10156250,904.64843750
1,1515,4,1080.89274454,396.58886351,1084.35156250,397.71875000
1,4223,15,126.92940000,667.96214436,123.12500000,665.53906250
1,4548,12,883.58170478,178.12251299,885.81250000,174.39062500
1,3049,5,789.93326521,70.05225127,791.35937500,65.93750000
1,2551,11,969.96666649,70.10670841,969.10156250,68.48437500
1,2703,11,311.97781112,908.06150296,312.28125000,910.67968750
1,3773,21,605.08811616,484.01088584,599.28906250,483.51562500
1,1047,11,1178.49102561,104.07503365,1174.20312500,104.99218750
1,416,16,1151.92385435,654.01281221,1153.40625000,658.46093750
1,1872,19,1174.16078795,926.07574552,1164.58593750,925.82812500
1,2361,14,489.04509794,952.89458018,485.92187500,955.12500000
1,2054,13,1204.04724416,100.39580112,1201.30468750,109.89843750
1,271,13,684.79502896,252.77755861,686.99218750,249.26562500
1,887,10,70.00511040,232.95899074,74.12500000,231.52343750
1,3918,18,186.98509995,114.06171012,187.35156250,113.26562500
1,3602,21,1058.90824553,953.05894851,1055.00000000,953.89843750
1,1358,4,338.97617340,952.99918199,335.05468750,953.71093750
1,5180,3,306.90342418,113.94780192,302.77343750,115.26562500
1,2199,20,980.04342375,952.23415183,975.14062500,955.92968750
1,4378,15,777.03692989,719.20028916,777.82812500,723.25781250
1,3374,2,339.11902629,953.11287871,332.47656250,951.82812500
1,1196,7,127.00184935,848.05297895,128.45312500,847.85937500
1,4082,15,1208.99409309,400.00029849,1211.40625000,404.43750000
1,733,13,831.88207996,288.05487934,835.72656250,286.66406250
1,1692,1,491.95475747,907.96588459,494.19531250,912.83593750
1,2870,8,338.90627857,952.96481699,338.46875000,951.34375000
1,83,19,789.08359764,952.96916602,783.36718750,957.12500000
1,4690,12,165.96185116,332.24085207,161.39062500,332.92968750
1,1515,1,130.05012158,69.97702050,132.03906250,75.83593750
1,3196,8,297.74780414,949.87506965,297.62500000,947.59375000
1,4548,9,400.05176164,70.06899618,399.50781250,66.49218750
1,2551,8,304.60087479,100.40127043,305.75000000,98.28125000
1,4849,6,1209.04343209,730.05003095,1209.67187500,728.84375000
1,575,13,1148.96678257,953.00686661,1141.19531250,956.54687500
1,3774,21,673.89369978,483.98771870,669.47656250,483.69531250
1,4224,15,126.87021140,608.04324166,123.02343750,605.53906250
1,3049,2,481.95044047,108.79120806,486.08593750,102.53906250
1,1048,10,71.08775973,78.48319876,79.25781250,80.58593750
1,2704,11,251.95985532,907.99480108,252.62500000,909.86718750
1,272,16,640.03894622,69.95809602,643.89843750,66.34375000
1,5004,9,486.21077996,930.37191281,483.97656250,934.33593750
1,1359,7,979.03985640,854.72433226,982.72656250,857.85156250
1,2054,17,1179.94281400,69.90224289,1179.57812500,72.46875000
1,3918,15,1050.79200127,336.82414466,1055.74218750,339.26562500
1,417,19,101.25504945,866.52298771,96.41406250,864.72656250
1,887,11,1181.71719410,228.26571735,1180.38281250,227.07812500
1,2361,11,792.14064573,910.43747502,796.39843750,913.57031250
1,2199,17,312.08841090,908.10129473,309.37500000,910.54687500
1,4378,12,458.94533160,952.98577672,459.36718750,954.60156250
1,1872,16,109.65066935,944.59493527,110.52343750,939.77343750
1,5181,6,919.02517617,144.70663383,920.50000000,141.28906250
1,3602,18,265.50304638,661.71331994,260.60156250,660.57812500
1,3375,2,309.07614154,953.01929523,302.89843750,950.93750000
1,1196,4,1129.58748344,730.31384011,1130.17187500,734.01562500
1,4083,15,1208.89373703,430.01815449,1211.36718750,434.30468750
1,83,16,477.15698089,815.04550965,474.20312500,818.25781250
1,272,13,656.33473323,260.74988849,657.96875000,257.04687500
1,2200,20,1040.55656781,952.32423014,1035.99218750,955.29687500
1,734,13,925.93370875,288.03595837,930.05468750,288.28906250
1,4690,9,1146.86901323,114.02883059,1150.52343750,117.33593750
1,2362,14,458.88853364,952.96568392,455.71093750,954.77343750
1,1872,20,70.03919213,922.97703038,67.61718750,917.56250000
1,4379,15,805.09950669,711.54102404,806.56250000,715.56250000
1,3775,21,674.07989330,538.04205153,669.57812500,538.60156250
1,1693,1,431.88728962,908.06453329,433.94531250,912.82812500
1,3050,5,820.09005739,69.97705623,821.57031250,66.15625000
1,1048,7,1208.92699364,99.99554758,1208.03125000,101.91406250
1,4225,15,126.96888641,548.10720812,123.25000000,545.50000000
1,4850,5,106.67805373,751.49541442,103.23437500,749.79687500
1,2552,11,999.94168750,69.95563509,998.64062500,68.68750000
1,1359,4,309.08998626,952.96481734,305.61718750,952.99218750
1,575,10,116.42763540,906.15177378,117.28906250,902.25000000
1,2705,11,191.89525970,907.87925405,193.62500000,908.84375000
1,5004,6,808.91690936,827.98780044,810.96093750,830.77343750
1,2054,14,104.25628223,102.90041782,110.08593750,104.69531250
1,2870,5,930.90440212,904.78128797,932.11718750,907.95312500
1,417,16,1151.88742891,713.94958959,1152.46875000,718.42187500
1,3919,18,247.10710708,114.06017109,246.72656250,112.39843750
1,888,10,69.93167236,203.02122423,74.73437500,202.07031250
1,3603,21,1028.96074629,952.93383060,1025.35937500,954.34375000
1,5181,3,367.08985266,114.12267989,362.89843750,114.28125000
1,1516,4,1053.45594939,388.98440829,1057.46093750,389.74218750
1,3196,5,972.01489441,907.90174030,973.27343750,910.51562500
1,4549,12,854.85302511,186.02786995,857.13281250,182.10156250
1,1197,7,127.05250225,788.04004135,127.53125000,788.33593750
1,3376,2,279.11203698,952.93676054,273.11718750,949.96875000
1,4084,15,1208.92566989,460.06286491,1211.41406250,464.19531250
1,273,16,669.90208829,69.89793753,674.01562500,66.52343750
1,2200,17,252.07070037,908.03299964,249.03906250,909.41406250
1,2362,11,822.13916244,910.38923865,826.54687500,913.23437500
1,4379,12,428.95479160,952.93993863,429.14062500,954.28906250
1,1694,1,372.10724577,908.03651217,373.92187500,912.46875000
1,1873,19,1174.10276580,896.29719456,1165.31250000,896.60937500
1,4850,6,1208.96709110,759.94529890,1209.19531250,758.49218750
1,2552,8,274.72017989,100.49442096,276.33593750,98.74218750
1,3603,18,293.18574352,669.48445239,288.32812500,668.73437500
1,3776,21,605.03647471,537.96734485,599.06250000,538.36718750
1,1360,7,1008.04594272,862.62355207,1011.56250000,865.41406250
1,4691,12,161.19931214,333.64897993,156.62500000,334.42187500
1,84,19,759.10600954,953.10625832,753.53906250,957.41406250
1,1048,11,1182.72015578,74.13982094,1177.46875000,75.92968750
1,1516,1,159.95692525,70.03360405,160.55468750,75.14843750
1,735,13,925.95963586,527.96602005,929.21875000,531.10937500
1,576,13,1118.89251996,953.10170662,1111.92187500,956.92968750
1,4226,15,126.97408896,488.02065674,123.78125000,485.22656250
1,5005,9,603.23550786,897.69919667,602.78125000,902.50000000
1,3050,2,451.92222124,108.81053345,455.93750000,102.44531250
1,2055,16,97.13575836,83.18728564,104.17968750,82.73437500
1,3919,15,994.79654725,321.32425219,999.85156250,322.87500000
1,5182,6,861.05149444,160.91680843,862.46093750,157.04687500
1,2706,11,131.92772275,907.97125142,134.99218750,907.98437500
1,2871,8,309.10841765,953.12415774,309.28906250,950.91406250
1,418,19,123.95513594,808.34592924,117.74218750,807.63281250
1,3197,8,358.29795419,949.55506720,357.53906250,948.52343750
1,888,11,1181.63057384,198.43905660,1179.62500000,197.59375000
1,4549,9,430.01434652,70.08171058,429.53125000,66.32031250
1,1197,4,1151.38214169,786.56616726,1150.50781250,790.02343750
1,3377,2,248.94762756,953.12131208,243.11718750,949.25000000
1,4085,15,1209.10593532,490.01464924,1211.52343750,494.06250000
1,2201,20,1101.14780493,952.46057775,1095.76562500,954.53906250
1,3777,21,628.91291667,503.01424776,623.35937500,502.96875000
1,2707,11,126.88878247,907.93477103,130.26562500,907.86718750
1,1695,1,311.96403655,907.95597536,314.22656250,911.92187500
1,2055,13,1174.99658839,104.17052544,1173.69531250,112.56250000
1,2553,11,1030.09596113,70.04646154,1028.38281250,69.23437500
1,2363,14,428.88222777,953.04839204,425.74218750,954.46875000
1,5005,6,689.02345853,827.90361013,689.19531250,831.10156250
1,273,13,628.14111689,268.59349389,629.31250000,264.60937500
1,4380,15,832.98562963,703.86274749,834.92187500,707.86718750
1,4851,5,106.70477445,781.33192173,103.67968750,779.39843750
1,3197,5,911.88912830,908.11817149,913.14843750,911.39843750
1,1048,8,91.77890927,95.98746104,97.91406250,97.21875000
1,889,10,70.01017349,172.92543243,75.51562500,172.56250000
1,418,16,1151.88874896,774.04011300,1151.18750000,778.39062500
1,84,16,505.70345213,806.97259315,502.74218750,810.51562500
1,4691,9,1152.02581799,113.93962793,1155.53906250,117.36718750
1,1517,4,1025.71708996,381.34348833,1029.82812500,381.69531250
1,3051,5,850.09660907,69.89027675,851.74218750,66.36718750
1,3920,18,307.10260689,113.97201205,306.36718750,111.52343750
1,736,13,925.88993329,732.88497042,926.28125000,738.70312500
1,5182,3,426.99324889,113.97496614,422.89062500,113.04687500
1,1873,20,69.98467138,893.07297204,67.13281250,888.30468750
1,2871,5,960.46762905,904.67335738,961.40625000,907.53906250
1,4550,12,826.28502171,194.01944023,828.17968750,190.03125000
1,3604,21,999.03135901,953.05647845,995.68750000,954.93750000
1,1360,4,279.04713128,953.09046266,275.88281250,952.46875000
1,576,10,145.78696315,897.95618106,145.75000000,894.92968750
1,4227,15,126.88602835,428.10130750,124.32031250,425.19531250
1,1198,7,126.99696966,728.06324156,126.51562500,728.54687500
1,3378,2,219.10416836,953.06064142,214.13281250,948.27343750
1,4086,15,1208.89686261,520.05134998,1211.23437500,523.97656250
1,2201,17,192.00740780,907.91909205,189.59375000,908.15625000
1,2708,11,126.97619916,847.95785963,128.94531250,849.12500000
1,2055,17,1209.13251004,69.93660299,1207.67968750,73.21093750
1,1696,1,252.06020802,908.06724875,255.31250000,911.43750000
1,889,11,1181.69454451,168.43651858,1178.85937500,168.13281250
1,274,16,700.01816337,69.97729192,704.30468750,66.88281250
1,1517,1,190.12098921,70.04249654,190.00781250,74.28125000
1,2553,8,244.63536979,100.34707015,246.68750000,99.03125000
1,2363,11,851.98828760,910.32941275,856.52343750,912.77343750
1,3920,15,938.69973381,305.88323287,943.54687500,306.53125000
1,3778,21,650.00368007,503.05744158,645.01562500,503.07812500
1,4380,12,399.07764096,952.96233367,399.19531250,954.00000000
1,1049,7,1208.99722769,130.09898997,1208.80468750,131.45312500
1,419,19,145.91908790,751.70680289,138.39062500,751.56250000
1,3198,8,418.47912568,949.53825730,417.36718750,949.51562500
1,85,19,728.98213526,952.91713812,723.05468750,957.25781250
1,4550,9,459.88689091,69.96428576,459.81250000,66.06250000
1,4692,12,139.72706385,278.50796276,136.15625000,279.98437500
1,5183,6,803.20677555,176.87540588,804.24218750,172.67187500
1,1874,19,1174.19120275,866.25218939,1165.96875000,867.06250000
1,3051,2,422.04068887,108.84160911,425.87500000,102.39062500
1,737,13,685.87981919,733.08232524,683.75000000,737.51562500
1,577,13,1089.08339998,952.91840249,1083.00781250,957.09375000
1,4851,6,1209.01002529,789.99448631,1208.79687500,788.26562500
1,2872,8,278.88753477,953.04291471,279.41406250,950.18750000
1,3604,18,320.97589992,677.04106949,316.23437500,676.65625000
1,1361,7,1037.01763345,870.63238863,1040.22656250,873.02343750
1,4228,15,126.96306113,367.98164776,125.22656250,365.17187500
1,5006,9,719.56285199,865.00534130,721.22656250,869.90625000
1,1198,4,1173.82704530,844.20461936,1171.34375000,846.92968750
1,3379,2,189.04606955,953.01251104,184.40625000,947.21875000
1,4087,15,1209.09488160,549.93484125,1211.39062500,553.75000000
1,2202,20,1161.63798702,952.38661621,1155.34375000,953.46875000
1,890,10,69.94955367,142.87660343,76.39843750,143.18750000
1,3921,18,366.86688261,113.96468408,366.16406250,110.89843750
1,5006,6,568.99022435,828.02537088,567.27343750,831.16406250
1,738,13,445.96316324,732.97853656,440.03125000,734.37500000
1,1697,1,192.11447568,907.93054015,196.57812500,910.57812500
1,274,13,599.71709390,276.36205807,600.40625000,272.23437500
1,1361,4,249.06875400,953.09755660,246.33593750,951.71875000
1,2709,11,127.07016604,787.99787028,128.00781250,789.84375000
1,4229,15,126.91896654,307.98668517,126.32031250,305.33593750
1,1518,4,998.15404389,373.85840769,1002.28906250,373.76562500
1,3605,21,969.02341230,953.07123823,965.89062500,955.46875000
1,4381,15,860.95073027,696.15605164,863.25781250,700.13281250
1,2364,14,399.02027135,952.88824456,395.64062500,953.81250000
1,1049,8,91.88704851,126.03169536,97.44531250,126.55468750
1,419,16,1152.02047470,834.03661745,1150.05468750,837.95312500
1,4551,12,797.59637672,201.90033325,799.31250000,197.82812500
1,85,16,534.41553458,799.17999141,532.01562500,802.97656250
1,4692,9,1151.99223226,174.07197730,1156.57031250,176.38281250
1,1874,20,70.07822871,862.88049333,66.60937500,858.64843750
1,3052,5,879.95876116,70.04966230,881.89062500,66.87500000
1,2872,5,990.46603815,904.80359996,991.41406250,907.27343750
1,3198,5,852.08959846,908.03542262,853.15625000,911.85156250
1,2055,14,75.21145402,102.84895066,82.42187500,105.24218750
1,577,10,174.87551784,890.11640884,173.85156250,887.90625000
1,4852,5,106.59511265,811.07224690,103.91406250,808.82812500
1,2554,11,1059.94881924,69.87338922,1057.60937500,69.50000000
1,3779,21,649.98850036,519.09402946,645.02343750,519.24218750
1,1199,7,126.97592025,668.03875995,125.64843750,668.44531250
1,5183,3,486.93279838,114.03872662,483.20312500,112.16406250
1,3380,2,159.01674476,952.97522619,155.00000000,946.18750000
1,4088,15,1208.90784606,580.00067538,1211.03906250,583.73437500
1,2202,17,132.04478335,908.01277385,130.58593750,907.06250000
1,890,11,1181.62057938,138.49312928,1178.14843750,138.67187500
1,3921,15,882.65405726,290.37540582,887.02343750,290.22656250
1,738,10,854.32137985,930.75800403,854.70312500,935.46875000
1,5007,9,835.13226041,832.74014687,838.80468750,837.20312500
1,1698,1,131.91090446,908.01988432,138.04687500,909.84375000
1,1362,7,1066.23224374,878.77692370,1068.95312500,880.66406250
1,275,16,729.95354944,69.90990867,734.53906250,67.20312500
1,2710,11,126.88379026,727.93121777,126.77343750,730.14062500
1,1518,1,220.00166280,69.94183405,219.27343750,73.29687500
1,4230,15,127.00769846,247.99537219,127.71875000,245.83593750
1,4381,12,369.05870692,952.99159916,369.23437500,953.67968750
1,2364,11,881.70912640,910.50974442,886.58593750,912.57812500
1,3605,18,348.84841588,684.72675624,344.24218750,684.64843750
1,420,19,167.58833140,696.52288256,159.05468750,696.63281250
1,1875,19,1174.12348626,836.38954595,1166.59375000,837.57812500
1,1050,7,1208.92343837,160.00987937,1209.28125000,160.93750000
1,2873,8,248.98926972,952.97118688,250.04687500,949.40625000
1,3052,2,392.28466916,108.62908894,395.78906250,102.14062500
1,4551,9,489.90282588,69.99033920,490.07031250,65.95312500
1,86,19,699.09246213,953.11718692,692.84375000,957.50781250
1,578,13,1058.96112770,952.87225253,1053.29687500,957.29687500
1,3199,8,478.92962925,949.57135107,477.67187500,950.40625000
1,4693,12,117.78430663,222.10766870,115.50000000,224.56250000
1,2056,16,97.06855401,113.15188038,103.31250000,111.86718750
1,4852,6,1208.91481345,819.93760051,1208.11718750,817.85156250
1,2554,8,214.87477751,100.46229980,217.59375000,99.58593750
1,1199,4,1196.84262383,903.40439867,1192.50000000,904.92968750
1,5184,6,745.40995663,193.00826053,745.77343750,188.67968750
1,3780,21,628.89750214,518.98877869,623.39062500,519.07812500
1,3381,2,129.00499497,952.94870898,126.03906250,945.14062500
1,4089,15,1209.12204772,609.98816881,1211.00781250,613.61718750
1,2203,20,1166.73149171,952.42522703,1160.11718750,953.42968750
1,891,10,70.01829033,112.88917627,77.24218750,113.97656250
1,4231,15,126.93233604,188.09308955,129.15625000,186.80468750
1,2711,11,126.91173204,667.88352317,126.07812500,670.24218750
1,1050,8,91.85184474,155.86286268,96.76562500,155.82812500
1,5007,6,448.99960400,827.94068573,445.80468750,830.39843750
1,739,13,352.02398199,732.98906180,345.35156250,732.82812500
1,3606,21,938.92442789,952.98504662,935.71875000,955.81250000
1,2056,13,1170.68938691,74.76513366,1168.91406250,83.92968750
1,275,13,571.54571346,284.20661365,571.62500000,279.89062500
1,3922,18,427.00635130,113.91676835,426.61718750,110.36718750
1,1362,4,218.87939749,953.03666891,216.81250000,950.87500000
1,4853,5,106.59967709,840.98237626,104.42968750,838.38281250
1,4693,9,1151.93996038,234.00736967,1157.35937500,235.61718750
1,3199,5,792.00561367,907.90285530,792.65625000,912.07812500
1,4382,15,889.01809483,688.42707960,891.82812500,692.35156250
1,420,16,1151.89041876,894.07547018,1148.58593750,897.20312500
1,2873,5,1020.14104934,904.92390792,1020.91406250,906.99218750
1,1200,7,126.87290085,607.99201594,125.19531250,608.21093750
1,86,16,562.76566362,791.09896011,560.85937500,795.09375000
1,1519,4,970.52897100,366.19153782,974.85156250,365.76562500
1,1875,20,70.01391363,832.88673843,66.15625000,829.12500000
1,3781,18,69.92783616,70.01360115,72.78125000,72.91406250
1,1699,1,127.07180267,907.93448531,133.49218750,909.67187500
1,5184,3,547.08157693,113.91818880,544.01562500,111.32031250
1,2555,11,1090.00605701,69.94551107,1087.09375000,70.07812500
1,4552,12,768.79303788,209.88406485,770.21875000,205.76562500
1,578,10,204.19274323,882.07480123,202.68750000,880.60937500
1,2365,14,369.02116526,952.99452364,366.09375000,953.46093750
1,3053,5,909.95781405,69.93931682,911.59375000,67.14843750
1,3382,2,98.99996280,952.93288978,96.73437500,944.05468750
1,4090,15,1208.93559596,639.94601103,1210.50781250,643.42968750
1,2203,17,127.00258648,907.97640611,125.76562500,906.88281250
1,891,11,1181.67492591,108.59228526,1177.35156250,109.45312500
1,4232,15,126.94358025,127.93759609,130.81250000,127.82812500
1,276,16,759.92870453,69.95459358,764.54687500,67.60937500
1,1519,1,249.95537134,70.00910080,248.31250000,72.60156250
1,3053,2,362.40363403,108.68351831,366.22656250,102.13281250
1,5185,6,687.96836813,208.81983123,687.43750000,204.44531250
1,3606,18,376.81927664,692.53932896,372.53125000,692.82812500
1,2056,17,1209.07091864,100.12351456,1208.35937500,102.66406250
1,2555,8,184.88118561,100.33368668,188.25781250,99.95312500
1,5008,9,949.98156040,800.56479766,955.31250000,804.11718750
1,2712,11,126.87313715,607.96021674,125.37500000,610.23437500
1,4694,12,95.15963274,164.20033087,94.23437500,168.15625000
1,3922,15,826.05083810,274.75412667,829.69531250,273.85156250
1,3200,8,539.27818059,949.39584616,538.25781250,950.88281250
1,4552,9,520.10469525,69.94527403,520.50781250,65.79687500
1,1201,7,126.87182765,547.93745198,125.00000000,547.82812500
1,2874,8,218.89005016,952.90872823,220.92187500,948.62500000
1,4382,12,338.87632289,953.01503495,339.06250000,953.26562500
1,3781,15,1143.59870039,406.03344150,1149.10156250,409.70312500
1,421,19,172.45628597,683.81916367,163.46875000,683.85156250
1,1700,1,126.88308093,848.02276745,131.50781250,850.82031250
1,87,19,669.02798666,952.98056094,662.73437500,957.44531250
1,739,10,945.88842427,904.78732005,946.81250000,909.25781250
1,2365,11,911.55238729,910.42659227,916.16406250,912.10937500
1,1876,19,1174.16851986,806.71960951,1167.16406250,808.19531250
1,579,13,1029.03385986,953.02796779,1024.14062500,957.73437500
1,1051,7,1208.98781204,189.95910823,1209.93750000,190.45312500
1,4853,6,1208.93535494,850.06585319,1207.63281250,847.53125000
1,1363,7,1095.19951795,886.76424641,1097.55468750,888.12500000
1,3383,2,70.07634660,952.91850613,69.08593750,943.03906250
1,4091,15,1208.88887912,670.06371286,1210.12500000,673.35156250
1,2204,17,127.09226250,847.99539879,125.04687500,847.80468750
1,4233,15,229.12590246,193.04955223,228.56250000,190.35937500
1,892,10,69.94272243,82.91833504,78.03125000,84.95312500
1,3054,5,940.09386349,70.07094445,941.86718750,67.67968750
1,5185,3,607.02170517,114.01691901,604.71093750,110.90625000
1,87,16,591.31412088,783.29914484,589.65625000,787.44531250
1,1701,1,127.03894235,788.06117392,130.46093750,791.50781250
1,2366,14,338.87616774,953.11311042,336.07812500,953.03125000
1,4694,9,1151.97695417,293.98552708,1158.22656250,295.25000000
1,2056,14,70.83375937,72.69624127,79.10156250,76.23437500
1,3384,1,1181.12554421,929.52668743,1184.39062500,926.53906250
1,4383,15,916.72296690,680.88465144,919.75781250,684.77343750
1,2556,11,1120.03795850,70.00345259,1116.39843750,70.60156250
1,1520,4,942.81600799,358.51064647,946.84375000,357.66406250
1,4854,5,106.75616861,870.58217279,105.05468750,867.46875000
1,4553,12,740.32505938,217.70797314,741.30468750,213.54687500
1,1363,4,189.01275935,953.06392069,187.39843750,950.16406250
1,2874,5,1050.01203717,905.03539144,1050.24218750,906.64062500
1,5008,6,328.92956519,827.96281731,325.14843750,829.13281250
1,3782,18,100.09247451,69.98178479,103.50000000,71.84375000
1,2713,11,127.02348826,548.02580922,125.14062500,550.14062500
1,579,10,233.23035694,873.90673653,230.87500000,873.19531250
1,740,13,351.95636826,493.00677894,347.25000000,489.89843750
1,421,16,1151.97728200,908.08061213,1148.57031250,910.95312500
1,1051,8,91.95394525,185.74504930,96.35156250,185.18750000
1,3607,21,909.00822679,952.94024465,905.82031250,956.18750000
1,1876,20,70.06354653,803.07177141,65.70312500,799.63281250
1,276,13,543.35092232,291.94639872,543.10156250,287.47656250
1,3200,5,732.01434648,907.97678218,732.06250000,912.36718750
1,3923,18,486.92641706,114.09175194,486.93750000,110.25781250
1,1202,7,126.92861878,488.00925991,125.00000000,487.49218750
1,2205,17,126.91997262,788.02947214,124.17968750,788.25781250
1,4092,15,1208.94095269,700.07000408,1209.75000000,703.14062500
1,4234,15,349.06131065,193.03080289,347.48437500,189.68750000
1,892,11,1181.58616775,78.72396636,1176.52343750,80.39843750
1,3054,2,332.36463085,108.49794428,336.05468750,101.94531250
1,4695,12,71.93121844,104.62242516,72.91406250,110.49218750
1,88,19,638.95157500,952.97109938,632.27343750,957.34375000
1,1702,1,127.12750285,727.93258751,129.46093750,731.68750000
1,2057,16,96.88332589,142.88403739,102.34375000,140.86718750
1,4383,12,309.05830658,952.95014230,309.39843750,952.71875000
1,5186,6,630.79037634,224.71682240,629.19531250,220.53906250
1,2556,8,154.91001052,100.21918256,159.08593750,100.33593750
1,1520,1,279.94624188,70.06590604,278.03906250,71.82031250
1,3384,2,70.09491824,922.95228328,68.89062500,913.82031250
1,2875,8,189.07787783,953.11320086,191.80468750,947.98437500
1,2366,11,941.54005519,910.33137165,946.17187500,911.53906250
1,4854,6,1209.10960243,879.90342323,1207.20312500,876.81250000
1,4553,9,549.98798105,69.96751860,550.91406250,65.88281250
1,580,13,999.04768373,953.10607433,994.35156250,957.97656250
1,5009,9,1044.93040476,773.95269879,1050.70312500,776.61718750
1,741,13,467.02676425,376.99967448,464.57031250,373.11718750
1,1364,7,1124.43425251,894.88601420,1125.78125000,895.60937500
1,1052,7,1208.92160694,219.99092444,1210.27343750,220.25000000
1,3782,15,1115.94044960,398.44485492,1120.37500000,401.73437500
1,2714,11,127.09216050,487.94064319,125.03906250,489.96875000
1,422,19,228.16165067,699.46277661,218.52343750,700.10937500
1,277,16,789.99933937,69.90734985,794.75781250,68.03906250
1,1877,19,1174.07758051,776.71607732,1167.64843750,778.45312500
1,3201,8,599.65034222,949.26904274,599.04687500,951.25000000
1,3607,18,404.67815799,700.28017898,400.59375000,700.92187500
1,1203,7,127.04513164,428.03358581,125.13281250,427.15625000
1,3923,15,769.52357382,258.92917777,772.53906250,257.27343750
1,2206,17,126.99570632,727.96099663,123.59375000,728.20312500
1,4093,15,1209.08053837,729.99830212,1209.49218750,732.78906250
1,4235,18,797.82634984,97.01697182,801.71875000,94.37500000
1,892,8,92.27078281,91.42126530,98.45312500,92.67187500
1,4695,9,1151.96890374,354.07062236,1158.72656250,355.17187500
1,1521,4,914.98614710,351.00138809,919.10937500,349.77343750
1,3055,5,969.89183896,69.93816594,971.60156250,68.03906250
1,88,16,619.79539241,775.39097237,618.73437500,779.68750000
1,422,16,1091.90840879,907.99092279,1090.03906250,911.72656250
1,3783,18,129.96308388,69.97024378,132.71875000,71.19531250
1,5186,3,666.93985677,113.95953705,665.52343750,110.47656250
1,1877,20,69.97576092,772.93151155,65.33593750,769.82031250
1,4384,15,944.54378682,673.14936793,947.93750000,676.99218750
1,1703,1,126.95184575,668.02285571,128.12500000,671.84375000
1,4855,5,106.77116216,900.37909885,105.57812500,896.72656250
1,2367,14,309.08726016,952.98433048,306.30468750,952.35156250
1,1204,10,1200.87174001,110.46991205,1199.48437500,116.00000000
1,2057,17,1208.89008900,130.08402933,1208.85156250,132.03125000
1,3924,18,546.92991939,114.01824854,547.65625000,110.03906250
1,1364,4,158.91239612,953.03124326,158.45312500,949.27343750
1,4554,12,711.71287663,225.62823057,712.32031250,221.46875000
1,277,13,515.13537528,299.78306846,514.33593750,295.22656250
1,3201,5,671.97946261,908.00251405,671.26562500,912.42187500
1,2715,11,127.07890550,428.04376596,124.42968750,429.86718750
1,5009,6,229.05512860,827.99272224,225.94531250,827.64062500
1,742,13,811.10028692,377.00669393,814.35156250,376.41406250
1,3608,21,879.01622472,952.99365189,875.75000000,956.58593750
1,3385,1,1180.95166052,899.59597221,1184.16406250,896.95312500
1,2557,11,1150.04879473,70.05060504,1145.26562500,71.20312500
1,2875,5,1079.56595180,904.88295027,1079.37500000,906.03906250
1,580,10,262.28188724,865.81330259,259.66406250,865.72656250
1,2207,17,127.02401998,667.90936947,123.17187500,668.00000000
1,1052,8,91.92642704,215.69286438,95.67187500,214.75000000
1,4235,15,469.01469535,193.05655676,468.00000000,189.51562500
1,4094,15,1209.05783897,760.06281698,1208.91406250,762.55468750
1,893,10,126.98554391,113.95413189,131.57031250,113.37500000
1,4696,9,1152.04508009,414.06880454,1159.07812500,415.22656250
1,89,19,609.08977517,953.11550320,602.17968750,957.44531250
1,423,19,283.88007547,714.99002093,274.14062500,716.38281250
1,3055,2,302.67802155,108.57497042,306.45312500,102.09375000
1,1521,1,309.94000740,69.91543873,307.35937500,71.01562500
1,278,16,819.89624047,69.93822915,824.95312500,68.60937500
1,4384,12,279.00625255,953.04880289,279.57812500,952.33593750
1,1365,7,1153.44273808,902.83876058,1154.38281250,902.92968750
1,3783,15,1088.51262893,390.89992659,1093.14843750,393.82812500
1,5187,6,573.71641913,240.47650696,571.06250000,236.66406250
1,581,13,968.99887827,953.09967636,964.57812500,958.17968750
1,1878,19,1174.09012988,746.86938466,1168.10156250,748.69531250
1,2208,17,126.98629834,607.98251058,122.77343750,607.85156250
1,2367,11,971.19411581,910.48063131,975.90625000,911.20312500
1,3924,15,712.65066938,243.25903571,714.80468750,240.98437500
1,1704,1,126.98093848,608.06449151,127.20312500,611.80468750
1,1204,7,126.98897666,368.01919473,125.28906250,366.87500000
1,4236,18,680.76403819,129.67414153,683.39843750,125.76562500
1,2716,11,126.98870783,367.95569054,124.50781250,369.79687500
1,2058,16,97.09820832,172.70698494,101.69531250,170.19531250
1,3202,8,659.93242158,949.19129017,659.53906250,951.40625000
1,2557,8,124.95688584,100.11541563,130.27343750,100.75781250
1,3608,18,432.68192563,707.96394119,428.89843750,708.97656250
1,3385,2,69.98417769,892.95997044,68.42968750,884.43750000
1,743,13,810.92619308,644.06112123,811.66406250,648.14062500
1,2876,8,159.04506747,953.07572567,162.57812500,947.16406250
1,4855,6,1209.14066760,909.92824659,1206.52343750,906.21875000
1,5010,9,1087.24138255,889.88514217,1090.21093750,890.77343750
1,4554,9,580.08549563,69.93315450,581.33593750,65.85937500
1,1053,7,1208.98172567,250.09167699,1210.83593750,250.14843750
1,4095,15,1209.06873087,789.96821016,1208.28125000,792.10156250
1,893,7,1148.93129642,80.40237804,1149.39843750,81.60156250
1,4697,9,1152.01619509,473.95345418,1159.10937500,475.26562500
1,89,16,647.98650133,767.41014510,647.38281250,771.79687500
1,423,16,1032.08446178,908.02100143,1031.19531250,912.36718750
1,5187,3,726.93351182,114.00926794,726.37500000,110.31250000
1,2368,14,279.11266634,953.12530065,277.00000000,951.84375000
1,3925,18,606.96858998,114.08316159,608.53125000,110.11718750
1,1205,10,1177.68878653,169.96511615,1178.11718750,173.72656250
1,4385,15,972.27448568,665.59300922,975.92968750,669.35937500
1,3784,18,160.12290077,70.04161032,162.13281250,70.69531250
1,3202,5,612.01627490,907.97987007,610.64843750,912.28906250
1,1878,20,69.99257507,742.93646228,65.01562500,740.00000000
1,1365,4,129.11318105,953.10396963,129.35156250,948.56250000
1,2058,17,1209.11340464,160.08108762,1209.62500000,161.63281250
1,2209,17,126.87835463,548.04346443,122.60156250,547.46875000
1,581,10,291.35342579,857.79952623,288.44531250,858.28125000
1,4555,12,683.39788105,233.39031504,683.51562500,229.33593750
1,4236,15,588.99045136,193.09169499,589.36718750,189.85156250
1,1705,1,127.13086311,548.05650975,126.66406250,551.57031250
1,4856,8,1164.23882611,926.11453458,1162.57031250,924.03125000
1,5010,6,228.99604914,708.00837184,224.35937500,708.68750000
1,278,13,487.10482816,307.49124142,485.65625000,302.77343750
1,3386,1,1180.91320806,869.64687222,1184.23437500,867.17968750
1,744,13,467.10036720,644.07477797,462.18750000,644.63281250
1,2876,5,1109.36086397,904.96965680,1108.73437500,905.62500000
1,1522,4,887.05359848,343.31363754,890.94531250,341.65625000
1,1053,8,92.02447405,245.71832118,95.32812500,244.42187500
1,2558,11,1180.05278341,70.08702435,1174.55468750,71.77343750
1,3056,5,1000.11107834,70.04616294,1001.31250000,68.61718750
1,3609,21,848.89664847,952.95884922,845.34375000,956.84375000
1,2717,11,127.09579938,308.02215925,125.20312500,310.16406250
1,4096,15,1208.90017786,820.09099810,1207.42187500,821.78125000
1,894,10,187.04482798,114.12058983,189.90625000,112.66406250
1,4698,9,1151.90746363,534.05361306,1158.82812500,535.55468750
1,90,19,579.01000836,952.91743364,571.96875000,957.10937500
1,1879,19,1174.20847716,717.16502294,1168.59375000,719.10937500
1,3784,15,1060.80042200,383.19532683,1065.71875000,385.77343750
1,1205,7,127.08549231,307.94961445,126.03906250,306.71093750
1,2059,16,96.93170507,202.30144627,100.89062500,199.36718750
1,2368,11,1001.01202307,910.36313650,1005.25000000,910.53906250
1,1366,7,1182.72774092,911.18005389,1182.82031250,910.58593750
1,2210,17,126.94895561,487.95574422,122.75781250,486.97656250
1,3203,8,720.25890319,949.16238713,720.25000000,951.42968750
1,424,19,339.93506043,730.70860861,330.18750000,732.73437500
1,3925,15,655.58515776,227.39570556,656.82031250,224.54687500
1,4385,12,249.04974456,952.99078294,249.89062500,951.75000000
1,4555,9,609.89975927,69.97511197,611.53906250,65.92187500
1,582,13,939.12170626,953.04576099,935.11718750,958.30468750
1,5188,6,516.87453407,256.25656407,513.13281250,252.84375000
1,5011,6,229.09177035,588.07947130,223.40625000,588.66406250
1,3386,2,70.01003546,862.92667183,68.27343750,854.81250000
1,279,16,849.91588353,69.89621125,854.69531250,69.03906250
1,4856,5,106.66130163,930.13512768,106.11718750,925.78125000
1,1522,1,340.04214620,69.91782874,337.20312500,70.33593750
1,4237,18,564.41600880,162.31715244,565.12500000,157.97656250
1,1054,7,1208.89116853,280.05702357,1211.06250000,279.92187500
1,2877,8,129.03321158,953.04899824,133.92968750,946.33593750
1,2558,8,95.00787302,100.02230653,101.21875000,101.23437500
1,1706,1,127.09791984,487.99184472,126.23437500,491.27343750
1,745,13,552.94869406,444.07501944,551.19531250,441.94531250
1,3056,2,272.54681735,108.41261939,276.86718750,102.00000000
1,2718,11,126.89341776,248.10834873,125.52343750,250.67187500
1,3609,18,460.82384546,715.77314955,457.57031250,717.16406250
1,4096,12,77.07238405,738.34580814,76.92968750,737.91406250
1,894,7,1090.00439095,96.61565074,1092.00781250,96.21093750
1,4699,9,1151.99331560,594.06786081,1158.58593750,595.74218750
1,90,16,676.42425248,759.70193387,676.21875000,764.24218750
1,1879,20,70.11633677,713.07497025,64.78906250,710.33593750
1,4386,15,999.91564138,658.04581929,1003.59375000,661.77343750
1,3785,18,189.96786933,69.94362378,191.43750000,70.07812500
1,1206,10,1155.39147840,227.83633449,1157.03125000,230.37500000
1,4237,15,709.10580572,192.94987367,711.28125000,190.62500000
1,2059,17,1208.95148410,189.88654674,1210.03906250,191.08593750
1,2211,17,126.93784835,428.05283093,123.07031250,426.76562500
1,2369,14,248.96233310,953.02437425,247.21875000,951.09375000
1,3926,18,666.88894180,114.08117567,669.35156250,110.26562500
1,3203,5,551.99326379,907.90880782,549.92187500,911.92968750
1,1523,4,859.23888894,335.64464074,862.68750000,333.56250000
1,1054,8,91.97268009,275.59311755,94.71093750,273.97656250
1,1707,1,126.88392612,428.03767521,125.73437500,431.10937500
1,5012,6,229.05816497,468.00520492,223.10937500,468.03906250
1,5188,3,786.91987655,113.97527214,787.14062500,110.27343750
1,2559,10,97.31173994,78.22060771,104.01562500,79.46875000
1,2877,5,1139.13065126,905.04571554,1137.54687500,905.18750000
1,4856,9,74.03493896,929.19947725,74.89062500,926.03125000
1,3387,1,1180.72580709,839.88176341,1183.99218750,837.70312500
1,746,13,725.10822624,443.94835215,726.35156250,443.40625000
1,1366,4,99.03520577,952.86796134,100.50000000,947.42187500
1,3057,5,1030.01748935,69.89002167,1031.04687500,69.02343750
1,279,13,459.02355499,315.28558240,457.44531250,310.47656250
1,582,10,320.21324222,849.89191426,316.82812500,850.92968750
1,3610,21,818.91517423,952.99207536,815.19531250,957.12500000
1,424,16,972.08035335,907.95424622,971.89062500,912.83593750
1,4556,12,654.90288942,241.24211868,654.46875000,237.29687500
1,2719,11,126.92002475,188.08836123,126.26562500,191.42187500
1,4097,15,1208.96468549,849.92841036,1206.99218750,851.14062500
1,895,10,246.98793098,114.03146755,248.75000000,111.79687500
1,4700,9,1151.96662830,654.00130000,1158.31250000,655.70312500
1,91,19,549.07563641,953.07028371,541.70312500,957.05468750
1,3785,15,1033.27441395,375.70820041,1038.26562500,377.84375000
1,1206,7,126.94224973,248.06639185,127.02343750,246.94531250
1,1880,19,1174.17045155,687.32344105,1169.05468750,689.34375000
1,3926,15,598.41666574,211.57147322,598.75000000,208.38281250
1,2060,16,96.89104644,232.22832069,100.07031250,228.92187500
1,3204,8,780.51144529,948.92510331,781.02343750,951.03125000
1,2369,11,1031.02846979,910.48511380,1034.99218750,910.12500000
1,2212,17,127.11049602,367.96379579,123.64062500,366.35937500
1,4238,18,449.09842377,194.47134511,447.96875000,190.28125000
1,4386,12,219.13094758,952.94835706,220.54687500,951.15625000
1,1523,1,369.96787108,69.93408351,367.14843750,69.67187500
1,1055,7,1208.92817225,310.12692079,1211.48437500,309.97656250
1,1366,5,1207.56065517,950.42995326,1203.57812500,948.46093750
1,5013,6,229.06634513,347.92905461,223.39062500,347.58593750
1,3387,2,69.88526823,833.08916279,67.85937500,825.46875000
1,2559,7,1183.32789779,107.35218552,1183.70312500,108.70312500
1,2878,8,99.02809245,953.03297253,104.90625000,945.45312500
1,5189,6,460.12898187,272.02704507,455.54687500,269.08593750
1,3057,2,242.74732657,108.51260634,247.19531250,102.21093750
1,1708,4,1191.51655878,116.88374162,1190.45312500,120.61718750
1,583,13,908.90475130,952.86997813,904.80468750,958.23437500
1,4856,6,1209.04524841,939.89866957,1205.85156250,935.50781250
1,4556,9,639.96239662,69.97693360,642.08593750,66.04687500
1,747,13,725.00163247,578.00272875,724.90625000,580.15625000
1,280,16,880.03970191,69.98225383,885.03125000,69.74218750
1,3610,18,488.90151510,723.49723489,485.96093750,725.22656250
1,2720,11,126.94883087,128.08300238,127.11718750,132.64843750
1,425,19,396.20707254,746.39584109,386.66406250,749.10156250
1,895,7,1031.43612798,112.99180333,1034.34375000,111.25000000
1,4097,12,88.10126225,710.66600372,87.03125000,710.61718750
1,4700,6,81.50290826,916.65414681,84.00781250,911.30468750
1,1880,20,70.08201734,683.08407264,64.62500000,680.48437500
1,1207,10,1133.50178421,284.33582899,1136.38281250,286.18750000
1,425,16,912.09151796,907.97892010,912.32812500,913.17187500
1,4557,12,626.45293156,249.15675912,625.52343750,245.37500000
1,3786,18,219.86157403,69.96219312,220.85156250,69.59375000
1,91,16,704.58539423,751.72123242,704.96875000,756.34375000
1,280,13,430.85130716,322.97838145,428.65625000,318.18750000
1,3927,18,727.07021429,113.93238501,730.27343750,110.46093750
1,2721,11,229.05607387,193.12069842,226.01562500,194.03125000
1,4238,15,828.92330754,192.99990465,832.56250000,192.12500000
1,2060,17,1208.91674407,220.00581351,1210.42187500,220.86718750
1,4387,15,1027.71696634,650.33137129,1031.64062500,654.00781250
1,748,13,553.07759889,577.92298131,550.03906250,578.32031250
1,2370,14,219.12448770,952.93310668,217.89843750,950.35937500
1,3204,5,492.02060133,908.04411679,489.14062500,911.55468750
1,3388,1,1180.68302972,809.82211206,1184.13281250,807.82031250
1,2559,11,1208.97178659,70.12125434,1202.20312500,72.36718750
1,5189,3,847.02405756,113.92416348,847.68750000,110.36718750
1,2878,5,1168.88918279,905.11119651,1166.73437500,904.65625000
1,1367,4,70.07841519,952.87995161,72.92968750,946.46093750
1,3058,5,1060.11918447,69.97577598,1060.59375000,69.67187500
1,1708,1,127.03614056,367.98845326,125.90625000,370.92968750
1,3611,21,789.01956875,952.90614802,784.95312500,957.27343750
1,4857,8,1162.57811474,913.25312754,1161.35937500,911.47656250
1,583,10,349.37032959,842.02458485,346.13281250,843.57812500
1,1055,8,92.04771412,305.57914842,94.39843750,303.78906250
1,2213,17,126.95985896,308.02504047,124.17187500,306.34375000
1,1524,4,831.29287593,327.80079999,834.71093750,325.37500000
1,5013,3,1098.26444773,101.99663927,1097.60937500,100.87500000
1,896,10,306.89629073,113.95775827,307.90625000,111.01562500
1,4098,15,1209.08872095,880.01472730,1206.32031250,880.66406250
1,4701,9,1152.03633436,713.99798617,1157.57812500,715.61718750
1,1881,19,1173.97919464,657.34050539,1169.16406250,659.28125000
1,426,19,452.79799786,762.19582172,443.68750000,765.50000000
1,749,13,605.09523661,483.99425536,603.75781250,483.16406250
1,5190,6,403.56826629,287.55828373,398.35937500,285.24218750
1,2560,10,97.25997830,107.97295168,103.20312500,108.20312500
1,1367,8,94.88015027,911.74012089,99.63281250,905.12500000
1,3058,2,212.72493986,108.37248482,217.75000000,102.23437500
1,92,19,519.10054559,953.11073990,511.64843750,956.89062500
1,1709,4,1168.64492287,176.10567283,1168.91406250,178.43750000
1,2214,17,127.02251998,248.10851660,125.09375000,246.61718750
1,3611,18,516.91020898,731.32041208,514.50781250,733.37500000
1,2879,4,89.08793514,909.05366454,89.42968750,904.21875000
1,2722,11,348.99330148,192.89561343,345.03125000,191.65625000
1,584,13,879.05463670,952.91016158,875.05468750,958.32031250
1,281,16,910.07514086,69.96591641,914.92187500,70.38281250
1,1056,7,1209.07758967,340.07170593,1211.99218750,339.87500000
1,1207,7,126.91481554,188.06896092,127.82812500,187.38281250
1,2061,16,97.00249985,262.01273610,99.53125000,258.48437500
1,3786,15,1005.69604878,368.09226325,1010.75000000,369.89843750
1,4557,9,670.04680201,69.90327196,672.55468750,66.09375000
1,4857,5,106.56172043,943.06867706,106.21875000,938.46875000
1,3927,15,540.76504373,195.76261933,540.46093750,192.31250000
1,3388,2,69.90699571,802.93514502,67.75000000,795.65625000
1,896,7,973.10298162,129.28648561,976.60937500,126.48437500
1,1524,1,400.02471384,70.09093923,396.78125000,69.29687500
1,4239,18,334.27508982,226.53304793,331.92187500,222.89062500
1,4387,12,188.93936979,953.03150838,190.77343750,950.57812500
1,3205,8,840.82987407,948.99345660,841.31250000,950.65625000
1,4098,12,99.02884379,683.08725706,97.31250000,683.36718750
1,5014,6,229.08255412,228.06805186,224.58593750,228.14843750
1,2370,11,1060.73621318,910.59731889,1064.36718750,909.62500000
1,4701,6,104.46043269,857.14145447,104.67187500,853.86718750
1,1881,20,69.89276180,652.95482771,64.24218750,650.33593750
1,750,13,673.90041478,483.96475569,673.57031250,483.75000000
1,2560,7,1179.03777874,78.18171667,1178.79687500,80.17187500
1,4558,12,598.25218860,256.91084732,596.60937500,253.32031250
1,4388,15,1055.21838189,642.81420737,1058.96875000,646.46875000
1,2215,17,127.05362743,188.08670126,126.02343750,187.01562500
1,2371,14,189.05021361,953.10851976,188.63281250,949.75000000
1,5014,3,1055.52671906,219.42479099,1058.28906250,216.14062500
1,2879,8,70.10788835,953.01836477,77.57812500,944.57812500
1,3059,5,1089.91506161,70.05215390,1089.85156250,70.35156250
1,2061,17,1209.03556101,249.96247620,1211.03906250,250.67968750
1,5190,3,907.08660945,114.05988433,907.97656250,110.75000000
1,92,16,732.76666733,743.84689635,733.53906250,748.49218750
1,1709,1,127.12672148,308.04850936,126.41406250,310.99218750
1,3612,21,758.98905952,952.94324594,754.58593750,957.52343750
1,584,10,378.07758541,834.06432941,374.74218750,836.03906250
1,1056,8,92.23420881,335.44283033,94.30468750,333.50000000
1,281,13,402.83500639,330.72938531,400.27343750,325.82031250
1,1208,10,1112.13438530,339.43004930,1116.00781250,341.03125000
1,3787,18,250.06588633,70.05455710,250.59375000,69.22656250
1,4239,15,949.05679018,193.00641367,953.30468750,194.14062500
1,4857,9,72.31986561,916.47621495,73.06250000,913.49218750
1,4099,15,1208.88213163,909.94538194,1205.33593750,909.93750000
1,3928,18,786.94089792,113.91066870,790.82812500,111.04687500
1,1367,5,1178.63255488,946.29588102,1175.69531250,945.04687500
1,897,10,367.12888190,113.95974763,367.62500000,110.34375000
1,1525,4,803.41633782,320.16627223,806.35156250,317.39062500
1,3389,1,1180.74786690,779.93612275,1184.22656250,777.97656250
1,426,16,851.97148026,907.98004874,852.21875000,913.33593750
1,2723,11,468.90425310,192.97916665,465.15625000,190.17187500
1,3205,5,431.97704515,907.87678750,428.78906250,910.78906250
1,4702,9,1152.09897270,774.04061121,1156.64062500,775.26562500
1,1882,19,1174.14692111,627.45261752,1169.66406250,629.36718750
1,751,13,674.09570892,538.06817448,673.21875000,538.89843750
1,2560,11,1208.93201911,100.05600166,1203.16406250,101.36718750
1,5191,6,347.35669022,303.17319558,341.71093750,301.47656250
1,3612,18,545.12519714,739.07858161,543.21093750,741.40625000
1,3389,2,70.03690572,772.94174324,67.69531250,765.85937500
1,4558,9,699.89168443,69.92171805,702.99218750,66.32812500
1,4388,12,159.06051890,952.99755145,161.71093750,949.88281250
1,2724,11,589.01703085,193.11945385,586.53125000,189.25000000
1,3059,2,183.00257574,108.24218914,188.57812500,102.28906250
1,5015,6,352.01408877,288.00472427,346.38281250,286.14062500
1,2371,11,1090.65194073,910.44580667,1093.60156250,908.82031250
1,2062,16,96.99851417,291.88573188,98.83593750,288.14062500
1,2879,5,1197.56847173,905.17347696,1194.24218750,904.17968750
1,93,19,489.06825475,953.04621086,481.47656250,956.54687500
1,4857,6,1208.95127598,952.91852246,1205.43750000,948.18750000
1,585,13,849.05623254,953.07844123,845.00781250,958.50000000
1,1710,4,1146.54287917,234.05237649,1148.16406250,235.46875000
1,897,7,914.64303618,145.53882340,918.47656250,141.94531250
1,4240,18,239.37035804,253.08676666,236.67187500,250.14062500
1,1057,7,1209.07064816,369.93235431,1212.20312500,369.73437500
1,2216,17,127.08743334,128.07930131,127.18750000,127.80468750
1,282,16,939.98871503,70.04507052,944.53125000,71.11718750
1,1208,7,126.90890574,128.07355474,128.78906250,128.14843750
1,1525,1,429.89205110,70.05486275,426.67187500,68.63281250
1,3206,8,901.08152776,948.85593104,901.18750000,949.87500000
1,4099,12,110.07089706,656.07544219,107.77343750,656.66406250
1,3928,15,483.24336667,179.86095080,482.44531250,176.34375000
1,427,19,509.34487841,778.03703132,501.10156250,781.85937500
1,1368,7,1207.02582081,948.24429250,1206.34375000,946.68750000
1,3787,15,977.80714277,360.31815513,982.85937500,361.75781250
1,4702,6,126.85783104,799.10023677,125.24218750,797.44531250
1,1882,20,70.06649597,622.90133658,64.39062500,620.31250000
1,752,13,605.05083170,538.01405608,603.11718750,538.17968750
1,2561,10,97.33776720,137.77108880,102.38281250,137.26562500
1,5191,3,967.04689186,114.01636016,967.93750000,111.17187500
1,4389,15,1082.90915374,635.14853225,1086.56250000,638.76562500
1,5015,3,957.45084226,127.79998975,958.69531250,124.73437500
1,1526,4,775.36097754,312.55039619,777.77343750,309.39843750
1,2880,7,1186.20683595,926.97159909,1186.56250000,926.42968750
1,2217,17,228.91957771,192.87648719,225.99218750,190.03125000
1,2725,11,708.91817158,193.06642302,708.99218750,188.66406250
1,1710,1,126.95415772,247.96717391,126.57031250,251.26562500
1,4559,12,569.82155317,264.74159457,567.75000000,261.39062500
1,93,16,760.98330558,736.06704709,762.17187500,740.78125000
1,898,10,427.03885924,113.96247202,427.42187500,109.82812500
1,4100,15,1208.93124083,939.98488206,1204.56250000,939.25000000
1,1209,10,1038.99406665,252.78597458,1043.39062500,253.18750000
1,3390,1,1180.65846842,750.19154027,1184.32812500,748.35937500
1,3613,21,729.05146171,953.07236110,724.20312500,957.75000000
1,1368,4,69.90628675,923.07597347,72.15625000,917.40625000
1,2372,14,159.02263612,953.04055100,159.27343750,948.89062500
1,3206,5,371.97350550,907.91337054,368.68750000,910.06250000
1,1057,8,92.26530851,365.20945867,93.96093750,363.17187500
1,3060,5,1119.94205539,70.11611846,1119.31250000,71.03125000
1,282,13,374.94652567,338.35082022,372.21875000,333.39843750
1,4240,15,1048.99068450,192.95986319,1052.78906250,196.12500000
1,3929,18,847.11720596,113.91563967,851.46093750,111.73437500
1,4858,8,1191.72558212,908.90037376,1189.50000000,906.72656250
1,585,10,406.84582300,825.95892565,403.60156250,828.32031250
1,2062,17,1209.03783467,280.01345439,1211.33593750,280.55468750
1,427,16,792.09834681,907.92829035,791.89843750,913.45312500
1,3788,18,279.99887893,69.94588611,280.37500000,68.61718750
1,4703,9,1151.98574517,833.92877817,1155.40625000,834.50781250
1,1883,19,1174.14560353,597.62415189,1169.85937500,599.46875000
1,753,13,628.94661329,502.97441040,627.47656250,502.75000000
1,2561,11,1209.02306830,130.01667985,1204.05468750,130.64843750
1,2880,4,93.32091031,938.25055651,94.11718750,932.71875000
1,1711,4,1124.87439691,290.32491151,1127.53906250,291.31250000
1,94,19,458.92937327,953.06054601,451.12500000,956.25000000
1,4389,12,128.88501946,953.06209364,132.27343750,949.29687500
1,5016,6,592.09164277,287.96104383,589.85937500,284.36718750
1,2218,17,349.12102348,192.90792552,345.85156250,188.75000000
1,898,7,856.69634516,161.64770652,860.51562500,157.46875000
1,4100,12,120.78084360,629.23331909,117.96875000,629.97656250
1,3613,18,573.32235556,746.74034323,571.88281250,749.38281250
1,2372,11,1120.55003538,910.53509981,1123.07812500,908.28125000
1,3390,2,70.01093134,743.09951679,67.68750000,736.25000000
1,1209,7,228.93402705,192.95491745,227.42968750,190.61718750
1,3060,2,153.04538397,108.12375050,159.29687500,102.38281250
1,4559,9,730.03228690,69.92683133,733.43750000,66.51562500
1,1368,8,90.97069141,941.39012053,96.56250000,933.76562500
1,1058,7,1208.91899561,399.95623222,1212.31250000,399.83593750
1,428,19,566.22250213,793.91548252,558.64062500,798.15625000
1,3207,8,961.39543121,948.76602747,961.85937500,948.89843750
1,2726,11,828.95433098,193.06767865,830.27343750,188.75000000
1,5192,6,291.35053865,318.65952807,285.49218750,317.52343750
1,1526,1,459.87687110,69.95018129,456.76562500,68.04687500
1,3929,15,425.23278964,163.79680907,424.25000000,160.42968750
1,3788,15,950.05759664,352.78019389,954.93750000,353.82031250
1,283,16,970.09227235,70.08014556,974.41406250,71.85937500
1,4858,5,76.60322925,947.41797308,77.74218750,941.93750000
1,586,13,818.95281858,952.92544409,814.75000000,958.26562500
1,4703,6,148.80201972,742.70746552,145.62500000,742.14843750
1,4241,18,197.29887895,137.18696883,197.10156250,136.03125000
1,2063,16,96.88903731,321.62781586,98.21875000,317.72656250
1,1883,20,70.06928128,592.91278807,64.29687500,590.36718750
1,2562,10,97.28183144,167.59450416,101.39843750,166.40625000
1,754,13,650.03790247,502.97300169,649.25000000,502.97656250
1,2880,8,70.12703111,923.05529078,76.84375000,915.74218750
1,1210,10,924.87723314,220.70165012,929.60156250,219.28125000
1,3930,18,906.98411335,114.02216941,911.35937500,112.77343750
1,1711,1,126.97968355,188.08825683,127.12500000,192.01562500
1,94,16,789.23070936,728.20029318,790.98437500,732.92187500
1,1527,4,747.13232009,304.76719675,749.35156250,301.25781250
1,2727,11,948.95295070,192.87914852,950.43750000,189.24218750
1,4390,15,1110.31606161,627.68465410,1113.85156250,631.26562500
1,2373,14,129.01287231,952.98341277,130.52343750,948.07812500
1,4560,12,541.60697417,272.41152794,539.11718750,269.20312500
1,2063,17,1208.93359327,309.93390599,1211.57031250,310.37500000
1,5017,6,831.98803938,288.01790769,834.27343750,284.29687500
1,4101,15,1208.95183993,953.01875261,1204.28906250,951.86718750
1,3614,21,698.87398817,952.93484316,693.73437500,957.71093750
1,428,16,732.10887888,907.93107563,731.66406250,913.29687500
1,586,10,435.72697831,818.14443298,432.71093750,820.86718750
1,1058,8,92.15292209,395.13061077,93.59375000,393.03125000
1,4858,9,101.59306445,908.27945688,101.06250000,906.14843750
1,4704,9,1151.88550874,894.04748218,1154.00781250,893.66406250
1,4241,15,1049.00467100,313.08219416,1053.83593750,315.30468750
1,1884,19,1173.98226206,567.84570453,1169.78125000,569.53906250
1,2219,17,469.02947234,192.99889254,466.60937500,188.06250000
1,3061,5,1149.96864415,69.91492085,1148.33593750,71.47656250
1,3789,18,310.00907691,69.93980109,310.15625000,68.24218750
1,3391,1,1180.69903180,720.10500255,1184.39062500,718.34375000
1,3207,5,311.89336035,907.90271085,307.76562500,909.12500000
1,283,13,346.93729699,346.04918483,343.93750000,341.07812500
1,1368,5,1178.46616046,916.64717163,1176.19531250,916.01562500
1,899,10,487.00378876,114.03462269,487.89062500,109.72656250
1,5192,3,1026.97559145,114.04421162,1027.57031250,111.82031250
1,2562,11,1208.97912095,160.01673468,1204.75781250,160.03906250
1,755,13,650.02499033,518.99263555,648.97656250,519.13281250
1,2880,5,1201.81103684,934.96545436,1197.73437500,933.18750000
1,1712,4,1103.66233078,345.37138788,1107.06250000,346.31250000
1,5018,6,926.06143968,287.95599599,928.92968750,284.67187500
1,4101,12,125.38751665,617.68951859,122.32812500,618.48437500
1,1210,7,349.11363993,193.02880249,346.90625000,189.26562500
1,3930,15,367.33931717,147.66136069,366.56250000,144.64062500
1,2728,11,1049.08575956,193.11578232,1049.76562500,190.34375000
1,2373,11,1150.43183360,910.61367133,1151.85937500,907.71093750
1,1527,1,490.02950502,69.96665456,486.79687500,67.63281250
1,4390,12,99.01134197,953.00016397,103.24218750,948.53906250
1,3789,15,922.22231734,345.11771716,926.96875000,345.73437500
1,4560,9,759.96284479,70.03378074,763.66406250,66.92187500
1,2064,16,96.92670238,351.51470280,97.78125000,347.63281250
1,3614,18,601.71991995,754.72239773,600.69531250,757.58593750
1,1884,20,69.90819638,562.97464899,64.10156250,560.33593750
1,3391,2,70.11680300,712.90022988,67.66406250,706.18750000
1,3061,2,123.11743021,108.26820564,130.34375000,102.71875000
1,2220,17,588.89595520,192.89921950,588.32031250,187.64843750
1,4242,15,1049.08331130,432.92543148,1054.26562500,435.36718750
1,1369,4,70.11171788,892.93472471,71.68750000,887.93750000
1,4704,6,170.27209624,687.49758101,165.87500000,687.57031250
1,1059,7,1208.87380336,429.91177252,1212.48437500,429.90625000
1,587,13,788.92098611,952.92851034,784.79687500,958.25781250
1,3208,8,1021.36327535,948.46796657,1021.17187500,947.69531250
1,284,16,999.89446808,69.99404759,1003.82812500,72.47656250
1,95,19,428.94574957,952.99515444,421.16406250,955.86718750
1,429,19,623.32363889,809.78012107,616.52343750,814.35937500
1,4858,6,1178.90383828,953.02633637,1176.56250000,948.99218750
1,899,7,798.87986334,177.64970714,802.00781250,173.10937500
1,5193,6,235.45688433,334.15077990,229.81250000,333.67187500
1,2563,10,97.36261460,197.48947396,100.88281250,195.73437500
1,756,13,628.93338631,519.05745539,627.44531250,518.97656250
1,2881,7,1186.13641617,897.04582802,1187.00781250,897.02343750
1,3931,18,966.87935787,113.93097466,970.91406250,113.79687500
1,4561,12,513.37029871,280.13250037,510.21875000,277.18750000
1,4102,15,1179.04599522,952.94562261,1175.22656250,952.48437500
1,2064,17,1208.97792320,339.98415329,1211.99218750,340.46875000
1,5019,6,926.03720491,528.04966904,930.56250000,527.61718750
1,2374,14,99.01006465,952.93702410,101.57031250,947.26562500
1,4391,15,1136.93194935,620.43095848,1140.05468750,624.01562500
1,2729,11,1048.92473371,313.10390843,1051.67187500,310.10156250
1,1712,1,127.02057165,128.04520704,127.82031250,132.92187500
1,1528,4,718.93829206,297.02346755,720.49218750,293.17968750
1,587,10,464.45245900,810.21645805,461.46875000,813.28906250
1,4243,15,1048.97157727,552.96763814,1053.71875000,556.12500000
1,4705,9,1152.00810763,907.93756765,1153.87500000,907.25781250
1,3392,1,1180.57059122,690.36617336,1184.45312500,688.46875000
1,1059,8,92.14616023,424.98628884,93.44531250,422.79687500
1,3208,5,252.12017617,908.09879150,248.51562500,908.16406250
1,2221,17,709.04215474,193.10039219,711.28906250,188.09375000
1,3615,21,669.03742885,953.06612625,663.37500000,957.87500000
1,284,13,319.28911224,353.76734198,316.20312500,348.73437500
1,1369,5,1178.67345301,886.71056005,1176.94531250,886.62500000
1,3790,18,340.11441256,70.03813268,340.16406250,68.02343750
1,429,16,672.12163397,908.00889694,671.10156250,913.10937500
1,900,10,546.92667712,113.95341126,548.18750000,109.56250000
1,95,16,817.30850089,720.45975183,819.38281250,725.14843750
1,4859,9,130.56538927,900.22071998,129.23437500,898.86718750
1,1211,10,810.08934672,188.60843013,814.20312500,185.61718750
1,1885,19,1174.17665157,538.09865895,1170.19531250,539.65625000
1,5193,3,1087.00759546,114.03608107,1086.78906250,112.53125000
1,2563,11,1209.07322827,190.07032205,1205.69531250,189.46093750
1,757,10,70.07593240,69.91733682,79.99218750,72.43750000
1,2881,8,70.01668568,893.06618918,76.10937500,886.63281250
1,4102,12,152.85107969,625.31704503,149.37500000,626.14843750
1,4244,15,1049.04613859,673.06768424,1052.80468750,676.75781250
1,1528,1,520.08175678,69.95284977,517.20312500,67.20312500
1,1713,4,1030.44815230,258.98956339,1034.31250000,258.49218750
1,5020,6,925.94927433,732.97079644,929.67968750,734.75781250
1,4561,9,789.97741511,70.09566425,794.17187500,67.35937500
1,3615,18,629.91190965,762.38037578,629.53906250,765.48437500
1,3062,1,1202.39923954,115.47067274,1198.61718750,114.44531250
1,4391,12,69.94687393,952.94527758,75.29687500,947.78906250
1,2730,11,1049.03924744,432.98193948,1053.10937500,430.65625000
1,2222,17,829.07865294,193.10845407,833.09375000,188.82031250
1,588,13,758.94498574,953.08477881,754.46093750,958.21875000
1,3790,15,894.28303210,337.32362879,898.78125000,337.53125000
1,2374,11,1180.30790374,910.68160722,1180.97656250,907.05468750
1,1060,7,1208.94347380,460.05362203,1212.60156250,460.11718750
1,3931,15,309.17627077,131.65314992,309.10156250,129.27343750
1,2065,16,96.86201220,381.30221108,97.17187500,377.34375000
1,4859,6,1149.12313109,953.07993445,1147.55468750,949.69531250
1,1211,7,469.10327310,192.93028393,467.40625000,188.32031250
1,1370,4,69.92232284,863.05608315,70.88281250,858.72656250
1,3209,8,1081.63368838,948.47036023,1080.36718750,946.71875000
1,3392,2,70.05142449,683.05650936,67.74218750,676.35156250
1,96,19,399.06693150,953.03820091,391.28125000,955.57812500
1,4705,6,175.02203862,674.89868174,170.32812500,675.04687500
1,1885,20,70.10889262,533.05943528,64.39843750,530.39843750
1,430,19,680.76171576,825.81298531,674.90625000,830.57031250
1,285,16,1029.86575960,70.06010143,1033.33593750,73.38281250
1,900,7,741.33642669,193.73190597,743.83593750,188.89062500
1,5194,6,179.81551353,349.59493733,174.75000000,349.67968750
1,2564,10,97.33111863,227.19702999,100.06250000,225.03906250
1,757,8,93.95656639,104.32910521,98.32812500,105.36718750
1,4103,15,1148.91395465,952.95138758,1145.89062500,953.07812500
1,3616,21,638.93465323,952.93486120,632.86718750,957.72656250
1,588,10,493.03575715,802.17458260,490.53125000,805.53125000
1,2223,17,949.08146830,192.92639333,953.57812500,189.86718750
1,1713,1,229.06269664,192.92433900,226.38281250,194.29687500
1,2731,11,1048.99425529,553.10521757,1054.15625000,551.87500000
1,4244,12,176.29106125,924.05026456,177.46875000,922.09375000
1,4860,9,159.77595866,892.23019271,157.58593750,891.61718750
1,430,16,611.97771592,908.01357661,610.13281250,912.74218750
1,4562,12,485.11345045,288.08721906,481.53906250,285.40625000
1,5021,6,685.99151311,733.04006680,686.25781250,735.85156250
1,2882,7,1186.20152541,867.09967548,1187.50000000,867.41406250
1,1370,5,1178.48996957,856.98423616,1177.26562500,857.39843750
1,5194,3,1146.98829843,114.00509027,1145.62500000,113.44531250
1,96,16,845.21011963,712.66066782,847.62500000,717.31250000
1,1529,4,690.76162945,289.32768070,692.00000000,285.15625000
1,3062,5,1179.97192829,69.95732011,1177.64062500,72.21875000
1,2065,17,1208.91892435,369.93422325,1212.08593750,370.41406250
1,1212,10,694.66975925,156.05837984,697.43750000,152.08593750
1,3209,5,192.05648655,907.99680987,189.64843750,906.77343750
1,901,10,606.90710305,113.97516446,608.59375000,109.70312500
1,1886,19,1173.94372378,508.13134372,1169.96093750,509.65625000
1,2375,13,1169.24675323,949.47954932,1160.90625000,952.92187500
1,3393,1,1180.55811327,660.49672961,1184.56250000,658.63281250
1,1060,8,92.25367792,455.02729895,93.32812500,452.79687500
1,3791,18,370.02919503,70.09023726,370.03125000,67.67968750
1,3932,18,1026.97128979,114.07612676,1030.35937500,115.22656250
1,4706,9,1091.92939607,908.00412610,1094.82812500,908.64843750
1,4392,15,1147.45390942,646.98043854,1150.22656250,650.43750000
1,285,13,291.47862403,361.38034267,288.32812500,356.30468750
1,2564,11,1209.05390800,219.94478932,1206.32031250,218.96875000
1,758,10,100.12793483,69.99422152,107.14843750,71.58593750
1,3616,18,658.33390305,770.36318004,658.38281250,773.67187500
1,589,13,729.06523495,952.94661834,724.28906250,957.89062500
1,2224,17,1048.96713363,192.92199999,1053.05468750,191.25000000
1,2732,11,1049.05725191,672.90208320,1054.39843750,672.75000000
1,4245,15,1049.11840616,792.99126191,1051.35156250,796.49218750
1,5022,9,867.33524900,924.89190387,870.24218750,928.53906250
1,4562,9,820.13104723,69.92782346,824.55468750,67.51562500
1,1371,4,70.13201932,833.07463798,70.58593750,829.14843750
1,5195,6,175.04679262,350.82756928,170.01562500,350.95312500
1,431,19,738.19045432,841.95197661,732.89843750,846.71093750
1,97,19,369.07639034,952.95192700,361.21875000,955.05468750
1,4860,6,1119.06889979,953.00068967,1118.35937500,950.27343750
1,1529,1,550.04917610,69.89550343,547.23437500,66.78125000
1,1714,4,916.66961496,227.23735804,920.42187500,224.92187500
1,3210,8,1141.76466303,948.26016781,1139.24218750,945.40625000
1,2066,16,96.95615091,411.26310555,96.89062500,407.34375000
1,3062,2,93.17752333,108.17117935,101.11718750,102.93750000
1,4103,12,180.59278947,632.94374669,176.81250000,633.93750000
1,3932,15,250.66211410,115.30588065,251.64062500,113.75000000
1,901,7,683.91114917,209.67649411,685.65625000,204.71093750
1,4706,6,230.77558207,690.29824422,225.64062500,690.80468750
1,1061,7,1209.11920494,489.92715256,1212.89062500,490.16406250
1,3791,15,866.45856301,329.60662836,870.65625000,329.43750000
1,1212,7,588.99426984,193.09951996,588.93750000,188.00781250
1,2882,8,70.04276083,863.03616482,75.33593750,857.38281250
1,2375,10,97.09924316,915.05865707,98.71875000,910.38281250
1,4392,12,69.99881170,923.01674605,74.33593750,918.82812500
1,1886,20,69.87743494,502.92293378,64.26562500,500.26562500
1,3393,2,70.10332314,653.07024849,67.92968750,646.43750000
1,286,16,1060.11620514,69.93417694,1063.03906250,74.12500000
1,2565,10,97.17342142,256.98082382,99.19531250,254.46093750
1,758,7,1181.77251479,116.10939906,1182.13281250,117.17968750
1,2225,17,1049.05419630,312.90647799,1054.49218750,311.41406250
1,1530,4,662.60432468,281.48302207,663.47656250,277.09375000
1,5022,6,445.87750151,733.01302415,441.99218750,735.39062500
1,589,10,521.53986568,794.44886934,519.44531250,798.01562500
1,4104,15,1119.05756878,952.94817446,1116.58593750,953.53906250
1,1371,5,1178.70148599,827.19832959,1178.03125000,827.89843750
1,2733,11,1048.91853771,792.98765832,1053.61718750,793.11718750
1,97,16,873.20802886,704.96287736,876.07031250,709.58593750
1,902,10,667.10353193,113.92839001,669.54687500,109.91406250
1,3933,18,1087.07362271,113.99504492,1089.36718750,116.51562500
1,3792,18,400.02320935,70.04473387,400.17968750,67.35156250
1,3063,4,100.20629689,76.56445544,105.06250000,76.40625000
1,4245,12,218.99401276,806.30716077,216.82812500,807.03125000
1,4861,9,188.95056939,884.10556633,186.08593750,884.22656250
1,1213,10,578.21284764,123.45931091,580.03125000,119.10156250
1,1061,8,92.46612183,484.79714648,93.45312500,482.59375000
1,1714,1,349.03511072,192.91553829,345.42187500,191.75000000
1,4707,9,1032.02967654,907.92574758,1035.61718750,909.60937500
1,2066,17,1209.02025845,400.04612362,1212.38281250,400.57031250
1,4393,15,1158.30404571,673.84160272,1160.47656250,677.21875000
1,3210,5,132.08984051,908.10565365,131.24218750,905.46093750
1,286,13,263.51491460,369.22465023,260.35156250,364.14843750
1,3617,21,609.10170075,952.88190302,602.53125000,957.63281250
1,1887,19,1174.06735977,478.39257657,1170.11718750,479.65625000
1,2375,14,70.08882840,952.89322894,73.72656250,946.37500000
1,3394,1,1180.39146009,630.46419667,1184.30468750,628.53906250
1,5195,3,1152.10447015,114.09358805,1150.64843750,113.60937500
1,4563,12,457.00529697,295.68740303,453.01562500,293.31250000
1,431,16,552.03498819,907.91158328,549.64843750,912.07812500
1,2883,7,1186.13083253,837.08916576,1187.90625000,837.75781250
1,2565,11,1208.90724131,249.90313124,1206.82031250,248.55468750
1,759,10,129.91017429,70.09809411,135.61718750,70.85937500
1,2734,11,1048.97483174,828.00808040,1053.46093750,827.88281250
1,902,7,626.49363972,225.68840137,627.18750000,220.85156250
1,1372,4,69.93638597,803.06986838,69.93750000,799.60156250
1,3063,1,1173.67962437,119.17686718,1170.96093750,117.53125000
1,4246,15,1048.97515605,827.99558119,1050.41406250,831.32812500
1,2067,16,96.94743486,441.16239815,96.58593750,437.33593750
1,1530,1,579.98547621,69.99374686,577.30468750,66.53906250
1,4861,6,1088.97910776,953.06428385,1089.01562500,950.89062500
1,1213,7,709.04937841,193.03729708,710.67187500,188.10937500
1,1062,7,1208.87498645,520.02972159,1212.72656250,520.42187500
1,4707,6,286.51190301,705.83810778,281.17187500,706.85156250
1,4393,12,69.85140583,893.04885590,73.46875000,889.70312500
1,2226,17,1048.90125753,433.02482864,1054.95312500,432.76562500
1,287,16,1090.00570118,70.05891801,1092.06250000,75.07812500
1,3617,18,686.56700122,778.21595743,687.14062500,781.71875000
1,3211,8,1146.82228303,948.28740489,1144.35937500,945.39843750
1,590,13,698.96136849,952.91420563,694.22656250,957.72656250
1,3933,15,191.89115587,99.11922089,194.37500000,98.67187500
1,1715,4,801.98617077,195.07225663,805.10937500,191.15625000
1,5023,9,958.98275567,898.95092522,962.80468750,901.89843750
1,4104,12,208.11967344,640.52015916,204.19531250,641.62500000
1,432,19,796.01272632,857.99625059,791.09375000,862.59375000
1,3394,2,70.00000056,622.92189798,67.91406250,616.28906250
1,4563,9,850.07921094,70.07576934,854.77343750,68.12500000
1,3792,15,838.48366664,321.94451704,842.28906250,321.37500000
1,1887,20,70.00658344,473.01325766,64.47656250,470.23437500
1,2883,8,69.93200643,832.95439438,74.67968750,827.96093750
1,98,19,338.91029188,952.91869530,331.39843750,954.53125000
1,2376,13,1169.05308579,919.72968104,1161.68750000,923.86718750
1,5196,6,154.01063307,296.10358114,150.09375000,296.85156250
1,2566,10,97.16487525,286.87740393,98.65625000,284.08593750
1,759,7,1152.74324221,124.03763381,1154.02343750,124.39843750
1,2735,11,929.07337632,828.00354905,934.34375000,829.75000000
1,1531,4,634.19033097,273.67417444,634.32031250,269.02343750
1,287,13,235.84598777,376.74091852,232.92187500,371.57812500
1,903,10,726.88558762,113.95343075,729.89843750,110.35937500
1,4862,9,217.86136777,876.11765034,214.65625000,876.85937500
1,1062,8,92.26195931,514.78995529,93.27343750,512.59375000
1,1214,10,461.11486277,90.69565581,462.25781250,86.86718750
1,4246,12,231.20765891,773.10460753,228.53125000,774.24218750
1,1372,5,1178.51183346,797.34502134,1178.32812500,798.34375000
1,4708,9,972.00845891,907.96062721,975.90625000,910.52343750
1,3211,5,127.05098827,908.07030832,126.17968750,905.33593750
1,3063,5,1208.89364160,69.99727831,1205.49218750,72.89062500
1,4394,15,1169.00759520,701.22201330,1170.56250000,704.46875000
1,590,10,550.17998258,786.57987504,548.21093750,790.37500000
1,3618,21,579.03650491,952.99556939,572.14062500,957.62500000
1,2067,17,1209.01777529,430.09492747,1212.60937500,430.77343750
1,3934,18,1147.04544706,113.92412742,1147.57031250,118.01562500
1,2227,17,1049.10426008,552.89931484,1055.13281250,554.13281250
1,2884,7,1186.17403297,807.27259077,1188.39062500,808.26562500
1,98,16,901.30722140,697.18433758,904.21875000,701.80468750
1,1715,1,469.12109580,193.06077464,465.54687500,190.21093750
1,1888,19,1174.02556047,448.63537709,1170.13281250,449.83593750
1,4564,12,429.09057763,303.49429801,424.66406250,301.39843750
1,3793,18,430.10750594,69.89356088,430.30468750,66.94531250
1,5023,6,351.96009866,733.02807958,347.16406250,734.67968750
1,4105,15,1088.95451102,953.04038784,1087.12500000,954.11718750
1,432,16,491.95056009,908.01029856,489.17968750,911.47656250
1,3395,1,1180.31980561,600.74606618,1184.25000000,598.64843750
1,5196,3,1151.99384817,174.00059711,1152.08593750,172.22656250
1,2376,10,101.63215491,944.16990570,103.53906250,938.93750000
1,2566,11,1208.91117995,279.95753281,1207.48437500,278.25781250
1,760,10,159.98836923,70.05889138,164.94531250,70.15625000
1,1531,1,610.10973178,69.98458148,607.85156250,66.25000000
1,4247,15,928.92654364,828.09966644,930.55468750,832.35156250
1,3934,15,133.04511930,82.90160965,137.82812500,83.82031250
1,3618,18,715.10629247,785.98718590,716.03125000,789.63281250
1,99,19,309.05765814,953.01246858,301.68750000,954.11718750
1,2228,17,1048.91415469,672.93057115,1054.41406250,675.55468750
1,288,16,1119.93875302,69.95838332,1121.28906250,75.86718750
1,2884,8,69.93618609,803.05138579,74.15625000,798.73437500
1,4708,6,342.59795893,721.36152054,337.34375000,722.86718750
1,1888,20,69.96839772,443.08119183,64.73437500,440.30468750
1,2736,11,808.95867957,828.06071462,813.38281250,831.18750000
1,3212,5,126.86439828,848.07554337,125.17968750,846.57812500
1,1373,4,69.88217272,772.96351362,69.56250000,769.79687500
1,3064,4,100.43323654,106.34281013,104.85937500,105.47656250
1,2068,16,96.83955202,471.01758042,96.10937500,467.26562500
1,2376,14,69.86831808,922.97528231,72.95312500,917.29687500
1,4394,12,70.04787885,862.97450662,72.94531250,860.37500000
1,903,7,569.64761545,241.46862996,569.35156250,236.80468750
1,1214,7,828.91895366,192.96104858,832.28125000,188.53125000
1,5024,6,351.94073688,492.98042263,346.08593750,492.92187500
1,4564,9,879.94994405,69.96163802,884.83593750,68.41406250
1,591,13,669.10576194,953.05128109,663.89843750,957.57812500
1,3793,15,810.34680775,314.34232804,813.81250000,313.42968750
1,3395,2,69.99185228,593.07989012,68.16406250,586.31250000
1,4862,6,1059.12243682,953.06458117,1059.46875000,951.44531250
1,433,19,853.85147244,874.08105291,849.14062500,878.37500000
1,4105,12,235.94820605,648.08573425,231.80468750,649.38281250
1,1716,4,686.54583366,162.99714194,688.24218750,158.02343750
1,1063,7,1209.00378654,549.89635233,1212.71875000,550.38281250
1,5197,6,132.22815103,239.87066412,129.60937500,241.49218750
1,2567,10,97.31417165,316.65555030,98.21875000,313.71093750
1,760,7,1123.49709522,132.17037820,1125.34375000,131.89843750
1,1532,4,605.98469837,265.93875842,605.88281250,261.06250000
1,4247,12,345.56350728,804.85670142,343.11718750,806.91406250
1,2885,7,1186.34511865,777.38592129,1188.85937500,778.50000000
1,288,13,208.25419223,384.45740770,205.46875000,379.27343750
1,2737,11,688.87798278,827.92672099,692.06250000,831.90625000
1,4395,15,1180.07994197,728.80280707,1181.13281250,731.80468750
1,99,16,929.02870344,689.38525553,932.25781250,693.96875000
1,1373,5,1178.46216771,767.40410686,1178.83593750,768.66406250
1,4709,9,911.96704414,907.94608187,915.64843750,911.31250000
1,2377,13,1169.26338052,890.00404074,1162.75781250,894.70312500
1,2229,17,1049.03284841,793.00941208,1053.20312500,796.43750000
1,3935,18,1151.87592828,114.07614859,1152.25781250,118.27343750
1,3064,1,1169.07993581,90.17480356,1165.58593750,89.19531250
1,1889,19,1174.07988266,418.84010887,1170.01562500,419.95312500
1,3213,5,126.95101904,788.09649156,124.35937500,787.24218750
1,4565,12,401.06693679,311.14914371,396.34375000,309.35156250
1,591,10,578.48972769,778.63302848,577.22656250,782.56250000
1,904,10,786.90056616,113.95561101,790.30468750,111.04687500
1,4863,9,247.04053994,868.20070980,243.40625000,869.51562500
1,1215,7,948.94611494,193.06173651,953.10937500,189.76562500
1,433,16,432.05721410,908.07354714,428.95312500,910.72656250
1,3396,1,1180.35692051,570.83753718,1184.26562500,568.60156250
1,3619,21,548.93262182,953.02582536,541.59375000,957.54687500
1,2068,17,1208.91522973,460.09514179,1212.50000000,460.85156250
1,4106,15,1059.05920922,952.96567916,1057.74218750,954.45312500
1,1063,8,92.42778860,544.54455730,93.32812500,542.28906250
1,5025,6,467.10846697,376.96264959,462.47656250,375.09375000
1,1716,1,589.01986297,192.91654979,586.75000000,188.72656250
1,5197,3,1152.04119645,234.08632850,1153.57031250,231.44531250
1,3794,18,460.12827205,70.06221624,460.57812500,66.92187500
1,2567,11,1209.07437639,309.87939751,1208.12500000,308.03906250
1,761,10,190.08414877,70.09114656,193.79687500,69.59375000
1,4248,15,808.99836685,828.06368266,809.53906250,832.67968750
1,3214,5,127.01981791,728.01612723,123.60156250,727.50000000
1,2377,14,70.05704430,893.02747950,72.50000000,888.01562500
1,100,19,279.04473802,952.96062378,272.01562500,953.49218750
1,1532,1,639.95483592,69.95922387,637.70312500,66.05468750
1,289,16,1150.09412050,70.03915576,1150.48437500,76.88281250
1,3064,5,1209.11777069,99.92329987,1206.48437500,102.08593750
1,3935,15,128.32040415,81.43731762,133.32812500,82.47656250
1,1374,4,69.97870652,742.99584390,69.26562500,740.05468750
1,1889,20,70.02744542,413.11034903,65.06250000,410.34375000
1,4709,6,398.88747624,736.99098393,394.21093750,738.96093750
1,2738,11,568.99847748,828.09338727,569.53906250,832.40625000
1,4863,6,1028.96500107,952.92059585,1029.78125000,951.85937500
1,2230,17,1049.08665711,828.03147269,1052.85156250,831.46093750
1,4395,12,69.96395220,832.97579156,71.98437500,830.97656250
1,2069,16,96.89466207,500.85462254,95.97656250,497.23437500
1,2885,8,70.06905377,773.06453862,73.67968750,769.25781250
1,592,13,639.02694242,953.06053141,633.47656250,957.28125000
1,4106,12,263.57161175,655.75899789,259.31250000,657.23437500
1,904,7,512.78005525,257.27800278,511.60937500,252.83593750
1,3396,2,70.09389118,563.03988817,68.57031250,556.24218750
1,1064,7,1208.97459693,580.02479954,1212.62500000,580.65625000
1,5198,6,110.09009639,182.31925074,109.12500000,185.31250000
1,5026,6,810.99871504,377.09593126,813.57031250,374.40625000
1,1717,4,570.32649134,130.49388110,570.67187500,124.96875000
1,3619,18,743.70792467,793.85873474,745.09375000,797.60937500
1,1216,7,1048.92069300,192.91870410,1052.75000000,190.83593750
1,434,19,912.06006603,890.45183374,907.32812500,894.23437500
1,3794,15,782.31325325,306.45238779,785.32031250,305.17187500
1,4565,9,909.92755773,70.03114245,914.85156250,68.96093750
1,2568,10,97.34677468,346.55554731,97.81250000,343.49218750
1,761,7,1094.27305546,140.22491944,1097.15625000,139.28906250
1,4248,12,460.48133608,836.91101629,459.32031250,839.69531250
1,3936,18,1151.96190760,174.11530055,1153.31250000,177.21093750
1,2231,17,928.93304136,828.02984360,933.12500000,832.67968750
1,100,16,956.89821749,681.68893758,960.26562500,686.28125000
1,2378,13,1169.33947734,860.22068048,1163.73437500,865.37500000
1,1064,8,92.43711117,574.55792612,93.41406250,572.31250000
1,592,10,606.98794866,770.76173256,606.22656250,774.80468750
1,905,10,847.03276978,113.95188388,850.61718750,111.86718750
1,1533,4,577.50710145,258.04398190,576.89843750,252.96875000
1,3215,5,127.04245777,667.95260906,123.02343750,667.57812500
1,434,16,371.96152267,907.95831556,368.61718750,909.60156250
1,3397,1,1180.23285284,540.96076411,1183.89062500,538.62500000
1,3065,4,100.25482354,136.09860695,104.03125000,134.75000000
1,5027,6,811.05599452,644.05617065,813.90625000,645.63281250
1,2739,11,448.97444245,828.06693932,448.14843750,832.19531250
1,4710,9,852.08858334,908.07505684,855.34375000,912.02343750
1,2886,7,1186.36825127,747.38900994,1189.27343750,748.61718750
1,1217,7,1048.88645856,312.94938069,1053.95312500,311.08593750
1,4107,15,1028.89941643,952.99753721,1027.82812500,954.88281250
1,5198,3,1151.94267465,294.00465459,1154.70312500,290.81250000
1,1374,5,1178.56169053,737.61108342,1179.28906250,738.93750000
1,3795,18,489.98679652,69.95641067,490.60156250,66.65625000
1,1890,19,1173.97193779,388.99304006,1169.67968750,389.99218750
1,4566,12,372.94217471,318.83130492,367.88281250,317.31250000
1,289,13,180.43885768,392.05746625,178.00000000,386.79687500
1,1717,1,708.89414501,192.97428231,708.36718750,188.12500000
1,4396,15,1191.04555725,756.80340806,1191.31250000,759.45312500
1,3620,21,519.02126268,952.94303902,511.31250000,957.31250000
1,4864,9,275.96147535,860.18719948,272.02343750,862.05468750
1,2069,17,1208.97713963,490.06850756,1212.64843750,490.96875000
1,2568,11,1209.11984306,339.93024220,1208.74218750,337.88281250
1,762,10,219.97173006,69.91516145,223.21875000,68.94531250
1,4249,15,688.95750880,828.08428811,687.64062500,832.55468750
1,101,19,249.07161971,952.97893611,242.47656250,952.89843750
1,1375,4,69.94773883,712.92679714,69.03125000,710.23437500
1,3397,2,70.03318442,533.02992259,68.75781250,526.18750000
1,435,19,970.31033898,906.58809586,965.00000000,909.57031250
1,593,13,608.95346468,952.98288603,603.24218750,956.88281250
1,5028,6,467.04474945,643.98873716,463.03906250,645.59375000
1,1218,7,1049.04382352,433.02565815,1054.85156250,432.25000000
1,3216,5,127.00034012,608.01387651,122.64062500,607.49218750
1,2740,11,328.98204017,828.09710167,327.90625000,831.51562500
1,2232,17,809.06612954,828.08823262,812.05468750,833.44531250
1,2886,8,70.05278817,742.97894356,73.26562500,739.59375000
1,2378,14,70.10977146,863.04120966,72.10156250,858.64843750
1,4710,6,455.26747218,752.50094402,451.28906250,754.89062500
1,1065,7,1209.06016111,609.95029004,1212.60156250,610.66406250
1,1533,1,670.05532564,70.01891599,668.22656250,65.88281250
1,3065,5,1208.93230949,129.87922029,1206.89062500,131.53906250
1,4107,12,291.51750612,663.41615062,287.40625000,665.02343750
1,3620,18,772.14676687,801.79821543,773.84375000,805.58593750
1,905,7,455.99709102,273.06980928,454.14843750,268.98437500
1,4566,9,940.06101402,70.10131675,945.17968750,69.61718750
1,3795,15,754.30604211,298.84122723,756.90625000,297.25000000
1,5199,6,87.13130753,123.19668744,88.06250000,128.10937500
1,290,16,1180.01245532,70.03688964,1179.25781250,77.82812500
1,1890,20,69.92234992,383.07906390,65.21093750,380.30468750
1,4864,6,998.99600389,952.94345812,1000.23437500,952.42187500
1,2070,16,96.85067472,530.68605386,95.65625000,527.21093750
1,4396,12,70.14291906,802.97302290,71.48437500,801.50000000
1,3937,18,1151.96976577,233.88711555,1154.30468750,236.18750000
1,2569,10,97.27687198,376.35654914,97.26562500,373.19531250
1,1718,4,452.93084481,97.72089807,452.77343750,92.75000000
1,762,7,1065.33569362,148.40986599,1068.57031250,146.93750000
1,4249,12,576.25477993,869.14467248,576.89843750,872.28125000
1,101,16,984.66228761,673.95264408,988.03906250,678.50000000
1,3398,1,1180.20962242,511.10337229,1183.71875000,508.50781250
1,906,10,906.91619034,113.90881797,910.70312500,112.75781250
1,1375,5,1178.53503003,707.70491132,1179.69531250,709.17187500
1,3066,4,100.19540059,166.15928916,103.38281250,164.29687500
1,3621,21,489.07194729,953.00188787,481.03906250,957.13281250
1,435,16,312.09209509,908.08322268,309.11718750,908.66406250
1,593,10,635.44942209,762.98704128,635.09375000,767.17968750
1,1219,7,1048.98832696,552.97402771,1054.80468750,553.68750000
1,2233,17,688.98425759,827.95312091,690.41406250,833.48437500
1,5029,6,553.01728141,443.91805718,549.94531250,442.75781250
1,2741,11,229.09574530,828.06656240,228.50781250,830.53906250
1,1718,1,829.06643400,192.97584659,829.76562500,187.87500000
1,3217,5,126.88927201,548.06294248,122.43750000,547.32031250
1,2379,13,1169.28191994,830.37058887,1164.44531250,835.85156250
1,4397,15,1202.43125854,785.05567497,1201.73437500,787.30468750
1,1534,4,549.20774568,250.23267812,548.05468750,244.99218750
1,5199,3,1152.04469020,354.05905739,1156.02343750,350.60156250
1,4108,15,998.96504557,953.05420497,998.17968750,955.30468750
1,4711,9,791.93065285,908.05618565,794.55468750,912.44531250
1,2070,17,1208.93907300,520.03129858,1212.52343750,521.13281250
1,1065,8,92.56006340,604.36286024,93.64062500,601.96875000
1,1891,19,1173.95679324,359.06947204,1169.57812500,360.05468750
1,290,13,152.91252890,399.65931331,150.95312500,394.35156250
1,4865,9,304.89938760,852.04677170,300.98437500,854.37500000
1,3796,18,520.01946091,69.92144917,521.06250000,66.47656250
1,2887,7,1186.23441016,717.51936408,1189.51562500,718.83593750
1,3938,18,1151.89623129,293.99252567,1154.95312500,295.82812500
1,4567,12,345.20309554,326.68301332,339.96875000,325.44531250
1,2569,11,1209.06181378,369.88398968,1209.08593750,367.67968750
1,763,10,249.87922341,70.06019279,252.42968750,68.58593750
1,4250,15,568.95286638,828.09843811,565.65625000,831.85937500
1,102,19,218.86836793,953.01618644,212.71093750,952.35937500
1,3398,2,70.07421271,503.03371713,69.21093750,495.99218750
1,1376,4,70.06945551,682.96031097,68.85937500,680.37500000
1,906,7,399.65312854,288.77911063,397.00000000,285.18750000
1,2071,16,96.96973265,560.52348790,95.67968750,557.14843750
1,2742,11,229.06808548,707.95156145,226.70312500,710.96093750
1,4711,6,512.06867705,768.27657374,508.98437500,771.05468750
1,1891,20,69.91113672,352.97072491,65.62500000,350.28125000
1,2887,8,69.87859476,713.02903147,72.75781250,709.98437500
1,3066,5,1208.86704344,160.12241045,1207.44531250,161.28125000
1,1220,7,1048.94931364,673.08793934,1054.20312500,675.05468750
1,5030,6,724.95306454,443.99643460,725.75781250,442.48437500
1,2234,17,569.10451938,828.12499841,568.39843750,833.30468750
1,2379,14,70.02706031,833.00341272,71.50000000,829.11718750
1,3218,5,126.95802117,487.96327872,122.61718750,486.94531250
1,291,16,1209.12064732,70.01404920,1207.25000000,78.76562500
1,1534,1,699.90396063,70.04390599,698.37500000,65.76562500
1,3939,18,1151.96160465,354.05987567,1155.44531250,355.74218750
1,436,19,1028.93424273,922.96305782,1022.68750000,924.97656250
1,594,13,579.07831787,953.05675411,573.08593750,956.54687500
1,3621,18,800.70008174,809.62781777,802.63281250,813.38281250
1,4108,12,319.30470582,671.00514536,315.32812500,672.78906250
1,5200,3,1151.96135521,413.99203580,1156.80468750,410.44531250
1,1066,7,1208.98728594,639.92739977,1212.27343750,640.71093750
1,4567,9,969.92165476,69.89265287,974.88281250,69.99218750
1,1719,1,948.87825114,193.01576635,950.28125000,188.25781250
1,3796,15,726.10800825,291.10745251,728.10937500,289.15625000
1,2570,10,97.10330606,406.31833646,96.64062500,403.21875000
1,4397,12,70.01583148,772.99327601,70.85156250,772.04687500
1,4865,6,968.93628342,953.08808166,970.26562500,952.96875000
1,763,7,1036.37449045,156.27814536,1040.10937500,154.28125000
1,4250,12,692.72822706,901.58002564,695.03906250,904.35937500
1,102,16,1012.58642689,666.15321912,1016.00781250,670.64062500
1,3399,1,1180.02519669,481.24422467,1183.37500000,478.54687500
1,1376,5,1178.65950150,677.90746557,1180.12500000,679.35937500
1,2071,17,1209.06547967,549.99596994,1212.61718750,551.22656250
1,4712,9,731.90217429,908.04836070,733.67187500,912.69531250
1,907,10,966.90874434,113.90901752,970.34375000,113.81250000
1,2888,7,1186.48259582,687.54714737,1189.92968750,688.82812500
1,5031,6,724.97826427,577.95756155,725.90625000,578.75781250
1,1892,19,1174.04666907,329.29131496,1169.41406250,330.28906250
1,1221,7,1049.05747816,792.97378594,1053.16406250,795.50781250
1,3067,4,100.30360510,195.79722913,102.75781250,193.50781250
1,2743,11,228.97842663,587.95798146,225.38281250,590.20312500
1,2235,17,449.08145500,828.10061043,446.39062500,832.42968750
1,3219,5,126.94634454,428.04844838,122.96875000,426.77343750
1,1535,4,520.57733003,242.46562740,519.39062500,237.12500000
1,2380,13,1169.34492577,800.46656223,1165.39843750,806.25000000
1,436,16,252.03165160,908.07705856,249.58593750,907.42187500
1,3940,18,1151.88315903,414.00570888,1155.57812500,415.69531250
1,4109,15,968.95344870,953.00555862,968.25000000,955.61718750
1,291,13,126.17939803,407.06233322,124.64062500,401.64843750
1,594,10,663.63180298,755.13861059,663.82031250,759.41406250
1,3622,21,459.03834297,952.99457650,450.75781250,956.84375000
1,5201,3,1152.01648878,473.97879500,1157.48437500,470.44531250
1,1066,8,92.52582866,634.22110610,93.64843750,631.77343750
1,1720,1,1048.90020240,193.07442258,1049.79687500,189.00000000
1,3797,18,549.99595923,69.99542233,551.20312500,66.48437500
1,4398,12,70.12072595,742.94079869,70.39062500,742.39843750
1,2570,11,1208.89925805,399.99871719,1209.25781250,397.82031250
1,4568,12,317.29844720,334.19812384,311.79687500,333.28125000
1,4866,9,333.65021237,844.27397908,329.62500000,846.98437500
1,764,10,279.86769043,70.04545879,281.91406250,68.16406250
1,4251,15,449.10932920,828.01412738,444.15625000,830.57031250
1,103,19,188.97553867,952.98064444,183.57031250,951.69531250
1,3399,2,69.95251566,473.02953344,69.55468750,465.93750000
1,1222,7,1049.02400384,828.06064840,1052.89062500,830.50000000
1,595,13,548.93357520,952.99224298,542.68750000,956.02343750
1,907,7,343.38487678,304.42375888,340.30468750,301.28125000
1,1721,1,1048.98591390,313.08374036,1052.10937500,309.03125000
1,4712,6,568.95492512,784.06469457,566.80468750,787.12500000
1,292,16,1208.93176809,100.05937036,1207.72656250,107.97656250
1,1892,20,70.00615360,323.01209559,66.13281250,320.44531250
1,2888,8,70.08900940,682.94810339,72.53125000,680.19531250
1,1067,7,1209.02423333,669.98400071,1212.12500000,670.82812500
1,2072,16,96.98977170,590.39375162,95.64062500,587.07812500
1,3622,18,829.36525308,817.55444436,831.48437500,821.28906250
1,5202,3,1151.99049206,534.00614692,1157.91406250,530.53125000
1,3067,5,1208.97120979,189.91944008,1207.99218750,190.71093750
1,2380,14,70.06642505,802.89872054,71.25000000,799.42968750
1,2744,11,228.99783207,467.96558959,224.93750000,469.23437500
1,3941,18,1151.90554523,473.95453105,1155.64062500,475.77343750
1,3220,5,127.11969765,367.94744538,123.66406250,366.59375000
1,4399,12,69.87117057,713.01316369,69.66406250,712.82812500
1,5032,6,553.06701516,577.98224826,550.17968750,578.86718750
1,2236,17,329.09834668,827.88604465,325.41406250,830.85937500
1,3797,15,697.94384625,283.27500276,699.60156250,281.00000000
1,437,19,1087.78533850,939.55196413,1080.21093750,940.40625000
1,4866,6,939.08279679,952.91804789,940.57812500,953.24218750
1,2571,10,97.08949370,436.22590846,96.35937500,433.14843750
1,4109,12,347.17293761,678.72022193,343.52343750,680.67187500
1,1377,4,70.08191687,653.10327178,68.64062500,650.52343750
1,4568,9,999.87855897,70.07049689,1004.77343750,70.79687500
1,764,7,1007.41169555,164.30770878,1011.47656250,161.80468750
1,4251,12,809.76553731,934.27623751,813.31250000,935.87500000
1,103,16,1040.20142608,658.51147855,1043.35937500,662.94531250
1,1223,7,928.89906253,828.02553951,932.85937500,831.77343750
1,4713,9,672.11701186,908.05844855,672.92187500,912.83593750
1,5203,3,1151.88781174,593.93235666,1158.27343750,590.48437500
1,595,10,692.05121038,747.36233651,692.78125000,751.67968750
1,1536,4,492.11431814,234.58419828,490.39062500,229.17187500
1,908,10,1027.12670901,114.00544409,1029.85937500,115.13281250
1,1722,1,1049.05038743,432.91666619,1053.60156250,429.82031250
1,5033,6,605.05446388,484.04153376,603.17968750,483.52343750
1,3221,5,126.96768367,307.99671273,124.21875000,306.69531250
1,4110,15,938.89349533,953.03965637,938.37500000,955.92187500
1,3798,18,579.89480218,69.97119292,581.48437500,66.46093750
1,4400,12,70.08844742,682.97359183,69.33593750,683.05468750
1,1067,8,92.60067940,664.15112184,93.96875000,661.58593750
1,2072,17,1209.09200185,579.98797417,1212.57031250,581.30468750
1,437,16,191.93507322,907.92489159,190.35156250,905.85156250
1,2237,17,228.94953670,828.09939362,224.94531250,829.64062500
1,2571,11,1208.89789778,430.04838528,1209.70312500,427.85156250
1,4867,9,362.42635124,836.15099219,358.62500000,839.21093750
1,2745,11,229.11751081,348.05951493,224.92187500,348.62500000
1,3942,18,1152.02658394,534.05994225,1155.50000000,536.06250000
1,3400,1,1179.94143252,451.36590393,1182.91406250,448.54687500
1,1893,19,1173.97665274,299.41388031,1169.15625000,300.43750000
1,4569,12,289.25615313,341.89957627,283.70312500,341.28906250
1,2381,13,1169.25201293,770.71254588,1165.94531250,776.73437500
1,3623,21,428.90409109,952.91747645,420.27343750,956.44531250
1,3068,4,100.26857337,225.73578761,102.17187500,223.19531250
1,2889,7,1186.30439327,657.65020216,1190.06250000,658.90625000
1,1377,5,1178.67581164,648.20937079,1180.33593750,649.57031250
1,292,13,115.63943370,380.33894383,114.79687500,375.01562500
1,765,10,309.94429994,69.87576094,311.78906250,67.66406250
1,4252,15,329.12252170,827.96781719,323.62500000,828.75000000
1,104,19,159.08472866,952.99537054,154.35156250,950.96875000
1,596,13,518.95429678,953.06535809,512.54687500,955.61718750
1,3798,15,669.77829132,275.53954441,670.92187500,272.98437500
1,1723,1,1048.94972011,553.05479768,1054.28125000,551.28125000
1,3222,5,127.03691737,248.06824924,125.13281250,246.94531250
1,4110,12,375.15483971,686.38497215,371.64843750,688.48437500
1,908,7,287.06512812,319.98624573,284.03906250,317.32031250
1,4401,12,69.93080062,652.99459183,68.81250000,653.34375000
1,2746,11,228.89169170,228.10507900,225.40625000,228.87500000
1,2572,10,97.23851732,466.09227292,96.21093750,463.02343750
1,5034,6,674.09842893,483.90653039,673.60937500,483.28906250
1,1224,7,808.98507711,828.09696403,812.26562500,832.64843750
1,438,16,131.99481422,908.11718982,131.64062500,904.65625000
1,3400,2,69.93246829,443.00116187,69.92187500,435.85937500
1,4867,6,909.08565435,953.09007604,910.45312500,953.78125000
1,2238,17,228.92332550,707.98039843,223.79687500,709.39062500
1,5204,3,1151.95182736,654.07534233,1158.52343750,650.53906250
1,4569,9,1030.08234922,70.09830775,1034.77343750,71.49218750
1,2073,16,96.91059144,620.31106854,95.49218750,617.16406250
1,2381,14,69.94797379,772.95968960,70.73437500,769.86718750
1,1378,4,69.97421279,623.09122595,68.53125000,620.59375000
1,2889,8,69.87008458,652.96516361,72.13281250,650.43750000
1,4713,6,625.81891469,799.82852268,624.69531250,802.96875000
1,1536,1,759.93208355,69.98318445,758.79687500,65.61718750
1,3943,18,1151.98214722,593.98634850,1154.94531250,596.15625000
1,1068,7,1208.91738069,699.87765510,1211.60937500,700.71875000
1,293,16,1208.99781180,129.98259617,1208.07031250,137.10937500
1,1893,20,69.93941521,292.94131606,66.60156250,290.50000000
1,3623,18,858.15884111,825.58646686,860.50781250,829.28125000
1,3068,5,1208.93061215,220.03225423,1208.51562500,220.60156250
1,765,7,978.44260821,172.49461931,982.50781250,169.58593750
1,4253,15,228.90633026,828.03402352,224.22656250,826.92187500
1,104,16,1067.75212465,650.83809478,1070.74218750,655.28125000
1,3223,5,127.07249839,188.03443612,126.50000000,187.48437500
1,4868,9,391.29444784,828.36174819,387.57812500,831.75000000
1,596,10,720.22506572,739.51715437,721.38281250,743.86718750
1,2890,7,1186.49667340,627.85449008,1190.51562500,629.01562500
1,4570,12,261.54940692,349.57998924,256.10937500,349.25000000
1,2747,11,351.87852444,288.02855467,347.27343750,286.62500000
1,2382,13,1169.28062206,740.86954240,1166.66406250,746.95312500
1,2073,17,1209.01846385,610.01864022,1212.32031250,611.53125000
1,2572,11,1209.06082248,460.05075960,1210.08593750,457.81250000
1,909,10,1086.95833485,113.94370438,1088.54687500,116.45312500
1,4111,15,908.97435555,952.93631074,908.46875000,956.08593750
1,1068,8,92.53261960,693.92390849,94.07812500,691.17187500
1,5035,6,673.96832847,538.08565987,673.54687500,538.32031250
1,1224,4,481.70940158,932.62844345,477.58593750,936.04687500
1,439,16,126.90295521,908.06953462,127.00781250,904.46093750
1,2239,17,229.08883284,587.97952672,223.44531250,588.17968750
1,293,13,104.77614961,353.45988755,105.02343750,348.13281250
1,1724,1,1048.90410630,673.10014910,1054.53125000,672.57031250
1,5205,3,1152.08158974,713.95044201,1158.48437500,710.17968750
1,3799,18,610.01166335,70.00418039,611.95312500,66.54687500
1,4402,12,69.93749292,622.94406274,68.48437500,623.50000000
1,1537,4,463.53180723,226.77661181,461.50781250,221.34375000
1,1378,5,1178.57317959,618.35034959,1180.56250000,619.69531250
1,1894,19,1174.01732953,269.64856424,1168.81250000,270.75000000
1,3624,21,398.93129474,952.96877189,390.23437500,956.14062500
1,3944,18,1152.03735185,654.11474400,1154.32031250,656.35937500
1,3069,4,100.39261014,255.52901401,101.55468750,252.61718750
1,4714,9,611.92914139,907.99930982,611.66406250,912.73437500
1,3401,1,1179.95844087,421.45113593,1182.62500000,418.40625000
1,766,10,340.07590235,70.03038559,341.38281250,67.36718750
1,4254,15,228.90002246,708.03861956,223.42968750,707.17968750
1,105,19,128.92677064,953.00237759,125.05468750,950.29687500
1,3224,5,127.10860763,128.01500530,128.29687500,128.35937500
1,2890,8,70.02443825,623.06278460,72.09375000,620.68750000
1,4868,6,879.01740300,952.90384584,880.47656250,953.92187500
1,4570,9,1059.99813371,70.05374284,1064.26562500,72.10156250
1,909,7,231.34684692,335.54012833,228.57812500,333.33593750
1,4111,12,403.00697751,694.14974356,399.85937500,696.43750000
1,597,13,488.91827178,953.02959722,482.28125000,955.08593750
1,2748,11,592.11442573,288.03395029,590.06250000,284.50000000
1,2573,10,97.28821402,495.93006518,96.64062500,493.03906250
1,1069,7,1208.91981364,729.88562956,1211.33593750,730.63281250
1,2240,17,229.11172874,467.98303782,223.71875000,466.81250000
1,2074,16,96.99470476,650.28873449,95.65625000,647.16406250
1,2382,14,69.95254379,742.92007843,70.40625000,740.11718750
1,440,16,126.93763082,848.05721875,126.10937500,845.23437500
1,4403,12,70.08204153,592.93013459,68.28125000,593.62500000
1,1725,1,1049.02829030,792.89213728,1054.15625000,792.76562500
1,1225,7,689.06284523,827.93821453,690.68750000,832.84375000
1,1537,1,789.89635873,69.92634856,789.00000000,65.53906250
1,294,16,1209.02427407,159.92432481,1208.52343750,166.45312500
1,1379,4,70.01840649,592.89302898,68.48437500,590.33593750
1,3624,18,886.87175680,833.46761479,889.14843750,836.96093750
1,3945,18,1151.94682312,714.10517375,1153.28125000,716.16406250
1,1894,20,69.98465506,262.98821334,67.17187500,260.77343750
1,5036,6,604.92772497,537.92111555,603.14062500,538.19531250
1,3069,5,1209.05074551,249.98244860,1209.01562500,250.29687500
1,5206,3,1151.96046818,774.03476411,1157.96875000,769.81250000
1,3799,15,641.37358647,267.68138315,642.03125000,264.85156250
1,3401,2,70.01424869,412.93420833,70.56250000,405.63281250
1,4714,6,683.25473656,815.82122403,683.23437500,819.02343750
1,766,7,949.40988889,180.37340149,953.89843750,177.08593750
1,4255,15,228.93187728,587.89616762,223.28125000,586.37500000
1,105,16,1095.50543713,643.11600011,1098.18750000,647.53906250
1,3225,5,228.94849769,193.07990978,226.75781250,190.61718750
1,2573,11,1209.12350991,490.02505750,1211.04687500,487.90625000
1,3625,21,369.08100821,952.92196921,360.25781250,955.67187500
1,3946,18,1151.98815476,774.10389006,1152.10156250,775.78125000
1,4112,15,878.97878683,952.92694556,878.31250000,956.31250000
1,4869,9,419.96808324,820.26353837,416.41406250,823.92968750
1,4571,12,233.91437305,357.24758723,228.50000000,357.19531250
1,1069,8,92.57315042,723.80170153,94.40625000,720.73437500
1,2749,11,832.09132687,287.99835644,834.55468750,283.96093750
1,2891,7,1186.53340699,597.87520607,1190.62500000,598.87500000
1,4404,12,70.08991269,563.04344623,68.10156250,563.89062500
1,2074,17,1209.10962796,640.10983267,1212.24218750,641.68750000
1,2241,17,228.98368968,348.07104096,224.25781250,345.69531250
1,1726,1,1048.89496367,828.00037934,1053.96875000,827.76562500
1,597,10,748.42871451,731.77179903,750.15625000,736.15625000
1,2383,13,1169.41007580,711.16533917,1167.50000000,717.35937500
1,441,16,127.05098856,788.08586710,125.56250000,785.67968750
1,1379,5,1178.62095277,588.30989611,1180.74218750,589.53125000
1,1538,4,434.83500594,218.83060832,432.82812500,213.46093750
1,294,13,93.80800061,326.21945334,94.96875000,321.02343750
1,3800,18,640.08419814,69.92769225,642.39843750,66.54687500
1,3402,1,1179.82334132,391.72545180,1182.03125000,388.64062500
1,910,10,1146.96013018,114.03212503,1147.07812500,118.07812500
1,5037,6,628.96078803,502.92466961,627.49218750,502.70312500
1,3070,4,100.39820718,285.40700144,100.84375000,282.30468750
1,1225,4,598.84594510,899.93481161,595.83593750,904.76562500
1,1895,19,1173.89366306,239.75822531,1168.32812500,241.08593750
1,4715,9,551.96853181,908.00883257,550.69531250,912.51562500
1,5207,3,1151.96212058,834.08691716,1157.46875000,829.12500000
1,767,10,370.06909356,70.00435112,371.35156250,67.05468750
1,4256,15,228.90013408,468.04110498,224.02343750,465.58593750
1,3226,5,348.89598032,193.11973671,345.57031250,189.03125000
1,106,19,99.00586741,953.09031362,96.17187500,949.62500000
1,2574,10,97.23875064,525.75957870,96.35156250,522.88281250
1,4571,9,1089.88746546,70.00205356,1093.74218750,72.82031250
1,598,13,459.05582364,952.92306793,452.45312500,954.44531250
1,295,16,1208.99090112,190.06553162,1208.86718750,196.07812500
1,2383,14,70.05937324,713.01408986,70.32031250,710.43750000
1,4112,12,431.00207708,701.86109561,428.32812500,704.27343750
1,2891,8,70.02187930,592.98137127,71.85156250,590.67968750
1,1070,7,1209.03929574,760.02298423,1211.10156250,760.72656250
1,3800,15,612.93426964,259.92251054,613.10937500,256.84375000
1,1226,7,568.99155949,828.04903734,568.58593750,832.81250000
1,1895,20,69.86361638,232.89252046,67.57812500,231.01562500
1,2075,16,96.96930027,680.11258179,95.74218750,677.01562500
1,3070,5,1209.05120606,280.02694744,1209.28906250,280.20312500
1,910,7,175.60718156,350.94970110,173.35156250,349.28125000
1,3625,18,915.49376624,841.42198736,917.71093750,844.77343750
1,1538,1,819.95046103,69.97669897,819.05468750,65.64062500
1,1727,1,929.07164789,828.07819083,934.46093750,829.80468750
1,442,16,127.00255265,728.05075534,125.00781250,725.75000000
1,2750,11,926.10178084,287.92423163,929.08593750,284.14843750
1,3947,18,1151.93461240,833.98443949,1150.64062500,835.05468750
1,4869,6,849.02595530,953.07968666,850.50000000,954.44531250
1,5038,6,650.05207292,502.96574577,649.08593750,502.71093750
1,4405,12,69.97464663,532.94112782,67.80468750,533.89062500
1,2242,17,229.01889526,228.11122891,225.63281250,225.33593750
1,4257,15,229.07451227,347.94095535,225.67187500,344.79687500
1,4715,6,740.69814702,831.74642172,741.59375000,834.82031250
1,5208,3,1151.90138417,894.02610234,1156.57812500,888.05468750
1,3402,2,69.94203011,383.04752785,70.95312500,375.78906250
1,767,7,920.59382656,188.37362267,924.90625000,184.79687500
1,2574,11,1209.08614069,519.98873729,1211.10156250,517.89843750
1,3227,5,469.04742989,192.97400915,466.60156250,187.94531250
1,106,16,1122.96629674,635.39572122,1125.16406250,639.85937500
1,4572,12,206.08451293,364.90753164,200.90625000,365.12500000
1,1380,5,1178.56806669,558.55534360,1180.92187500,559.57812500
1,1728,1,808.98401230,828.04044977,813.93750000,831.33593750
1,295,13,82.68449681,298.43733140,84.90625000,293.39062500
1,3071,4,100.29527550,315.15031946,100.19531250,311.96093750
1,598,10,776.43747211,724.15022273,778.53125000,728.50000000
1,4870,9,448.76687794,812.49808953,445.71875000,816.42187500
1,1539,4,405.98749066,210.96345710,403.85156250,205.68750000
1,443,16,127.08967115,668.03712545,124.92968750,665.66406250
1,1070,8,92.72997185,753.79562794,94.92968750,750.48437500
1,2384,13,1169.38895072,681.32121862,1167.99218750,687.58593750
1,2075,17,1209.09031105,670.03683131,1212.03125000,671.68750000
1,4716,9,492.07696449,907.91833006,489.94531250,912.01562500
1,3403,1,1179.78834789,361.92858893,1181.59375000,358.76562500
1,1226,4,715.23596926,867.16687472,714.11718750,872.53125000
1,1896,19,1173.88948459,209.94071639,1167.99218750,211.44531250
1,4258,15,229.07626944,227.99813327,227.83593750,225.18750000
1,4113,15,848.89676153,953.02448107,848.11718750,956.53906250
1,911,10,1152.10158846,114.04148055,1151.93750000,118.16406250
1,3801,18,669.91577802,69.97963079,672.47656250,66.68750000
1,2892,7,1186.67101193,567.94566798,1190.92968750,568.87500000
1,5209,3,1151.97818213,907.92079118,1156.59375000,901.59375000
1,3626,21,339.10916453,953.05442563,330.30468750,955.39062500
1,2243,17,351.99939558,288.04201315,347.74218750,284.25781250
1,4406,12,69.98045459,503.05446497,67.73437500,504.12500000
1,3948,18,1152.07137449,893.89747392,1149.32031250,893.85156250
1,768,10,399.92076960,70.03448382,401.17968750,66.82031250
1,2751,11,926.05549845,528.00298802,931.26562500,527.10937500
1,5039,6,650.08492357,518.94773958,649.14843750,518.78125000
1,2575,10,97.09012346,555.60102149,96.14843750,552.78125000
1,3228,5,588.91439785,192.88050832,587.79687500,187.51562500
1,107,19,69.94586249,953.02971024,68.05468750,948.82812500
1,4572,9,1120.01343650,70.01257005,1123.25000000,73.59375000
1,2076,16,96.84477281,710.03863886,95.67187500,706.98437500
1,1227,7,448.97026016,827.90389112,447.53125000,831.97656250
1,4113,12,459.15211278,709.50932469,456.91406250,712.10937500
1,3801,15,584.70640366,252.09418195,584.57031250,248.85156250
1,3071,5,1208.94205648,309.94096107,1209.57812500,310.10937500
1,911,7,170.83896278,352.26612794,168.84375000,350.63281250
1,2892,8,70.12098623,562.94553342,71.94531250,560.78125000
1,3626,18,944.31393625,849.25118986,946.35156250,852.32812500
1,5040,6,628.99416747,518.96894620,627.49218750,518.82812500
1,1539,1,850.08031429,69.90661822,849.32812500,65.66406250
1,1071,7,1209.01777853,790.04613873,1210.52343750,790.53125000
1,2244,17,591.99003361,288.05971899,591.03906250,283.67187500
1,2384,14,70.01356108,682.97837782,70.07031250,680.60156250
1,4716,6,798.25993362,847.80634259,799.89843750,850.64843750
1,3403,2,69.97104909,353.08831232,71.64062500,345.82031250
1,1896,20,69.86346985,202.87697508,68.32812500,201.33593750
1,1729,1,689.11065795,828.06222628,692.60156250,832.44531250
1,1381,4,70.05518442,533.11123323,68.69531250,530.50781250
1,3949,21,124.27446689,951.61941111,118.17968750,949.85937500
1,4407,12,70.11223849,473.02877906,67.79687500,474.19531250
1,599,13,429.03095044,953.08873813,422.25781250,954.03125000
1,296,16,1209.03179776,219.96445508,1209.28906250,225.53906250
1,4870,6,818.93497551,952.88849837,820.05468750,954.45312500
1,5210,3,1091.93195687,907.97351712,1097.82812500,903.59375000
1,444,16,127.06859584,607.93022408,124.93750000,605.29687500
1,2752,11,926.03776348,733.08238075,931.50781250,734.63281250
1,768,7,891.95140349,196.26948121,896.17187500,192.41406250
1,4259,15,352.11286218,287.91996815,349.15625000,284.27343750
1,2575,11,1208.94874286,549.95917037,1211.14062500,547.86718750
1,3229,5,709.06040070,193.09421208,709.94531250,187.92968750
1,107,16,1149.64479193,628.03886601,1151.42968750,632.46875000
1,4573,12,178.55435662,372.53335413,173.54687500,373.00781250
1,1227,4,830.83306407,834.88959943,830.93750000,840.37500000
1,912,10,1151.98407959,174.01000090,1152.96093750,177.03125000
1,1897,19,1174.00658714,180.18473423,1167.60156250,182.00781250
1,4114,15,818.91255883,953.00074948,817.89843750,956.67968750
1,3072,4,100.34648452,345.03540274,99.63281250,341.67968750
1,2245,17,831.96522813,288.03611044,836.28906250,284.49218750
1,1071,8,92.74674110,783.68322691,95.27343750,779.88281250
1,2076,17,1208.97108308,700.05400183,1211.53125000,701.76562500
1,3404,1,1179.86039728,332.03365188,1181.25000000,328.81250000
1,2893,7,1186.64680605,538.04800893,1191.03906250,538.81250000
1,2385,13,1169.47244416,651.58177879,1168.57812500,657.74218750
1,3802,18,700.01886360,70.07924187,703.06250000,66.96093750
1,769,10,429.92108470,69.93206781,430.91406250,66.49218750
1,4717,9,431.90670117,908.00889472,429.10156250,911.51562500
1,4871,9,477.39986059,804.43188681,474.81250000,808.53125000
1,1381,5,1178.66533657,528.83081236,1181.06250000,529.79687500
1,296,13,71.44103205,270.54996343,74.71875000,265.82031250
1,5041,5,113.86223910,103.78876626,114.67968750,104.36718750
1,1540,4,377.23825168,202.98491957,375.05468750,197.79687500
1,4408,12,70.10301172,442.96903543,67.20312500,444.24218750
1,1730,1,568.89272810,827.98091079,570.62500000,833.01562500
1,2753,11,686.10080150,733.03301212,688.78906250,736.50000000
1,3627,21,308.95002419,952.90317806,300.11718750,954.75000000
1,5211,3,1032.10784632,908.06284428,1038.81250000,905.25000000
1,4260,15,591.94882057,287.98734411,591.62500000,285.00000000
1,3949,18,1151.87239580,908.04274436,1148.87500000,907.75781250
1,599,10,804.46874364,716.25295616,807.10156250,720.53125000
1,445,16,126.95558547,548.06003690,125.03125000,545.08593750
1,2576,10,97.10441928,585.46684295,96.14062500,582.80468750
1,3230,5,829.09726779,193.11159958,831.71875000,188.64062500
1,108,19,70.04245229,922.93583954,67.53125000,919.53906250
1,4573,9,1149.88113089,69.97383903,1152.57031250,74.36718750
1,1228,7,329.10054342,827.95219136,327.03125000,830.85937500
1,5041,2,1158.56636344,76.38945761,1164.49218750,84.85156250
1,4409,12,69.96578191,412.99249167,67.23437500,414.41406250
1,2754,11,445.90554071,732.94315394,444.03906250,736.69531250
1,1731,1,448.93712639,827.93752969,449.70312500,833.05468750
1,5212,3,972.07466055,907.92815285,979.15625000,906.51562500
1,4261,18,417.14832261,102.29612352,416.72656250,99.03906250
1,1072,7,1209.12266657,819.99004278,1210.32031250,820.22656250
1,2246,17,925.97323478,287.96618007,931.31250000,285.13281250
1,3072,5,1208.98859847,339.98468873,1209.85156250,340.03125000
1,600,13,398.94150083,952.93705571,392.13281250,953.24218750
1,2077,16,96.86823706,739.82847172,95.92187500,736.74218750
1,4717,6,856.34015321,863.82559455,858.41406250,866.19531250
1,2893,8,70.05715150,532.94273187,71.89843750,530.85937500
1,1540,1,880.08273314,69.97498456,879.47656250,65.85937500
1,446,16,127.01522292,488.03634200,125.45312500,484.76562500
1,769,7,863.24281316,204.31636896,867.44531250,200.26562500
1,1382,4,70.04046704,503.00743622,68.85156250,500.32812500
1,297,16,1209.08622260,249.96838679,1209.65625000,255.20312500
1,3627,18,973.30715703,857.41308415,975.10156250,860.25781250
1,3950,21,183.08894794,935.21740440,175.32031250,935.03125000
1,912,7,149.69978948,297.48128467,148.53906250,296.00781250
1,4871,6,788.89041172,953.04382499,789.79687500,954.81250000
1,1897,20,69.98604834,172.93393495,69.10937500,171.87500000
1,3404,2,70.10838801,323.03287478,72.44531250,315.72656250
1,3802,15,556.18330890,244.13693075,555.49218750,240.72656250
1,2385,14,70.07379999,653.04276593,69.92187500,650.73437500
1,4114,12,487.21857795,717.25448495,485.50781250,719.96093750
1,2576,11,1208.97572803,579.95196103,1211.29687500,577.98437500
1,3231,5,949.09784968,192.93884240,952.11718750,189.67968750
1,108,16,1160.37189283,654.77997333,1161.40625000,659.19531250
1,4574,12,150.80503156,380.13892385,146.16406250,380.87500000
1,1732,1,328.91643275,827.94207697,329.39843750,832.58593750
1,3628,21,278.89704982,952.89913098,270.27343750,954.24218750
1,770,10,460.05465687,69.93176013,461.19531250,66.30468750
1,5041,3,70.05713503,69.88375495,71.45312500,78.15625000
1,2755,11,351.89340662,733.09071873,349.50781250,736.53125000
1,4410,12,69.96990551,383.05474146,67.28125000,384.64843750
1,447,16,126.98812593,427.95922654,126.05468750,424.38281250
1,1898,19,1173.98408508,150.50346339,1167.14843750,152.74218750
1,4261,15,831.91587760,288.04856400,835.76562500,287.21093750
1,600,10,832.59906972,708.64232720,835.64062500,712.91406250
1,4718,9,372.04485124,908.00281614,368.90625000,910.82031250
1,4115,15,789.05315485,953.05555408,787.81250000,956.80468750
1,4872,9,505.92493845,796.50393212,503.64062500,800.71875000
1,5213,3,912.06776373,907.92659205,919.11718750,907.91406250
1,2077,17,1209.00104664,729.93731188,1211.28906250,731.60937500
1,298,16,1208.93586241,279.92292622,1209.92187500,284.93750000
1,1541,4,348.55839884,195.11380091,346.56250000,190.12500000
1,3073,4,100.29231702,374.81735249,99.02343750,371.49218750
1,1228,4,945.42228482,802.69266589,946.75000000,807.61718750
1,2894,7,1186.72342659,508.16137512,1191.03906250,508.67187500
1,1072,8,92.88879906,813.47652654,95.95312500,809.24218750
1,3950,18,1092.09048282,908.13104637,1090.90625000,908.82812500
1,2386,13,1169.40046393,621.67420256,1169.03125000,627.78906250
1,913,10,1152.05323638,234.04839781,1153.75781250,236.42968750
1,2247,17,925.91900656,528.03748843,931.56250000,528.80468750
1,1382,5,1178.65478141,498.87565158,1181.08593750,499.64062500
1,3405,1,1179.78002708,302.28840572,1180.56250000,299.13281250
1,3803,18,730.11999124,70.04597570,733.42968750,67.17968750
1,3232,5,1048.98342117,192.94212162,1051.32031250,190.98437500
1,2577,10,97.01942592,615.38043767,96.00000000,612.75781250
1,109,19,69.87809051,892.96723742,66.82031250,890.21093750
1,4574,9,1180.00392496,70.01707103,1181.87500000,75.22656250
1,1733,1,229.09271099,827.96032011,230.64062500,831.85937500
1,4872,6,758.93395106,953.09080345,759.70312500,955.07812500
1,4115,12,515.23324985,724.90761349,514.01562500,727.73437500
1,770,7,834.43503216,212.28841526,838.35156250,208.07031250
1,3628,18,1002.27380048,865.41984027,1003.66406250,867.92187500
1,4411,12,70.10828344,352.95363852,67.45312500,354.76562500
1,299,16,1209.10289245,310.07233696,1210.35156250,314.86718750
1,2894,8,70.09488854,502.94745470,71.78125000,500.87500000
1,1229,7,228.92280734,828.00064048,227.80468750,829.61718750
1,1073,7,1209.08273985,850.09636864,1209.79687500,850.00781250
1,3073,5,1208.92871599,369.92827545,1210.00000000,370.03125000
1,3951,21,242.08112954,918.94141563,233.28125000,920.11718750
1,4718,6,914.31089221,879.91297346,916.45312500,881.57812500
1,5214,3,851.93545419,907.92637978,858.63281250,909.11718750
1,913,7,127.82308539,241.29433870,128.03906250,240.21875000
1,2078,16,96.78975303,769.76129284,96.15625000,766.53125000
1,2756,11,351.97021014,492.96695318,347.53906250,493.85156250
1,5042,5,84.65300693,107.87754599,85.86718750,108.86718750
1,601,13,368.94143680,952.89240317,362.32812500,952.54687500
1,448,16,126.87294943,367.91933220,126.68750000,364.13281250
1,1541,1,909.93936492,69.95504543,909.23437500,66.09375000
1,4262,18,325.30668592,128.23000268,324.29687500,125.39843750
1,1898,20,69.96734112,143.04899262,69.77343750,142.54687500
1,2248,17,925.89791941,733.10901604,930.78125000,737.04687500
1,3803,15,527.58087969,236.29015186,526.61718750,232.72656250
1,3405,2,70.09147688,293.11474133,73.09375000,285.96875000
1,2386,14,69.97642137,622.94537160,69.76562500,620.74218750
1,1383,4,69.91879494,472.90173121,69.07812500,470.12500000
1,3233,5,1049.06235974,312.90811011,1052.70312500,311.24218750
1,2577,11,1208.90257958,609.98678394,1211.16406250,608.03125000
1,109,16,1171.43071380,681.67795481,1171.68750000,686.08593750
1,4575,12,124.10350979,387.52031608,120.03125000,388.48437500
1,1073,8,92.88739986,843.44230480,96.51562500,838.57031250
1,4873,9,534.35904378,788.71161520,532.76562500,793.02343750
1,1734,1,228.89944760,707.91226179,228.44531250,712.13281250
1,4116,15,759.02013061,953.03896400,757.50781250,956.82031250
1,771,10,490.08735066,70.00105621,491.46093750,66.26562500
1,4412,12,69.88200143,322.98391475,67.39843750,325.10156250
1,3629,21,248.93289601,953.04854534,240.64843750,953.78125000
1,2895,7,1186.63831731,478.27312781,1190.99218750,478.65625000
1,3074,4,100.39721147,404.76920514,98.79687500,401.54687500
1,300,16,1209.13618647,339.93992140,1210.52343750,344.60937500
1,2757,11,467.06947828,376.92854125,463.14062500,375.42968750
1,3951,18,1031.93272128,908.04909276,1031.97656250,909.59375000
1,5215,3,792.05804388,907.89823553,798.30468750,910.08593750
1,4719,9,311.87719007,907.98942869,308.61718750,909.96093750
1,914,10,1151.96941435,294.00932109,1154.46093750,296.11718750
1,1229,4,1040.57073631,775.94976646,1041.74218750,780.35937500
1,3406,1,1179.54601533,272.43664725,1179.84375000,269.42968750
1,449,16,126.90459072,308.01728354,127.71093750,304.29687500
1,2078,17,1208.92827253,759.95044041,1210.85937500,761.54687500
1,601,10,860.56332406,700.97155278,863.85937500,705.21875000
1,5042,2,1188.39323541,72.32953376,1193.76562500,82.09375000
1,1899,19,1174.07376646,120.60394654,1166.82812500,123.25781250
1,2387,13,1169.42689098,591.83331580,1169.46875000,597.85156250
1,4262,15,926.11713165,288.04106488,930.79687500,288.50000000
1,1383,5,1178.53832424,468.91801155,1181.10156250,469.46875000
1,1542,4,319.69671608,187.10512684,317.95312500,182.34375000
1,2249,17,685.96405245,733.06113999,687.35937500,737.47656250
1,3804,18,760.00155755,69.91210216,763.58593750,67.32031250
1,3234,5,1048.90648428,433.00781888,1053.29687500,432.34375000
1,110,19,70.01328985,863.02247530,66.53125000,860.75000000
1,2578,10,97.09413765,645.34877906,96.17968750,642.75781250
1,1735,1,228.89251554,587.94585694,226.67187500,591.34375000
1,2895,8,69.96969979,472.94720761,71.81250000,470.96875000
1,4575,9,1209.05950270,69.99461153,1210.01562500,76.00781250
1,3629,18,1031.22869252,873.26888889,1031.96875000,875.39062500
1,3952,21,300.55090613,902.66845452,291.17187500,904.96093750
1,4873,6,729.05087596,953.02708874,729.40625000,955.08593750
1,2758,11,810.96294536,376.90637990,813.86718750,374.04687500
1,1074,7,1208.92524981,879.87079940,1209.12500000,879.39843750
1,3074,5,1209.02947469,400.03364962,1210.34375000,400.21875000
1,4413,12,70.10627362,293.06281426,67.88281250,295.46875000
1,914,7,105.56165457,183.70052030,107.27343750,183.42968750
1,4116,12,543.43412312,732.68268517,542.77343750,735.60937500
1,301,16,1208.97819917,370.03588073,1210.35156250,374.59375000
1,4719,6,972.78849571,896.14847290,974.67968750,896.90625000
1,5216,3,732.06143613,907.92836530,737.57031250,910.96093750
1,771,7,805.75727523,220.15493194,809.21875000,215.79687500
1,450,16,127.07922660,247.89139558,129.13281250,244.40625000
1,3406,2,69.91959225,263.07166834,73.74218750,256.15625000
1,1384,4,69.94818595,443.01221857,69.40625000,440.25781250
1,5042,6,1186.51726629,115.59632331,1184.06250000,116.23437500
1,1230,7,228.97982444,707.92941008,226.35156250,709.53125000
1,1899,20,70.06219321,112.95572234,70.75781250,113.03906250
1,4263,15,926.01020677,528.03776057,930.73437500,530.29687500
1,2079,16,96.86640789,799.82610766,96.42968750,796.48437500
1,1542,1,939.94816695,70.02243959,939.19531250,66.32812500
1,602,13,339.02002242,952.94525029,332.54687500,951.85156250
1,2250,17,446.01153515,732.97226370,442.86718750,736.42187500
1,2387,14,69.97877167,592.91106204,69.69531250,590.79687500
1,3804,15,499.11580997,228.58167619,497.78906250,224.92968750
1,110,16,1182.34105693,708.97277897,1181.70312500,713.36718750
1,3235,5,1049.11634689,553.10290031,1053.37500000,553.83593750
1,2578,11,1208.99054981,640.07876060,1211.30468750,638.10156250
1,1074,8,92.76896512,873.08959883,96.83593750,867.50781250
1,3407,1,1179.67915264,242.41122770,1179.42968750,239.41406250
1,2388,13,1169.54804546,562.04176931,1169.99218750,567.89843750
1,302,16,1208.96558342,399.95218326,1210.35937500,404.46093750
1,2896,7,1186.65399180,448.36650498,1190.82812500,448.62500000
1,2759,11,810.93413132,644.06499007,815.02343750,645.58593750
1,451,16,127.08700983,188.10713476,130.55468750,185.18750000
1,4720,9,252.03791087,907.90437423,249.09375000,908.85937500
1,3630,21,218.99644923,952.88427668,211.01562500,953.12500000
1,3952,18,972.06124431,908.10513519,972.87500000,910.38281250
1,4874,9,562.94019719,780.82093589,561.85156250,785.20312500
1,1384,5,1178.57141562,439.17220516,1181.03125000,439.64843750
1,3075,4,100.39962579,434.65586405,98.35937500,431.41406250
1,5217,3,672.06208167,908.02411477,676.76562500,911.77343750
1,4117,15,729.04387466,952.91332540,727.17968750,956.75000000
1,915,10,1152.10714391,354.02625822,1155.05468750,356.14062500
1,4414,12,69.97368442,263.04916608,68.21875000,265.79687500
1,3805,18,789.98225272,70.06660630,793.78125000,67.82031250
1,4576,12,113.25894841,360.77275442,109.58593750,362.05468750
1,1736,1,229.05947642,467.98706618,226.00000000,470.26562500
1,1900,19,1174.02855562,90.75241248,1166.28906250,93.99218750
1,2079,17,1209.01190782,790.10315814,1210.43750000,791.58593750
1,602,10,888.37322273,693.24709328,892.03125000,697.40625000
1,4264,15,926.10387301,732.92636918,929.22656250,736.98437500
1,2251,17,352.00075169,733.11944753,347.30468750,735.74218750
1,1543,4,290.61984038,179.18624627,289.21093750,174.72656250
1,5042,3,100.09139321,70.03905243,100.79687500,77.55468750
1,772,10,520.06383749,69.91820032,521.31250000,66.06250000
1,1230,4,1082.79499264,891.96292336,1081.39843750,895.22656250
1,111,19,69.89534273,832.99231789,65.99218750,831.12500000
1,3236,5,1048.93770937,673.12027378,1052.62500000,675.12500000
1,303,16,1209.06700964,430.03345268,1210.45312500,434.49218750
1,2388,14,70.07710654,562.92532944,69.91406250,560.78125000
1,2579,10,97.06597592,675.16006069,96.19531250,672.62500000
1,1075,7,1208.89262861,909.86215606,1208.64843750,908.92968750
1,4720,6,1031.14643190,912.42438558,1032.39062500,912.07031250
1,2760,11,467.07127175,643.96523585,464.50781250,646.63281250
1,2896,8,69.94600651,442.92576057,71.82812500,441.03906250
1,3407,2,70.11894896,232.87946680,74.82812500,226.07812500
1,452,16,126.92072195,128.04896355,132.03906250,126.17968750
1,3953,21,359.14175458,886.56901208,349.67187500,889.78906250
1,3630,18,1060.14961144,881.42430759,1060.30468750,882.98437500
1,4874,6,698.95042229,953.02119366,699.13281250,955.17187500
1,1385,4,69.87127010,413.08530386,69.69531250,410.28906250
1,3075,5,1209.02673029,430.07593162,1210.39062500,430.27343750
1,5218,3,611.90516595,908.02127105,615.72656250,912.34375000
1,4415,12,70.03955710,233.02062303,68.67187500,236.23437500
1,915,7,82.48556319,124.61801666,86.11718750,125.67187500
1,4117,12,571.59636919,740.55537975,571.57031250,743.53125000
1,1900,20,70.02052525,82.89100257,71.46875000,83.75000000
1,3805,15,470.57239844,220.56379625,469.10937500,216.89062500
1,4576,9,1209.10177505,100.06803660,1210.72656250,105.20312500
1,1737,4,1084.73246357,108.57432049,1086.25000000,109.83593750
1,2080,16,96.81036122,829.57874115,96.75000000,825.96093750
1,1543,1,970.09580501,69.94123067,969.10937500,66.53906250
1,4264,12,317.29402526,898.12277344,316.02343750,899.06250000
1,603,13,308.90787294,953.04232578,302.46875000,951.17187500
1,772,7,777.21559746,228.13580800,780.57812500,223.64843750
1,1231,7,228.92463069,588.03276663,225.26562500,588.62500000
1,5043,6,1157.46106870,123.65074859,1155.90625000,123.60156250
1,2252,17,352.08083135,492.98923475,346.80468750,492.18750000
1,111,16,1193.66006080,736.62753448,1192.14062500,740.86718750
1,3237,5,1049.06085177,792.93577646,1051.46093750,795.25000000
1,453,16,229.03861259,192.93225784,230.04687500,188.74218750
1,3076,4,100.30326797,464.49482024,97.93750000,461.37500000
1,4415,9,1201.18931248,236.35299424,1205.75000000,239.01562500
1,2389,13,1169.50948856,532.27324985,1170.25000000,538.06250000
1,2579,11,1208.97468888,670.00615534,1211.14062500,668.05468750
1,4118,15,698.90479656,952.92392289,696.76562500,956.73437500
1,3806,18,820.01702752,70.07415563,823.89843750,68.19531250
1,4577,12,102.34705828,333.85226562,99.08593750,335.40625000
1,3408,1,1179.42186787,212.76213224,1178.47656250,210.07812500
1,3631,21,188.86763494,952.92051713,181.28125000,952.53125000
1,2080,17,1208.96172444,819.92514772,1209.98437500,821.18750000
1,304,16,1209.05177490,460.00740294,1210.35156250,464.45312500
1,1544,4,261.83996793,171.18711436,260.94531250,167.10156250
1,2761,11,553.08299228,444.11822468,550.69531250,443.28125000
1,4265,15,685.94789778,732.95206729,685.40625000,736.88281250
1,1385,5,1178.49925011,409.38981541,1180.82812500,409.67187500
1,773,10,549.97520254,69.91426613,551.60156250,66.11718750
1,1901,20,126.92829619,114.00583213,125.21093750,112.82031250
1,1232,7,228.98956463,467.92580090,225.19531250,467.15625000
1,1075,8,92.77466714,902.93650816,97.50000000,896.54687500
1,1737,1,229.09523260,348.02948872,225.82031250,349.38281250
1,603,10,916.29404786,685.44853972,920.38281250,689.51562500
1,916,10,1152.07000162,414.03890195,1155.25000000,416.34375000
1,3953,18,911.88286941,907.95911395,912.97656250,910.64843750
1,4875,9,591.46310779,773.07001682,591.06250000,777.49218750
1,5043,3,129.87009459,69.99397919,129.65625000,76.67968750
1,5219,3,551.97445891,908.09738933,554.92187500,912.78906250
1,2253,17,466.94066503,376.94947770,463.50781250,374.10937500
1,4721,9,191.94109375,908.07726829,189.50000000,907.87500000
1,2897,7,1186.77443753,418.65424842,1190.82812500,418.68750000
1,112,19,70.00793579,803.08102553,65.45312500,801.48437500
1,3238,5,1049.12265578,827.95224389,1050.82031250,830.11718750
1,454,16,348.98808883,193.02013957,349.27343750,188.21875000
1,4118,12,599.99257335,748.35732624,600.44531250,751.37500000
1,3806,15,441.89475382,212.65558246,440.32031250,208.96875000
1,2081,16,96.91172518,859.49317764,97.17968750,855.59375000
1,3631,18,1089.33863128,889.45191006,1088.66406250,890.52343750
1,3076,5,1208.92423648,460.06962885,1210.33593750,460.37500000
1,1902,20,186.98304438,114.06406253,183.78125000,111.89843750
1,2762,11,724.96933815,443.88250507,726.67968750,442.35937500
1,3408,2,69.92308593,203.02504942,75.44531250,196.58593750
1,1544,1,999.91178528,70.02142182,998.64843750,66.91406250
1,2389,14,70.01369181,532.96641280,69.88281250,530.86718750
1,2580,10,97.19863059,705.05591492,96.50781250,702.48437500
1,773,7,748.76685400,236.01210166,751.51562500,231.48437500
1,1738,4,1042.57487582,225.80898206,1046.10156250,225.31250000
1,1076,7,1208.98642926,940.08909392,1208.43750000,938.68750000
1,1233,10,1093.70620268,102.03161473,1095.34375000,104.90625000
1,4416,12,70.05866016,202.96687645,69.06250000,206.67968750
1,1386,4,69.94942211,383.10371162,70.28125000,380.32031250
1,4875,6,668.89426481,952.89112539,668.65625000,955.07031250
1,3954,21,417.19990548,870.51542917,407.92968750,874.49218750
1,5044,6,1128.16673658,131.63322242,1127.55468750,130.95312500
1,5220,3,492.11175291,908.08048551,494.32031250,912.90625000
1,2897,8,70.02812359,413.09980289,72.15625000,411.25000000
1,2254,17,811.07596022,376.94069427,815.01562500,374.75000000
1,305,16,1208.91444065,489.92697164,1209.96875000,494.38281250
1,917,10,1151.93015530,474.05708116,1155.46875000,476.67968750
1,4577,9,1209.14109416,129.95476407,1211.46093750,134.41406250
1,604,13,278.88972455,953.03740971,273.09375000,950.42968750
1,4721,6,1090.01416249,928.57682063,1090.28906250,926.90625000
1,4266,15,445.93157403,733.11141601,441.06250000,735.21093750
1,112,16,1204.86145149,764.58719780,1202.61718750,768.56250000
1,3239,5,928.96829588,827.97075184,931.36718750,831.39843750
1,4119,15,669.06712954,953.00341077,666.42968750,956.68750000
1,1903,20,246.86813264,113.91649822,242.32031250,110.82812500
1,1545,4,232.81692752,163.28127132,232.27343750,159.57812500
1,2390,13,1169.56895691,502.51875584,1170.53125000,508.17968750
1,2763,11,724.96044231,578.09359468,727.49218750,578.98437500
1,3807,18,849.87475583,69.95702104,853.96875000,68.46875000
1,3632,21,159.05147278,953.09332485,152.01562500,952.07031250
1,2081,17,1209.07021585,849.92037091,1209.40625000,850.85156250
1,455,16,468.97026479,193.04863304,469.70312500,187.94531250
1,3077,4,100.37004062,494.31219783,97.84375000,491.36718750
1,1076,8,92.90605366,932.99766505,98.33593750,925.68750000
1,1738,1,228.92500797,228.05734994,226.09375000,229.34375000
1,2580,11,1209.12106705,700.02498851,1211.19531250,697.99218750
1,1233,7,229.10508821,348.05461321,225.83593750,346.12500000
1,3409,1,1179.54204529,182.90424236,1177.98437500,180.55468750
1,774,10,580.07873640,70.02394700,581.81250000,66.21875000
1,4416,9,1189.82395127,264.59850430,1195.16406250,266.76562500
1,5221,3,431.94412484,908.03670565,433.57812500,912.85937500
1,3954,18,852.01252383,907.91224645,853.15625000,910.96875000
1,1386,5,1178.58064414,379.54574586,1180.85156250,379.71875000
1,4876,9,619.66347155,765.07065635,619.80468750,769.47656250
1,5044,3,159.92535691,70.08517617,158.74218750,75.89062500
1,2255,17,811.04010103,644.09358468,814.70312500,646.94531250
1,2898,7,1186.73054161,388.65625234,1190.62500000,388.60156250
1,918,10,1151.99501712,533.93233541,1155.30468750,536.94531250
1,604,10,944.10678540,677.78041422,948.13281250,681.81250000
1,306,16,1208.92288550,519.98242784,1209.80468750,524.45312500
1,4578,12,91.30434248,306.41722019,88.60937500,308.36718750
1,4722,9,131.95148839,907.99419905,130.76562500,906.51562500
1,4267,15,351.87909837,733.01383777,346.10937500,733.98437500
1,113,19,70.09701128,773.06024632,64.95312500,771.67187500
1,3240,5,809.10174863,828.04599026,810.37500000,832.25781250
1,4119,12,628.16573146,756.02941785,629.33593750,759.10937500
1,1076,5,1177.68695338,924.99231998,1175.16406250,924.14843750
1,4268,15,352.06398114,492.93417320,346.96875000,491.28125000
1,2764,11,553.07753236,578.05883592,551.65625000,579.50781250
1,1904,20,306.96688311,114.06731076,301.53125000,110.27343750
1,3807,15,413.31092862,204.89796018,411.56250000,201.26562500
1,2082,16,96.89779746,889.61801451,97.57812500,885.38281250
1,3632,18,1118.29285129,897.27678834,1116.71093750,897.78906250
1,3077,5,1208.98651142,490.03647082,1210.49218750,490.47656250
1,1545,1,1029.89505786,69.94212502,1028.51562500,67.12500000
1,1234,10,1051.11127504,219.55799497,1055.05468750,220.11718750
1,455,13,791.32853427,97.26346523,795.41406250,95.71093750
1,3409,2,70.10901526,172.99409214,76.61718750,166.96875000
1,3955,21,475.07712461,854.27274958,466.60156250,858.64843750
1,1739,4,944.53175701,134.46007927,947.94531250,132.71093750
1,774,7,720.15687681,243.81977022,722.57031250,239.23437500
1,4417,12,70.07674501,173.01654888,69.57812500,177.33593750
1,5222,3,372.08685872,907.89450745,372.81250000,912.64062500
1,1387,4,69.91415623,353.04871393,70.69531250,350.35937500
1,307,16,1209.08408962,550.05685649,1209.76562500,554.54687500
1,2581,10,96.95248632,734.84936472,96.57812500,732.13281250
1,2256,17,466.93464278,643.99142937,463.92187500,646.14843750
1,5045,6,1098.90968192,139.75601306,1099.14843750,138.52343750
1,4578,9,1209.10593399,160.00639913,1211.94531250,163.89062500
1,2898,8,69.94428649,382.97959556,72.33593750,381.25781250
1,2390,14,70.04957173,503.02111672,70.03125000,500.96093750
1,919,10,1152.00402465,593.99140266,1155.13281250,597.36718750
1,4876,6,639.04208131,953.10003728,638.52343750,955.14843750
1,605,13,248.95200351,952.92823864,243.32031250,949.44531250
1,4722,6,1148.94843193,945.01072593,1147.52343750,941.80468750
1,114,19,70.11859713,743.05349641,64.64843750,741.85937500
1,3241,5,689.02016157,827.93406699,688.94531250,832.42187500
1,4120,15,638.99537959,953.03198508,636.03125000,956.60937500
1,4269,15,467.00062531,376.94709680,463.99218750,374.26562500
1,3808,18,880.12570486,70.09297118,884.17968750,69.11718750
1,1905,20,367.10574961,114.00974281,361.27343750,109.61718750
1,1077,7,1208.86476053,953.09559420,1208.15625000,951.46093750
1,3633,21,128.96982551,952.98769035,122.72656250,951.25781250
1,2765,11,604.98212070,483.95037223,603.99218750,483.61718750
1,2082,17,1209.06255933,880.10870794,1208.85156250,880.73437500
1,1739,1,351.95563277,287.95879190,347.86718750,287.07031250
1,3078,4,100.33812364,524.11729479,97.64062500,521.26562500
1,1234,7,228.91748959,228.04518481,227.02343750,225.72656250
1,456,16,588.99676617,192.91341788,591.26562500,188.16406250
1,3410,1,1179.26053845,153.15605426,1177.10156250,151.10156250
1,3955,18,792.05495542,908.09977810,792.64843750,911.39843750
1,308,16,1209.12541834,580.05566444,1209.61718750,584.53125000
1,2581,11,1208.88535704,729.91331906,1210.88281250,727.70312500
1,1546,4,203.54735817,155.24055078,204.10156250,152.09375000
1,1387,5,1178.54973964,349.63071559,1180.60937500,349.73437500
1,775,10,609.93362928,69.96482885,611.91406250,66.23437500
1,2257,17,552.95182007,443.90413334,551.89062500,442.33593750
1,4579,12,80.12059652,278.59844809,78.05468750,280.96093750
1,5223,3,311.94850428,907.97655604,312.82812500,912.43750000
1,4417,9,1178.64351725,292.38688663,1184.56250000,294.15625000
1,5045,3,190.02008340,70.02716493,188.01562500,74.98437500
1,2899,7,1186.79754691,358.81753249,1190.35156250,358.71093750
1,2391,13,1169.46536042,472.75703563,1170.69531250,478.27343750
1,920,10,1151.91980126,653.93827806,1154.56250000,657.57031250
1,605,10,971.82699742,670.24037023,976.17968750,674.18750000
1,4877,9,648.10020200,757.39222418,648.96875000,761.80468750
1,4723,9,127.13591300,908.09581060,126.31250000,906.48437500
1,115,19,70.06362309,713.03014783,64.25781250,711.92968750
1,3242,5,568.89851735,827.87555087,566.86718750,832.07031250
1,4120,12,656.59005007,763.82113476,658.28906250,766.89843750
1,4270,15,811.12268909,376.91638673,814.78906250,376.60937500
1,1077,8,92.80188245,945.95461063,98.42187500,938.25000000
1,2766,11,674.03228990,483.95525661,674.34375000,483.35937500
1,1906,20,426.90875026,114.00058802,421.32031250,109.21875000
1,3808,15,384.35360719,196.78418558,382.67968750,193.28906250
1,3633,18,1147.50863581,905.45482665,1144.70312500,905.36718750
1,2083,16,96.73625772,919.47712652,97.72656250,914.78125000
1,3078,5,1208.94911753,519.98966808,1210.39843750,520.50000000
1,1740,1,592.07274151,287.91573627,590.34375000,284.42187500
1,775,7,691.87103878,251.70601725,693.78906250,247.14062500
1,1235,10,953.11453053,127.84749684,957.23437500,127.46093750
1,3410,2,69.88885142,143.02341540,77.46093750,137.37500000
1,309,16,1209.04724428,610.02485594,1209.32031250,614.48437500
1,2582,10,97.13171421,764.73804547,96.95312500,761.89062500
1,1546,1,1060.09008347,69.92959977,1057.88281250,67.52343750
1,1388,4,70.03761376,322.90817574,71.31250000,320.32031250
1,456,13,674.33884741,130.10891441,677.37500000,126.58593750
1,2258,17,725.07916715,443.91359713,727.57812500,442.64843750
1,3956,21,532.94602044,838.29026944,525.32031250,842.97656250
1,4579,9,1209.05792021,190.08568972,1212.44531250,193.47656250
1,4418,12,70.07569120,142.97544479,70.23437500,147.97656250
1,5224,3,251.88483185,908.02921430,252.88281250,912.07812500
1,2391,14,69.92028045,473.06782484,70.17187500,471.03906250
1,5046,6,1069.92463289,147.73779323,1070.64843750,146.05468750
1,921,13,89.30159240,859.22914874,86.74218750,852.75781250
1,4877,6,608.99368016,952.92086908,608.11718750,954.93750000
1,2899,8,69.97239362,353.02085957,72.55468750,351.45312500
1,606,13,218.98890584,953.06602435,214.01562500,948.80468750
1,4723,6,1153.70519594,946.22558373,1151.85937500,942.88281250
1,116,19,69.91572896,682.95664632,63.85156250,681.89843750
1,3243,5,449.11741920,828.12154264,445.39062500,831.42968750
1,4121,15,608.91742230,952.96802642,605.73437500,956.38281250
1,4271,15,811.04851815,644.06432512,813.35156250,647.25781250
1,2083,20,79.12492383,950.00249060,76.76562500,944.28906250
1,1547,4,174.54073291,147.11547493,175.80468750,144.53906250
1,457,16,709.11717928,192.95900401,713.06250000,189.19531250
1,1388,5,1178.67603991,319.61920857,1180.46093750,319.67187500
1,3634,17,80.94635251,908.88997703,79.74218750,905.86718750
1,4580,9,1209.05180134,220.06401620,1212.92187500,223.03906250
1,4878,9,676.48914752,749.45288001,677.99218750,753.83593750
1,5225,3,192.04859812,908.04688506,194.10937500,911.45312500
1,606,10,999.43995191,662.48699519,1003.70312500,666.35156250
1,2900,7,1186.96540568,328.88489593,1190.28125000,328.67968750
1,1235,7,351.92243465,288.00614043,348.60156250,284.60937500
1,776,10,640.01079489,70.03467473,642.37500000,66.42187500
1,2582,11,1209.07868631,759.92436190,1210.77343750,757.55468750
1,2392,13,1169.45972393,442.97105296,1170.74218750,448.41406250
1,2767,11,674.02918275,538.09347520,674.78125000,538.39843750
1,310,16,1209.09751137,639.98675961,1209.08593750,644.41406250
1,1907,20,486.99796439,114.03769186,481.57031250,108.92968750
1,3956,18,731.94151949,908.03472133,732.02343750,911.34375000
1,921,10,1151.96874728,714.06355410,1153.67187500,717.78125000
1,4724,9,126.94920776,848.08320079,124.71093750,847.36718750
1,5046,3,219.87794367,70.03460775,217.36718750,74.17187500
1,3809,18,909.94971086,69.90265550,914.05468750,69.42187500
1,4418,9,1167.58957084,319.91013252,1173.89062500,321.35937500
1,3079,4,100.46938185,553.93103926,97.75000000,551.21093750
1,1077,5,1176.02376553,912.11866207,1173.90625000,911.56250000
1,1741,1,832.00063531,287.95080621,833.84375000,283.42968750
1,2259,17,725.06624882,577.88400784,727.44531250,579.30468750
1,117,19,69.90983406,652.96076904,63.58593750,651.89062500
1,3244,5,328.88327077,827.92588100,324.73437500,829.88281250
1,4121,12,685.04156210,771.71240654,687.21093750,774.76562500
1,1389,4,70.04135349,292.90133511,71.90625000,290.46093750
1,4878,6,578.87274931,953.01730146,577.70312500,954.91406250
1,2768,11,604.97959462,538.08362898,604.38281250,538.61718750
1,5047,6,1040.69733771,155.88259348,1041.97656250,153.68750000
1,4419,12,70.10424252,112.98006723,70.79687500,118.68750000
1,922,13,111.90638813,801.11579300,108.53906250,795.88281250
1,2083,17,1208.90612670,910.00534526,1207.97656250,910.12500000
1,2260,17,552.94299977,578.08616716,551.76562500,579.21093750
1,4725,9,127.09467884,788.07038585,123.89843750,787.89062500
1,4272,15,467.02902361,644.05020599,462.66406250,645.32031250
1,3411,1,1179.37865293,123.40697249,1176.42187500,121.90625000
1,2583,10,96.93759393,794.80778364,97.12500000,791.71875000
1,776,7,663.39119357,259.51753396,664.69531250,254.98437500
1,1078,7,1179.08433367,953.09010083,1178.87500000,951.84375000
1,1742,1,926.08747103,287.95956123,928.76562500,283.47656250
1,5226,3,132.08684395,908.08067014,135.70312500,910.74218750
1,2900,8,70.10199419,322.97205460,73.07031250,321.50000000
1,311,16,1209.01897015,670.00659563,1208.51562500,674.38281250
1,2392,14,69.89018780,443.09026230,70.32031250,441.14843750
1,1236,7,591.95450037,287.97237081,591.64062500,283.74218750
1,1547,1,1089.98498121,70.07267502,1087.49218750,67.99218750
1,1908,20,546.99876197,114.12309372,541.89843750,108.95312500
1,3957,21,590.43014129,822.41546549,583.77343750,827.32031250
1,3634,21,98.91510967,953.06258847,93.46875000,950.64062500
1,4581,9,1209.09683763,249.97267487,1213.50000000,252.59375000
1,607,13,189.08674715,953.08764925,184.67187500,947.90625000
1,3079,5,1209.07651949,549.95086222,1210.53906250,550.57031250
1,3809,15,355.69001365,189.07812149,354.06250000,185.65625000
1,457,13,557.96274019,162.59273038,559.41406250,157.82812500
1,3245,5,228.99643908,827.91034444,224.51562500,828.38281250
1,118,19,70.04425317,622.99856411,63.68750000,621.88281250
1,4122,15,579.09552984,952.99257074,575.47656250,956.18750000
1,4879,9,704.64328655,741.67904439,706.85156250,745.96093750
1,1389,5,1178.68376505,289.74466836,1180.27343750,289.78906250
1,1743,1,925.94168343,527.94992641,930.90625000,526.71093750
1,3411,2,70.07248846,113.09525141,78.55468750,108.07031250
1,2769,11,628.95972169,502.88329537,628.52343750,502.73437500
1,5227,3,126.99216373,907.95848267,130.88281250,910.54687500
1,4273,15,553.07792521,444.07886697,551.19531250,442.66406250
1,312,16,1209.04393047,699.94637552,1208.10937500,704.22656250
1,2901,7,1186.98637619,299.09272800,1190.01562500,298.95312500
1,3634,18,1176.77341599,913.46411969,1172.70312500,912.67187500
1,4419,9,1156.66465756,347.03650557,1163.42968750,348.25000000
1,777,10,670.11739796,69.98607626,672.57812500,66.50000000
1,4726,9,127.06760577,727.99154172,123.18750000,727.91406250
1,2583,11,1208.89558793,790.08333898,1210.41406250,787.45312500
1,5047,3,250.05639429,69.94642091,247.00781250,73.32031250
1,922,10,1152.00528276,774.02751623,1152.49218750,777.64843750
1,2261,17,605.09026446,483.97849685,605.32031250,483.39843750
1,3080,4,100.50204909,583.77088527,97.71093750,581.21875000
1,2084,19,1187.53042344,924.76304212,1177.48437500,924.32812500
1,1548,4,145.24487991,139.09488736,147.75000000,137.25781250
1,1078,4,96.52028341,910.80402868,96.93750000,906.32812500
1,1237,7,832.04368126,287.89328775,835.75000000,284.21875000
1,4582,9,1208.91199441,279.96028482,1213.60937500,282.27343750
1,2393,13,1169.55557463,413.14351344,1170.82812500,418.50781250
1,1909,20,607.04003106,114.00534324,602.67968750,108.89062500
1,3957,18,672.00940442,907.96848102,671.44531250,911.05468750
1,607,10,1026.98260393,654.86733153,1031.26562500,658.67187500
1,3810,18,939.94921195,69.99490406,943.87500000,70.10937500
1,458,16,828.96065272,193.06017139,833.79687500,190.80468750
1,3246,5,228.94542037,708.01916380,223.22656250,708.88281250
1,119,19,70.04531924,593.01514819,63.56250000,591.85156250
1,4122,12,713.31618133,779.46693829,716.13281250,782.46875000
1,4879,6,548.97969563,953.01252365,547.50000000,954.75000000
1,1390,4,69.91756253,263.00627412,72.31250000,260.80468750
1,4274,15,725.00941341,444.05627886,726.67187500,443.89843750
1,3412,4,90.83760093,100.34746666,95.53125000,99.67187500
1,1744,1,926.01999853,733.03247868,931.46875000,734.42968750
1,2770,11,650.05358826,502.88531723,650.17187500,502.66406250
1,5228,3,126.92961125,847.92664689,128.92968750,851.55468750
1,2901,8,70.08378021,293.05422002,73.44531250,291.82031250
1,3635,20,1184.09226845,947.21140960,1178.41406250,948.76562500
1,777,7,634.96137238,267.43307344,635.92968750,262.99218750
1,4727,9,126.90626285,667.94661837,122.55468750,667.78906250
1,4420,12,69.92548868,83.04817699,71.23437500,89.61718750
1,313,16,1208.92557217,730.03016532,1207.53906250,734.17968750
1,5048,6,1011.70752898,163.88643381,1013.25000000,161.34375000
1,1548,1,1120.09118396,70.03290767,1116.96875000,68.38281250
1,2262,17,673.90050661,483.98515850,675.37500000,483.51562500
1,923,13,134.04483218,744.55588704,129.80468750,740.18750000
1,2084,16,96.72363128,949.54438836,98.17187500,944.29687500
1,2584,10,97.14029980,824.50827729,97.72656250,821.03906250
1,1238,7,926.11229020,287.95985077,930.82031250,284.90625000
1,2393,14,69.96285538,413.07400675,70.67187500,411.23437500
1,4583,9,1209.06652796,309.98403150,1214.16406250,312.10156250
1,3080,5,1209.10434607,579.93631185,1210.39843750,580.70312500
1,1910,20,667.01053584,113.93608753,663.41406250,109.04687500
1,3958,21,647.64417190,806.45729564,642.11718750,811.39062500
1,3810,15,326.86454279,181.04432515,325.48437500,177.86718750
1,458,13,442.57534910,194.74246884,442.92968750,189.39062500
1,608,13,158.97698953,952.94225167,155.21875000,946.84375000
1,1078,5,1205.03350916,907.89192492,1201.73437500,906.89062500
1,3247,5,229.10145152,588.00229449,222.78125000,588.04687500
1,120,19,69.90545635,562.97852098,63.32812500,561.70312500
1,4123,15,548.99211163,952.97723812,545.08593750,955.89843750
1,4880,9,732.80615770,733.85123721,735.57812500,738.04687500
1,778,10,699.99039099,69.99515422,702.71875000,66.75781250
1,3635,17,109.09026483,913.13477396,107.30468750,910.72656250
1,1549,4,116.19048964,130.99333869,120.00781250,129.89843750
1,5048,3,280.03065530,69.93316641,276.72656250,72.54687500
1,4275,15,725.01463955,577.97130164,725.96875000,579.76562500
1,2771,11,650.05272291,518.93352379,650.19531250,518.89062500
1,5229,3,126.93905397,787.91886619,127.39843750,792.23437500
1,2394,13,1169.74641936,383.24820122,1171.09375000,388.55468750
1,2263,17,673.89587345,537.88309806,675.32812500,538.34375000
1,1390,5,1178.56516529,259.98941743,1179.78125000,260.16406250
1,1239,7,926.07046251,527.90067691,931.50000000,528.30468750
1,1911,20,727.04278534,113.91516789,724.00781250,109.42968750
1,314,16,1208.86958577,759.95401960,1206.86718750,763.95312500
1,1745,1,686.10279669,733.01180639,688.89062500,736.75000000
1,2584,11,1209.11249804,819.90540661,1210.42187500,816.85937500
1,3811,18,970.08459223,69.90928680,973.68750000,70.60156250
1,2902,7,1186.84683179,269.19471442,1189.41406250,269.13281250
1,2084,20,83.49395910,919.86578601,80.32812500,914.97656250
1,3958,18,612.09899056,908.05801859,610.78906250,910.82031250
1,4420,9,1146.08971276,373.81847764,1153.27343750,374.90625000
1,923,10,1151.90994035,833.94307717,1151.26562500,837.14843750
1,3412,1,1179.34958527,93.46039335,1175.64843750,92.55468750
1,4728,9,126.89349072,608.01894927,122.31250000,607.57812500
1,4584,9,1209.04832907,340.00279038,1214.43750000,341.92968750
1,3081,4,100.43595489,613.65406555,97.64843750,611.14843750
1,459,16,948.88536628,193.03456762,954.14843750,192.92968750
1,608,10,1054.72113791,647.35752171,1058.91406250,651.14062500
1,1079,7,1149.03597059,952.98348142,1149.36718750,952.32812500
1,3248,5,229.12020631,467.98362234,223.65625000,466.72656250
1,121,19,69.88197959,532.99428736,63.25000000,531.64062500
1,4123,12,741.89237928,787.34416368,745.15625000,790.24218750
1,4880,6,519.01391981,953.05971763,517.34375000,954.64062500
1,778,7,606.78545157,275.22098021,607.18750000,270.86718750
1,1746,1,446.03305883,733.07958431,445.22656250,737.62500000
1,5049,6,982.69181103,171.78587170,984.56250000,168.82031250
1,4276,15,553.10388351,578.02762085,550.48437500,578.78125000
1,5230,3,127.05145777,728.05863369,126.21875000,732.64062500
1,4585,9,1208.86847927,370.06170282,1214.37500000,371.82812500
1,1549,1,1149.91739482,70.13928008,1145.95312500,68.95312500
1,1240,7,926.01814984,733.09680779,930.57031250,736.40625000
1,2264,17,605.08622055,538.11114068,605.35156250,538.44531250
1,2772,11,628.95892130,518.93105259,629.00781250,518.96875000
1,1079,4,125.83094663,902.80251575,125.09375000,899.29687500
1,2394,14,70.13166869,382.99539141,71.25000000,381.24218750
1,315,19,75.92265772,777.80614864,70.71875000,776.45312500
1,1912,20,787.02092937,113.94248087,784.64062500,109.98437500
1,1391,4,69.94413122,232.97889786,73.01562500,231.07031250
1,3959,21,704.74797127,790.63868925,700.39062500,795.44531250
1,3635,21,69.94583017,952.92590705,65.34375000,949.81250000
1,2084,17,1208.89979099,940.12287590,1207.28906250,939.66406250
1,2585,10,96.96599310,854.42595203,97.91406250,850.65625000
1,3811,15,297.82407623,173.12972117,296.86718750,170.32031250
1,2902,8,69.90367133,263.01455311,73.66406250,262.15625000
1,4421,12,127.11664120,113.94716468,126.04687500,118.14843750
1,924,13,155.41320165,689.24365942,150.62500000,685.32812500
1,4729,9,127.03413808,548.08304044,122.35937500,547.25781250
1,459,13,327.87822890,226.83170545,327.20312500,221.34375000
1,3081,5,1209.03242754,609.96041429,1210.12500000,610.75781250
1,609,13,129.06787212,953.06402346,126.50781250,946.09375000
1,3412,5,1199.45244704,95.19384814,1197.08593750,97.23437500
1,3249,5,228.98995591,348.04935119,224.51562500,345.79687500
1,122,19,69.97144111,503.01532013,63.32031250,501.55468750
1,4124,15,519.11164501,953.06205181,515.00781250,955.65625000
1,4881,9,761.01070626,726.16792787,764.61718750,730.18750000
1,779,10,729.92552028,69.90232659,732.91406250,66.88281250
1,5049,3,310.06421437,70.03092660,306.30468750,71.97656250
1,1913,20,847.07489626,114.01780239,845.26562500,110.77343750
1,2585,11,1208.94933083,849.90435925,1209.82812500,846.55468750
1,460,16,1049.11354449,192.97516804,1053.39062500,195.01562500
1,1080,7,1118.96020426,953.05730299,1119.57031250,952.95312500
1,924,10,1152.08702247,893.96463347,1150.14843750,896.40625000
1,4421,9,1104.28887611,331.58112108,1111.73437500,332.27343750
1,5231,3,127.00883883,667.99389165,125.14062500,672.64843750
1,2265,17,629.06723862,502.91239941,629.59375000,502.74218750
1,4277,15,604.91026254,484.00943080,603.67187500,483.56250000
1,1241,7,686.01577376,733.02225569,687.55468750,737.08593750
1,3959,18,552.11267133,908.04025251,550.16406250,910.32031250
1,609,10,1082.13434472,639.67534178,1085.79687500,643.41406250
1,2395,13,1169.51911066,353.54026738,1170.78906250,358.89843750
1,2773,10,89.20188298,106.95646976,95.89843750,107.63281250
1,3635,18,1204.99720280,921.39970606,1199.67968750,919.89062500
1,1391,5,1178.59550440,230.08897346,1179.53906250,230.40625000
1,2085,19,1189.22940027,912.13716956,1179.46093750,911.92187500
1,2903,7,1187.09429836,239.36700356,1189.30468750,239.37500000
1,3412,2,70.10782990,82.94619038,79.69531250,78.59375000
1,1550,4,86.82032146,123.00229636,91.22656250,122.32812500
1,3812,18,999.88370867,69.94155160,1003.18750000,71.28125000
1,3082,4,100.52990993,643.59419115,97.92968750,641.12500000
1,4586,9,1209.08697895,399.94414033,1214.84375000,401.66406250
1,4730,9,127.08369888,487.99710506,122.54687500,486.75781250
1,1747,1,351.89825328,733.00734583,350.91406250,737.54687500
1,315,16,1208.91370701,790.05922933,1206.07812500,793.84375000
1,123,19,69.90836553,473.00629769,63.30468750,471.42968750
1,3250,5,229.03479792,228.07340530,226.38281250,225.71093750
1,4124,12,770.32378409,795.08165161,773.92187500,797.82031250
1,4881,6,489.00118378,952.94958212,487.02343750,954.25000000
1,779,7,578.62559347,283.10559026,578.46093750,278.89843750
1,5050,6,953.90384430,179.77725312,955.86718750,176.50781250
1,460,13,232.58980783,253.53029129,232.16406250,248.16406250
1,4422,12,186.89022219,114.06292371,184.59375000,116.77343750
1,1080,4,155.09024752,894.63288917,153.52343750,891.95312500
1,1550,1,1179.98200694,70.05002708,1175.51562500,69.38281250
1,5232,3,127.11641507,608.04891141,124.38281250,612.59375000
1,3812,15,269.07993525,165.17844055,268.50000000,162.63281250
1,4278,15,673.95539820,484.02878613,674.16406250,484.08593750
1,3960,21,761.85531216,774.78009763,758.74218750,779.35937500
1,925,13,160.52470766,676.52870298,155.38281250,672.59375000
1,2903,8,70.11364211,233.07431100,74.40625000,232.43750000
1,4587,9,1208.89357069,429.92652132,1214.80468750,431.57812500
1,1748,1,352.00539644,493.01891270,348.35156250,494.67187500
1,1242,7,446.08757058,733.03185795,443.64062500,736.47656250
1,2586,10,96.94849558,884.52166035,98.33593750,880.25781250
1,2085,20,85.19738530,907.01927275,81.76562500,902.46093750
1,124,19,69.96591313,443.06594920,63.51562500,441.39843750
1,610,13,98.92417096,953.00362151,97.08593750,945.05468750
1,3413,2,126.92950063,114.05586860,133.68750000,108.34375000
1,1392,4,70.11191111,203.05900583,73.60937500,201.40625000
1,3636,20,1184.18621772,917.55854543,1179.21875000,919.73437500
1,2773,7,1187.10715261,76.98342415,1186.24218750,79.05468750
1,4731,9,127.03439144,428.08780493,122.85937500,426.39843750
1,3082,5,1209.12213199,640.04503133,1210.08593750,640.84375000
1,1914,20,907.08967756,113.88902646,905.48437500,111.48437500
1,2266,17,649.92137521,502.91489459,651.15625000,502.77343750
1,2395,14,69.87711975,353.08780616,71.35156250,351.49218750
1,316,19,87.21654913,749.63316903,81.35937500,748.62500000
1,3251,5,352.01023733,288.01881541,347.57812500,284.20312500
1,4125,15,488.91620086,953.11565465,484.47656250,955.35156250
1,4882,9,788.99434524,718.27217055,793.07812500,722.17968750
1,780,10,759.90168860,69.91634430,762.86718750,67.17968750
1,5050,3,339.94444851,69.97470361,336.11718750,71.30468750
1,461,16,1048.87950608,312.95111242,1053.65625000,314.60156250
1,4422,9,1048.85051074,316.12851060,1056.44531250,316.10156250
1,1242,4,862.78686817,927.05717796,862.25000000,931.85156250
1,2085,17,1209.05758319,953.10368851,1207.13281250,952.39062500
1,1392,5,1178.76571274,200.27864893,1179.19531250,200.77343750
1,2773,11,1200.81756440,100.11838733,1195.73437500,101.45312500
1,4279,15,674.10556273,537.98057800,674.01562500,538.76562500
1,1749,1,466.95774742,376.91252265,463.89062500,375.87500000
1,3252,5,592.00116409,288.04644060,590.88281250,283.51562500
1,316,16,1208.99247914,820.06768450,1205.41406250,823.54687500
1,3960,18,491.89113239,908.06101599,489.24218750,909.65625000
1,925,10,1151.93474258,908.03348296,1149.92187500,910.25781250
1,2904,7,1186.92214087,209.42332660,1188.74218750,209.67187500
1,4588,9,1209.09929672,459.95880566,1215.10937500,461.53906250
1,2586,11,1208.94436465,880.09456093,1209.47656250,876.25000000
1,610,10,1109.77366822,632.10938980,1113.37500000,635.73437500
1,125,19,69.87152387,413.01228727,63.51562500,411.29687500
1,3083,4,100.52137173,673.37359639,98.03125000,670.93750000
1,4732,9,126.89353388,367.97329384,123.22656250,365.89843750
1,2267,17,649.92006697,518.96185586,651.23437500,519.00000000
1,3636,17,104.91914236,942.70121604,103.57031250,939.62500000
1,3414,2,186.97938328,114.03040271,192.03125000,107.89062500
1,1081,7,1088.86646056,953.05972828,1090.36718750,953.62500000
1,1550,5,1195.41999813,118.42605070,1193.75781250,120.32812500
1,3813,18,1029.87101514,70.01916562,1032.64843750,72.07031250
1,5233,3,127.11957880,548.09948819,123.71093750,552.38281250
1,1915,20,966.91863332,114.05804182,965.42187500,112.58593750
1,2396,13,1169.65796822,323.71690048,1170.78125000,329.14843750
1,4125,12,799.09152406,802.94271004,803.18750000,805.52343750
1,4882,6,459.09334275,953.11542041,457.03125000,954.14062500
1,780,7,550.44662077,290.88938612,550.00000000,286.81250000
1,5051,6,925.05500366,187.66366271,927.11718750,184.11718750
1,461,13,190.63613780,137.62913372,194.10937500,133.85156250
1,4423,12,246.95469535,114.04985074,243.71093750,115.51562500
1,1243,7,351.90267329,732.97679664,348.89062500,735.79687500
1,611,13,70.11221873,953.06379972,69.50781250,944.21093750
1,1081,4,184.32666803,886.54172898,181.53125000,884.76562500
1,3636,21,70.04566984,923.11101264,64.89062500,920.61718750
1,2773,8,69.91202323,69.91749236,77.46093750,72.34375000
1,4280,15,605.06392420,538.05614304,603.58593750,538.39062500
1,926,13,216.41913224,692.10996421,210.41406250,689.19531250
1,1750,1,810.88764535,377.06294735,813.18750000,373.80468750
1,3961,21,818.39821778,759.16275138,816.25781250,763.51562500
1,1393,4,69.88863382,172.92982008,73.90625000,171.67968750
1,3813,15,240.11170031,157.11975313,240.14843750,154.93750000
1,4126,15,458.88189680,953.06054490,454.24218750,954.92968750
1,2587,13,1169.18851830,950.22915489,1160.68750000,953.77343750
1,4589,9,1208.91566051,490.03315609,1214.92187500,491.62500000
1,2904,8,69.90059083,202.97754563,74.79687500,202.78906250
1,5234,3,127.02390911,487.99185524,123.18750000,492.04687500
1,2086,20,114.90518952,907.08781675,110.32031250,903.30468750
1,3083,5,1209.10836038,669.96235155,1209.71093750,670.85156250
1,1551,1,1208.94596609,69.96624668,1203.28906250,69.88281250
1,126,19,69.89874521,382.93856657,63.66406250,381.19531250
1,317,19,98.32779152,721.87624751,91.70312500,721.12500000
1,3415,2,247.12996144,114.04873863,251.13281250,107.58593750
1,2396,14,69.99334201,323.08191064,71.89062500,321.72656250
1,3253,5,831.97639177,288.03276078,835.17187500,284.28125000
1,1916,20,1026.94553669,114.02206999,1025.46093750,113.65625000
1,4733,9,126.89700944,307.99292828,123.95312500,305.83593750
1,2268,17,629.06599157,518.95895677,629.73437500,518.96875000
1,4883,9,817.29447345,710.50812133,821.83593750,714.29687500
1,781,10,789.93346681,70.04007473,793.21875000,67.71093750
1,5051,3,369.91700417,70.03979400,365.91406250,70.75781250
1,462,16,1048.97202872,433.02787584,1053.95312500,435.44531250
1,4423,9,992.89080528,300.66067204,1000.45312500,299.85156250
1,611,10,1136.10297485,624.78677202,1139.06250000,628.40625000
1,2774,11,1170.99158077,100.08876411,1166.71093750,100.86718750
1,3961,18,432.07184268,907.99789642,429.06250000,908.75000000
1,3814,18,1060.04366834,69.89849413,1062.16406250,72.67187500
1,4590,9,1208.87986519,520.06783548,1214.71093750,521.64843750
1,2905,7,1187.13695366,179.50944877,1188.40625000,180.07031250
1,4126,12,827.72654379,810.87581265,832.13281250,813.22656250
1,1082,7,1059.00390048,953.02603716,1060.77343750,954.07812500
1,317,16,1209.08633891,850.00810497,1204.89843750,853.12500000
1,2587,10,97.04758466,914.31281818,98.77343750,909.47656250
1,926,10,1091.86633714,907.97710050,1091.21093750,911.06250000
1,2086,17,1179.05544211,953.04001036,1178.10937500,952.99218750
1,1393,5,1178.54858944,170.29738880,1178.47656250,171.10937500
1,2397,13,1169.63283357,293.79703594,1170.65625000,299.29687500
1,2269,16,97.41009918,115.95555838,102.90625000,114.68750000
1,1551,5,1167.29232816,114.35169764,1166.78125000,115.71093750
1,1243,4,954.67003128,901.05699412,954.48437500,905.53906250
1,3084,4,100.40765760,703.25791666,98.05468750,700.75781250
1,4281,15,628.96467365,503.06232128,628.06250000,503.16406250
1,1917,20,1087.02120846,114.03154268,1084.71093750,114.89062500
1,3254,5,925.98480739,287.96668312,929.70312500,284.89062500
1,1751,1,810.94857236,644.08978107,814.96875000,645.57812500
1,3416,2,306.96710718,114.11322620,310.51562500,107.48437500
1,127,19,70.07222823,352.94521215,64.07031250,351.20312500
1,3636,18,1200.77194201,950.58261326,1194.69531250,948.33593750
1,4734,9,127.03226867,248.02514386,125.06250000,245.90625000
1,5235,3,127.09005862,428.06162870,123.10156250,431.85156250
1,4883,6,428.86509991,953.06005956,426.82812500,953.71875000
1,781,7,522.23236138,298.57426862,521.18750000,294.58593750
1,5052,6,896.15504974,195.66542904,898.10937500,191.89843750
1,463,16,1048.96004582,553.05721015,1053.28125000,556.54687500
1,4424,12,306.88705070,113.92971701,303.19531250,114.28906250
1,2774,8,99.91959327,70.00618067,106.48437500,71.82812500
1,3637,20,1184.11848148,887.62054331,1179.70312500,890.25000000
1,3814,15,210.87938504,149.18778198,211.69531250,147.49218750
1,4735,9,127.01754984,187.91043097,126.20312500,186.13281250
1,2587,11,1209.05681499,909.99125115,1209.00000000,905.53906250
1,3962,21,874.94808091,743.39086849,873.80468750,747.36718750
1,2905,8,70.07755364,172.94652181,75.53906250,173.28125000
1,4591,9,1208.98583400,549.95105867,1214.72656250,551.51562500
1,4127,15,428.99662780,952.90496759,424.23437500,954.29687500
1,1082,4,213.29416166,878.56136948,210.00781250,877.56250000
1,4884,9,845.19666546,702.92631933,850.40625000,706.52343750
1,1394,4,70.06655978,142.90227240,74.67968750,142.05468750
1,612,13,69.89234666,922.99108557,68.70312500,914.83593750
1,2397,14,69.94338264,292.97010245,72.42187500,291.80468750
1,927,13,272.30243062,707.56428626,265.82031250,705.75781250
1,3084,5,1208.98837198,699.97606049,1209.29687500,700.75781250
1,2087,20,144.61976170,907.16364966,139.26562500,904.17968750
1,2269,13,1169.94204106,72.08938775,1168.81250000,81.07031250
1,4282,15,650.05640348,502.92179266,649.49218750,503.13281250
1,1552,1,1208.95584185,100.09666601,1204.09375000,99.33593750
1,3255,5,925.92771216,528.01201293,930.25781250,528.39843750
1,1918,20,1146.98540686,114.08472137,1143.67187500,116.21875000
1,1244,7,352.05036411,493.05528763,347.99218750,492.60156250
1,5236,3,127.06306539,367.92798180,123.05468750,371.48437500
1,1752,1,466.97214906,643.95885837,465.56250000,647.43750000
1,3417,2,367.10255228,113.97120139,370.62500000,107.35937500
1,128,19,70.13906665,323.02442653,64.39062500,321.32812500
1,318,19,109.54906970,694.52409394,102.26562500,693.89843750
1,782,10,820.07532268,70.08218872,823.46093750,68.17968750
1,5052,3,400.01687189,70.00392057,396.08593750,70.18750000
1,464,19,185.76695031,935.93680149,179.96875000,934.89062500
1,2775,11,1141.16590025,100.04536103,1137.68750000,100.32812500
1,4424,9,936.81309860,285.26799040,943.95312500,283.74218750
1,3637,21,69.98247376,893.03358854,64.17968750,891.00000000
1,4736,9,127.06757756,128.03524026,127.51562500,127.03906250
1,3815,18,1089.91292603,69.88885279,1091.45312500,73.45312500
1,2906,7,1187.21902250,149.67176730,1188.10156250,150.55468750
1,3962,18,371.97923249,908.08609086,368.67187500,907.82031250
1,4283,15,650.02891834,518.98459962,649.47656250,519.26562500
1,1552,5,1171.42437737,84.50410806,1170.21875000,86.51562500
1,1919,20,1152.02532522,114.11232760,1148.35937500,116.29687500
1,927,10,1032.04002122,908.04414785,1032.21093750,911.78125000
1,1083,7,1029.09852604,952.91792233,1031.37500000,954.50781250
1,1245,7,467.02280801,376.96602267,464.58593750,374.34375000
1,1394,5,1178.72887299,140.37142322,1178.24218750,141.57812500
1,4127,12,856.24341088,818.87698135,860.84375000,820.99218750
1,318,16,1208.91668922,879.96271241,1204.10937500,882.58593750
1,4884,6,399.03761623,952.93148559,396.83593750,953.18750000
1,612,10,1146.97431438,651.39030975,1149.57812500,654.99218750
1,2269,14,70.07491953,69.89737639,79.09375000,73.32812500
1,129,19,70.08617544,292.98681212,64.81250000,291.38281250
1,4592,9,1208.97210003,580.02229066,1214.60156250,581.53125000
1,1753,1,552.99866035,443.94633809,551.42187500,443.35937500
1,3418,2,426.90417389,113.87658384,430.39843750,107.36718750
1,3256,5,925.92138055,733.06098434,929.36718750,736.12500000
1,2588,13,1173.56399367,920.80201679,1165.79687500,924.85156250
1,3085,4,100.45827150,733.24345711,98.45312500,730.62500000
1,5237,3,126.91719267,307.91133862,123.32031250,311.57031250
1,2087,17,1149.05249744,952.96896244,1148.71875000,953.54687500
1,2398,13,1169.72328641,263.97962479,1170.45312500,269.68750000
1,782,7,493.98440432,306.34947521,492.36718750,302.51562500
1,5053,6,867.41680787,203.52826505,869.35156250,199.57812500
1,464,16,1048.91177094,672.93262428,1051.91406250,677.46093750
1,2775,8,129.92470505,70.10875672,135.51562500,71.33593750
1,4425,12,366.87889989,114.01710113,363.07812500,113.30468750
1,4737,9,228.92498846,192.97916216,226.40625000,189.77343750
1,3815,15,181.90989055,141.21655972,183.50781250,139.97656250
1,3638,20,1184.17891236,857.64098348,1180.41406250,860.66406250
1,2906,8,70.12083873,142.97731220,76.32031250,143.78906250
1,1083,4,242.26639060,870.65457314,238.22656250,870.39843750
1,1246,7,811.11126584,376.91681794,814.58593750,374.44531250
1,2398,14,70.01057481,262.97024701,73.04687500,262.23437500
1,3963,21,931.18577421,727.90453863,930.84375000,731.41406250
1,2588,10,97.02861102,944.34361044,99.30468750,938.91406250
1,928,13,328.49252385,723.20084984,321.67187500,722.46875000
1,5238,3,126.89589950,247.89850272,124.60156250,251.85156250
1,3085,5,1209.03430157,730.09883489,1209.07031250,730.78906250
1,1552,2,99.72385405,93.70868602,107.37500000,88.47656250
1,319,19,120.40789379,667.35448027,112.64062500,666.82812500
1,2270,17,1179.52019260,102.87327523,1179.88281250,104.88281250
1,4128,15,399.02485797,952.90946273,394.19531250,953.79687500
1,1920,20,1152.03057444,173.95051802,1149.34375000,175.35156250
1,4885,9,873.17173892,695.13093966,878.79687500,698.58593750
1,130,19,69.94379998,262.95399556,65.10937500,261.50781250
1,4593,9,1209.09468080,610.02309462,1214.54687500,611.46093750
1,613,13,69.99321019,892.96825346,68.59375000,885.46875000
1,3419,2,486.99716685,114.08045516,490.78125000,107.82812500
1,1754,1,724.94593162,443.98894937,726.51562500,442.22656250
1,3257,5,685.98780182,733.04434392,686.24218750,736.78125000
1,4284,15,628.93826499,519.06230567,628.00781250,519.21875000
1,783,10,850.09582915,70.01011617,853.30468750,68.50000000
1,1395,4,70.10510384,112.90858916,75.26562500,112.55468750
1,2088,20,174.35121487,907.25007879,167.89062500,904.97656250
1,5053,3,429.98168527,70.06224556,426.01562500,69.67187500
1,465,19,228.87818972,817.92591109,220.64062500,818.92968750
1,3816,18,1120.01401219,69.91821803,1120.65625000,74.28125000
1,2907,7,1187.16771115,119.89806827,1187.43750000,121.25781250
1,4425,9,880.53728222,269.61169007,887.07031250,267.41406250
1,2588,14,74.43238806,923.44585853,77.16406250,917.84375000
1,1247,7,811.06959612,644.01614181,814.50781250,646.54687500
1,3638,21,70.04855115,862.90037163,63.78125000,861.32031250
1,2776,11,1111.31471573,100.24698079,1108.74218750,100.03906250
1,2088,17,1119.03831038,952.88719824,1119.64062500,954.00781250
1,928,10,972.03631498,908.01458151,973.01562500,912.27343750
1,5239,3,126.97568044,188.00284170,125.37500000,192.50781250
1,319,16,1209.02611470,910.01449464,1203.38281250,912.09375000
1,1553,1,1209.09526786,129.98017901,1205.17968750,128.64843750
1,3963,18,312.06452123,907.97666591,308.71093750,906.60937500
1,1921,20,1152.00208390,234.02902559,1149.96875000,235.07031250
1,613,10,1157.66642012,678.36228756,1159.57812500,682.00000000
1,4738,9,349.06523294,193.03248397,346.45312500,189.06250000
1,3086,4,100.39224149,763.12209873,98.71875000,760.39843750
1,2399,13,1169.66387265,234.27878649,1170.20312500,240.26562500
1,3420,2,546.99666888,114.08076777,551.60156250,108.25781250
1,2270,14,100.07799586,69.94302579,107.02343750,72.77343750
1,4128,12,884.92170641,826.76258412,889.67968750,828.54687500
1,4885,6,369.02241986,952.99850602,366.92187500,952.81250000
1,131,19,70.01782494,232.99872961,65.66406250,231.76562500
1,1755,1,724.97656878,578.02553822,727.36718750,578.97656250
1,4594,9,1209.08111532,639.99576205,1214.27343750,641.35156250
1,1084,7,999.11534095,952.97023928,1001.65625000,955.03906250
1,783,7,465.93017875,314.18408515,464.09375000,310.53125000
1,3258,5,446.03505580,732.98664389,441.91406250,735.81250000
1,1395,1,1197.85802221,75.48090825,1192.80468750,75.10156250
1,4285,12,69.94359788,69.97276858,73.44531250,76.50000000
1,5054,6,838.59825098,211.50253454,840.23437500,207.45312500
1,465,16,1048.96534755,793.07245212,1049.89843750,797.99218750
1,3816,15,152.67099205,133.13180014,155.39843750,132.47656250
1,2907,8,70.02978426,113.05364602,76.88281250,114.57031250
1,2588,11,1209.05033178,940.11064048,1208.53906250,935.08593750
1,1553,2,99.79631187,123.51744799,106.57031250,117.76562500
1,3639,20,1184.11767253,827.85198399,1180.82812500,831.25000000
1,4426,12,426.98864015,114.09342035,423.42187500,112.46093750
1,2089,20,204.11710859,907.09620641,197.02343750,905.57812500
1,929,13,384.87213460,738.79713740,378.16406250,739.21875000
1,320,19,131.15391813,640.67602795,122.81250000,640.19531250
1,3964,21,987.43958452,712.34884296,987.57812500,715.44531250
1,5240,3,126.86130703,128.07255513,125.89843750,133.57031250
1,1922,20,1151.99001877,293.96519414,1150.48437500,294.79687500
1,1248,7,467.00223102,644.05475472,464.50781250,646.37500000
1,3086,5,1208.96247808,760.10336210,1208.53906250,760.64062500
1,4129,15,368.95221757,953.08824659,364.20312500,953.39843750
1,2776,8,159.92113715,69.96419029,164.53906250,70.62500000
1,3259,5,352.02925796,732.90320739,347.00781250,734.95312500
1,4739,12,790.30102361,77.20684024,790.94531250,74.03125000
1,4595,9,1208.92183030,669.99014309,1213.83593750,671.27343750
1,4886,9,901.00661630,687.32580849,907.14062500,690.62500000
1,1084,4,271.23605607,862.58691532,266.72656250,862.93750000
1,2271,17,1149.62852797,102.83129944,1150.75000000,104.18750000
1,3421,2,607.03805621,113.87793608,612.26562500,108.67187500
1,4285,9,1141.42362701,385.38856191,1146.82812500,386.25781250
1,614,13,70.09637080,863.07921372,68.49218750,856.10937500
1,2399,14,69.92607307,233.07601661,73.68750000,232.78125000
1,784,10,879.97531614,70.02076303,883.30468750,68.99218750
1,1756,1,553.07479337,577.97712425,552.57031250,579.90625000
1,132,19,70.02892165,202.97910241,66.46875000,202.01562500
1,1395,5,1178.77109357,110.49151707,1177.66406250,112.16406250
1,5054,3,460.10316186,70.03138640,456.35156250,69.16406250
1,466,19,240.92783530,784.66732671,232.02343750,785.87500000
1,3817,18,1150.09714336,70.01543939,1149.76562500,75.24218750
1,2908,10,90.93616306,94.31295045,97.53906250,95.14062500
1,3639,21,69.99188149,832.97462212,63.17187500,831.75000000
1,929,10,912.04752807,908.07729311,913.17968750,912.72656250
1,2589,13,1175.54164467,908.24865662,1168.17187500,912.59375000
1,320,16,1209.05308060,939.91809596,1202.73437500,941.32812500
1,3964,18,251.89432590,907.93152544,249.00781250,905.23437500
1,3260,5,352.08824696,492.98911166,346.67968750,492.19531250
1,4739,9,468.96791005,193.07098353,467.55468750,188.50781250
1,2777,11,1081.45825262,100.18549734,1079.61718750,99.46875000
1,2400,13,1169.71531195,204.40902636,1169.85156250,210.75781250
1,4886,6,339.09235671,953.11475648,337.14843750,952.46875000
1,1085,7,969.06262863,952.94265545,971.60937500,955.41406250
1,4596,9,1208.87990332,700.03732456,1213.42968750,701.10937500
1,3087,4,100.47620939,792.88844534,99.09375000,789.87500000
1,784,7,438.03121315,321.89385902,435.75781250,318.46093750
1,4286,12,100.07121877,69.96009619,100.66406250,75.96875000
1,3422,2,667.00912394,113.97485802,672.73437500,109.49218750
1,133,19,70.02537975,173.02158700,67.03125000,172.45312500
1,1757,1,605.11106943,484.00027267,604.82031250,483.86718750
1,1249,7,553.00794789,444.09472989,551.62500000,442.65625000
1,1923,20,1152.00937633,353.88412449,1150.92968750,354.84375000
1,614,10,1168.44132128,705.55028120,1169.62500000,709.16406250
1,5241,3,228.89846664,192.98970111,224.79687500,194.93750000
1,4426,9,823.93501990,253.87592275,829.53125000,251.01562500
1,4129,12,913.77570502,834.52193508,918.54687500,835.96875000
1,2271,14,130.07906568,70.00260308,135.88281250,72.22656250
1,2089,17,1089.02430008,953.04895569,1090.17187500,954.74218750
1,1554,1,1209.11010307,159.92653454,1206.01562500,158.03125000
1,5055,6,810.15644251,219.31621958,811.60156250,215.18750000
1,466,16,1049.07692199,828.06290685,1049.54687500,832.84375000
1,3817,15,123.40830191,124.97194555,127.17968750,124.90625000
1,2908,7,1187.23647210,89.89367637,1187.03125000,91.81250000
1,2589,14,76.41849340,910.57009668,78.89062500,905.41406250
1,4597,9,1208.92491804,730.01165895,1212.91406250,730.89062500
1,3965,21,1043.07637214,696.82401577,1043.21875000,699.46093750
1,5242,3,349.06453689,193.00243036,344.26562500,192.82031250
1,930,13,441.52132135,754.67983230,435.11718750,756.14062500
1,1554,2,99.74514951,153.36798310,105.63281250,147.06250000
1,321,19,135.78066232,629.14770823,127.22656250,628.59375000
1,134,19,69.97822858,142.91804203,67.46875000,142.81250000
1,2777,8,189.95286347,70.08505790,193.67187500,70.24218750
1,3261,5,466.94803366,376.93712595,463.33593750,374.03906250
1,2400,14,69.95370506,203.02175600,74.39843750,203.22656250
1,1758,1,673.92101764,484.03569512,674.82031250,483.42187500
1,4887,9,928.97560907,679.68242356,935.45312500,682.74218750
1,3087,5,1209.04212192,790.00536512,1208.14843750,790.30468750
1,1085,4,300.23680129,854.59105674,295.60156250,855.59375000
1,4286,9,1113.82177008,377.80517672,1121.40625000,378.67187500
1,1396,1,1202.19896562,104.86002481,1197.85156250,103.84375000
1,785,10,910.01094102,69.97616250,913.31250000,69.48437500
1,4740,12,673.04368203,109.93454597,672.49218750,106.22656250
1,3640,20,1184.18576597,797.99209363,1181.44531250,801.52343750
1,3423,2,727.03891832,114.12028304,733.73437500,110.59375000
1,2272,17,1119.73066794,102.78190455,1121.75781250,103.48437500
1,2090,20,233.90393051,907.20415170,226.28125000,906.37500000
1,1924,20,1152.07461457,413.92547014,1151.19531250,415.18750000
1,4130,15,338.95462067,952.94769624,334.22656250,952.67187500
1,1250,7,724.93103615,444.01061778,727.09375000,442.57812500
1,615,13,69.99638568,832.93577193,68.21875000,826.38281250
1,4427,12,487.05811568,113.95205173,484.02343750,111.57031250
1,5055,3,489.87103306,70.05725496,486.21875000,68.71093750
1,467,19,355.04594796,816.86264461,345.94531250,819.50781250
1,3818,14,1194.68368339,110.53309734,1193.92968750,117.37500000
1,2908,11,1202.55482974,87.19425058,1196.65625000,88.72656250
1,2589,11,1208.93683271,953.09078500,1208.11718750,947.70312500
1,1555,1,1208.99735190,189.94194277,1206.63281250,187.60156250
1,615,10,1179.63568614,733.26171948,1180.03125000,736.80468750
1,2090,17,1058.96461926,952.94541030,1060.57812500,955.16406250
1,4598,9,1209.04436056,759.95215811,1212.55468750,760.53906250
1,1925,20,1151.93899710,473.97246877,1151.03125000,475.61718750
1,3965,18,192.11835683,908.02625359,190.13281250,903.95312500
1,5243,6,802.80023052,95.18208547,803.13281250,91.60156250
1,5056,6,781.35566409,227.25601583,782.37500000,223.10156250
1,4427,9,767.09565632,238.29460786,771.60937500,234.84375000
1,3262,5,811.08378746,376.93084048,814.00781250,374.53125000
1,2778,11,1051.55648525,100.36560641,1050.14062500,99.21093750
1,3088,4,100.44875218,822.82606086,99.57031250,819.47656250
1,4887,6,309.03576547,953.02963988,307.29687500,951.83593750
1,1759,1,673.88975941,537.93783526,675.16406250,538.42187500
1,1086,7,938.90691292,953.05954325,941.91406250,955.95312500
1,3424,2,787.01747498,114.06253831,794.31250000,111.55468750
1,4287,12,129.91126820,69.95943632,129.60156250,75.21093750
1,3640,21,70.06565681,802.96614386,62.89062500,802.09375000
1,1396,5,1178.66991420,80.64831327,1176.95312500,82.92187500
1,4740,9,588.89620576,193.08362225,589.73437500,188.56250000
1,2272,14,160.08795018,70.06966366,164.57812500,71.66406250
1,930,10,851.89152834,907.93028099,852.92187500,912.83593750
1,785,7,410.05003394,329.68095332,407.33593750,326.44531250
1,4130,12,942.53958119,842.57634123,947.40625000,843.62500000
1,1251,7,724.88993092,577.92245227,727.11718750,579.28906250
1,135,19,69.99881149,112.99111917,68.06250000,113.50000000
1,321,16,1209.08138474,952.95109299,1202.48437500,954.06250000
1,2401,13,1169.88969821,174.59438554,1169.53906250,181.41406250
1,2908,8,70.05943501,82.91070704,77.69531250,85.17187500
1,467,16,928.99959198,828.03129008,930.34375000,833.52343750
1,3818,18,1179.88459788,69.96825806,1178.41406250,76.02343750
1,2590,13,1205.36864341,912.16132656,1196.53906250,915.93750000
1,616,13,70.09541406,803.06539187,68.10156250,796.85156250
1,1555,2,99.56740231,183.26976732,104.54687500,176.55468750
1,4428,12,547.03398026,113.97095503,544.74218750,111.02343750
1,2091,20,263.49657449,907.07303217,255.21875000,906.89843750
1,4599,9,1208.99073642,790.07747434,1211.89062500,790.28906250
1,5056,3,520.07437757,70.05595615,516.76562500,68.34375000
1,3966,21,1098.96329664,681.31767599,1098.92187500,683.46875000
1,3088,5,1209.00923912,820.06740282,1207.67968750,820.01562500
1,4888,9,956.83387951,672.03757587,963.67187500,674.94531250
1,3425,2,847.07233161,114.05311136,854.69531250,112.75781250
1,5243,3,468.99348764,193.01531688,465.13281250,190.94531250
1,2778,8,219.99974765,69.96229925,223.25781250,69.60156250
1,4287,9,1086.43759348,370.26991843,1094.25781250,370.84375000
1,1760,1,605.08928976,538.01671362,605.30468750,538.89062500
1,3641,20,1184.12830074,768.04588407,1181.79687500,771.80468750
1,1396,2,93.00140421,97.54336871,100.98437500,92.26562500
1,1926,20,1151.87210005,533.92884226,1150.73437500,536.04687500
1,1086,4,329.25894107,846.44415788,324.12500000,848.06250000
1,3263,5,811.05522650,644.06641313,813.55468750,646.35937500
1,931,13,498.11624913,770.41956125,492.36718750,772.84375000
1,1252,7,552.96591392,577.91203856,551.82031250,579.20312500
1,4131,15,309.07849612,952.94784600,304.61718750,952.02343750
1,4741,12,556.46799425,142.49422926,554.35937500,139.16406250
1,786,10,939.92554231,70.02471471,943.03906250,70.10156250
1,136,19,70.05597649,83.03176406,68.78906250,84.24218750
1,2273,17,1089.79851327,102.97401010,1092.27343750,103.07812500
1,2401,14,70.10589295,173.03750536,75.24218750,173.85156250
1,322,19,163.40086567,636.83593237,154.49218750,636.46875000
1,2909,8,126.89068123,114.00324989,131.57812500,114.29687500
1,468,19,469.86362785,849.23903664,461.46875000,853.07031250
1,2590,14,106.22220240,910.60764272,107.43750000,906.19531250
1,3818,15,94.36102918,117.01713789,99.49218750,117.65625000
1,616,10,1190.68269059,761.12219622,1190.31250000,764.44531250
1,3966,18,131.88653769,908.03345378,131.19531250,902.42968750
1,4428,9,710.17918751,222.52996603,713.51562500,218.57812500
1,2091,17,1029.13217702,953.08405103,1031.28125000,955.78906250
1,4288,12,160.03694054,70.03891645,159.04687500,74.51562500
1,5057,6,752.91420881,235.24571719,753.57812500,231.03125000
1,4599,6,78.93325243,768.71231276,78.17187500,766.66406250
1,1556,1,1209.02478750,220.00810166,1207.46093750,217.36718750
1,3089,4,100.56325574,852.67904378,100.10937500,848.97656250
1,1761,1,629.05560928,503.05853225,629.27343750,503.28125000
1,4888,6,279.03987852,952.97691295,277.57031250,951.18750000
1,5244,6,685.69183186,127.92038517,684.82031250,123.78125000
1,3426,2,907.08143729,114.09109030,915.07031250,114.19531250
1,2779,11,1021.62160547,100.28247323,1021.01562500,98.69531250
1,3641,21,70.01282013,772.88500518,62.32812500,772.07812500
1,3264,5,466.94958215,643.99715434,463.22656250,645.77343750
1,1397,4,127.07167863,113.91776576,130.85156250,112.64843750
1,4131,12,971.25927930,850.47765469,975.91406250,851.08593750
1,1927,20,1151.87363825,593.93411749,1150.37500000,596.48437500
1,137,19,126.89691728,114.07658159,123.08593750,113.36718750
1,1253,7,604.94253364,484.04682243,605.00000000,483.49218750
1,4741,9,708.93216646,193.07509592,712.01562500,188.98437500
1,931,10,792.02152713,907.91022111,792.62500000,912.94531250
1,786,7,382.20049240,337.33963950,379.25000000,334.34375000
1,1087,7,908.94177426,952.89344484,911.78906250,956.17187500
1,2402,13,1169.92646932,144.85070722,1169.18750000,152.28125000
1,322,16,1178.91528808,952.93500122,1173.23437500,954.67968750
1,2273,14,190.10350867,69.89325219,193.78906250,70.92968750
1,2910,8,186.93756525,113.96630043,189.78906250,113.29687500
1,468,16,809.07306905,828.01528518,810.02343750,833.61718750
1,3819,14,1166.29019572,106.29525816,1166.33593750,112.55468750
1,617,13,69.92261050,773.05156627,67.98437500,767.12500000
1,5244,3,588.94906467,193.01458922,586.78906250,189.71875000
1,138,19,186.99365868,113.97236949,181.53906250,112.34375000
1,2274,17,1060.11602010,102.90154372,1063.25000000,102.41406250
1,4288,9,1058.76779918,362.57727442,1066.71875000,362.82031250
1,5057,3,549.99036862,69.90532132,546.85937500,67.85156250
1,2092,20,293.38964898,907.20282076,284.93750000,907.66406250
1,4429,12,607.00922163,113.91360303,605.48437500,110.51562500
1,1556,2,99.52847857,213.23441656,103.71093750,206.26562500
1,323,19,190.80691269,644.39412631,181.35156250,644.32031250
1,1762,1,649.90737862,502.96208800,650.82812500,502.98437500
1,4889,9,984.59790035,664.39376900,991.73437500,667.13281250
1,3089,5,1209.11969637,850.05750711,1207.20312500,849.68750000
1,3427,2,966.92290612,113.92064173,974.84375000,115.53906250
1,3642,20,1184.22013680,738.24474431,1182.33593750,742.03906250
1,2779,8,250.10543009,70.10514527,252.37500000,69.27343750
1,1928,20,1151.93441618,653.88725831,1150.81250000,656.73437500
1,3265,5,552.95878820,443.89476187,550.75000000,442.32812500
1,1397,1,1141.85954796,89.95032142,1138.84375000,88.48437500
1,4132,15,279.02452511,952.90384676,274.94531250,951.28125000
1,4742,12,440.69357491,174.83558386,437.12500000,172.48437500
1,1254,7,673.98671126,483.95619794,675.30468750,483.42968750
1,2402,14,70.11876463,143.11168490,76.10156250,144.67187500
1,787,10,970.03031379,70.02894969,972.90625000,70.71875000
1,932,13,555.01756296,786.18282772,549.76562500,789.56250000
1,4600,9,1208.95845630,820.08202258,1211.32031250,819.89062500
1,1087,4,358.10214020,838.63089206,353.01562500,840.73437500
1,3967,21,1103.47153046,680.09521798,1103.21093750,682.18750000
1,2911,8,247.08864336,113.97312363,248.58593750,112.38281250
1,2591,14,136.02457001,910.65572747,136.43750000,906.95312500
1,469,19,585.64037773,881.90425539,578.63281250,886.53125000
1,3819,18,1209.12429393,70.05920277,1206.40625000,76.98437500
1,617,10,1202.18178224,789.40006221,1200.72656250,792.49218750
1,2274,14,219.90176812,69.98345273,222.62500000,70.46875000
1,1557,1,1208.90261529,249.92692267,1207.98437500,247.00000000
1,2780,11,991.87845384,100.43938774,991.52343750,98.48437500
1,1255,7,673.97095475,537.91839446,675.29687500,538.45312500
1,3967,18,127.02898400,908.00563238,126.64843750,902.32031250
1,5245,6,569.32740566,160.45212695,566.82031250,156.60937500
1,2092,17,998.97669043,952.95841761,1001.25781250,956.14062500
1,4889,6,249.08920349,952.94948859,248.03125000,950.50000000
1,5058,6,724.30939700,243.11837833,724.43750000,238.91406250
1,1088,7,879.09126874,952.90574296,881.80468750,956.46093750
1,4600,6,90.21877589,740.60989916,88.56250000,739.15625000
1,2403,16,103.83209826,73.98527553,111.31250000,73.56250000
1,932,10,732.03244226,907.95101798,732.22656250,912.89062500
1,1763,1,649.97087990,518.97861228,650.96093750,519.14843750
1,3090,4,100.55061372,882.49428201,100.46875000,878.32031250
1,1929,20,1152.05379827,713.92520811,1150.25781250,716.92187500
1,4132,12,1000.18712999,858.48056626,1004.60156250,858.57812500
1,139,19,246.88988060,113.94055720,240.57812500,111.36718750
1,4742,9,828.94208732,193.06133179,834.09375000,190.01562500
1,1398,4,187.12640830,114.02760670,188.66406250,111.67187500
1,3266,5,725.08586539,443.90105222,726.31250000,442.57031250
1,4289,12,190.10311386,69.89372309,188.27343750,73.67968750
1,787,7,354.23430311,345.07437125,351.04687500,342.30468750
1,4429,9,653.02972599,206.77826166,655.24218750,202.47656250
1,323,16,1149.06314962,952.99075524,1144.51562500,955.15625000
1,3642,21,70.11051638,742.93924164,62.05468750,742.23437500
1,3428,2,1026.94300761,114.05181084,1034.37500000,117.28906250
1,2591,11,1148.93065811,952.95736405,1149.86718750,949.14062500
1,2912,8,306.92976443,114.02938256,307.68750000,111.67968750
1,469,16,689.02505086,827.98179543,688.47656250,833.15625000
1,3820,17,112.82852016,96.78459391,113.35156250,96.44531250
1,618,13,69.98781178,742.92246493,67.85937500,737.19531250
1,2275,17,1030.13314435,102.81979506,1033.57812500,101.75000000
1,1256,7,604.92617447,537.90690966,605.09375000,538.42187500
1,4601,9,1208.92692233,849.99659801,1210.60156250,849.32812500
1,140,19,306.96367490,114.01360759,300.06250000,110.65625000
1,5245,3,709.01268142,193.01247842,708.89843750,189.01562500
1,1398,1,1083.13926514,106.09721324,1081.94531250,103.30468750
1,4890,9,1012.50992160,656.58046224,1019.75781250,659.17187500
1,1557,2,99.34162468,243.03497145,102.77343750,235.76562500
1,2093,20,323.11379677,907.09356380,314.31250000,908.16406250
1,324,19,218.50641523,651.99353324,208.74218750,652.23437500
1,5058,3,580.09261501,69.91704814,577.33593750,67.59375000
1,3267,5,725.07709239,578.10670817,726.02343750,579.35937500
1,3090,5,1209.10179369,879.99424440,1206.48437500,879.10937500
1,2780,8,279.99157202,70.00547754,281.89843750,68.73437500
1,933,13,612.11330779,801.92839948,607.48437500,806.13281250
1,2592,14,165.83604679,910.71442480,165.14062500,907.76562500
1,1764,1,628.87968077,518.94826713,629.25000000,519.25781250
1,2403,13,1169.81141685,114.92091314,1168.54687500,123.01562500
1,4743,12,325.65344471,207.09328690,321.23437500,206.08593750
1,1930,20,1151.94525284,773.93786080,1149.32031250,776.92187500
1,3429,2,1087.02308984,113.97770827,1093.50781250,119.02343750
1,4289,9,1031.02620905,355.08580653,1039.17968750,355.02343750
1,4430,12,666.90410702,113.97682471,666.19531250,110.28125000
1,788,10,1000.08471422,69.95546596,1002.46093750,71.32812500
1,3968,21,1124.64495900,734.99689602,1123.67968750,736.78125000
1,1088,4,386.75124087,830.69220793,381.72656250,833.31250000
1,3643,20,1184.18524764,708.32373639,1182.75781250,712.17187500
1,2913,8,367.06451354,113.87587503,367.45312500,110.89062500
1,4133,15,249.06314222,953.01647371,245.35937500,950.67968750
1,470,19,702.23880111,914.78282327,696.14843750,919.39843750
1,3820,14,1170.45092443,76.69105648,1169.90625000,83.81250000
1,619,13,69.95448114,712.93053222,67.57812500,707.31250000
1,2275,14,250.00263418,70.08318469,252.07812500,70.06250000
1,1257,7,629.04645518,502.94852715,629.44531250,502.85937500
1,141,19,367.02538519,114.01941006,359.73437500,110.11718750
1,788,7,326.38641474,352.85292127,323.17968750,350.28125000
1,4601,6,101.32951995,712.94103104,98.95312500,711.94531250
1,3968,18,127.11973689,847.96676872,125.44531250,843.53125000
1,5246,6,453.82500659,192.73690568,449.83593750,189.74218750
1,4430,9,595.77387559,190.87461420,596.89062500,186.35156250
1,2914,8,427.12215551,114.02103542,427.35156250,110.52343750
1,2093,17,969.01957369,953.07491314,971.57812500,956.64843750
1,3091,7,1175.47754539,950.56880286,1175.05468750,949.70312500
1,1089,7,849.09269139,953.04506451,851.89843750,956.87500000
1,3643,21,70.08043958,712.88518689,61.78906250,712.22656250
1,5059,6,696.00880039,250.83224947,695.64843750,246.68750000
1,2592,11,1118.92084428,952.87459434,1120.89062500,949.74218750
1,2403,14,69.97772683,112.97973354,76.73437500,115.32812500
1,3268,5,552.95377916,578.08143256,550.51562500,579.09375000
1,933,10,672.04420036,908.06238425,671.71093750,912.77343750
1,2781,11,962.06293843,100.58540105,961.85937500,98.28906250
1,1765,19,1174.11419695,77.87344330,1172.79687500,80.37500000
1,1399,4,247.04148757,114.11474729,247.40625000,110.93750000
1,4743,9,949.02577133,192.93119639,955.33593750,191.37500000
1,1931,20,1152.11715107,834.05804700,1148.49218750,836.67187500
1,3430,2,1146.99280393,113.94726973,1152.36718750,120.93750000
1,4890,6,218.88423475,953.05272540,218.37500000,949.89843750
1,1558,1,1208.91117620,279.92658609,1208.60156250,276.83593750
1,4290,12,220.00736907,70.08837120,217.74218750,73.10156250
1,324,16,1118.95890217,953.08741099,1115.27343750,955.67187500
1,4133,12,1029.09866365,866.32167156,1033.16406250,865.83593750
1,470,16,569.01902025,827.96584934,567.15625000,832.28906250
1,3820,18,1209.03832450,99.90029796,1207.03906250,105.97656250
1,620,13,70.08490569,683.05194590,67.75000000,677.53906250
1,2276,17,1000.34005680,102.97792353,1003.88281250,101.41406250
1,1258,7,649.89533276,502.93638953,650.95312500,502.86718750
1,142,19,426.96567558,114.10267810,419.67187500,109.69531250
1,4602,9,1208.91450379,880.00858144,1209.82812500,878.77343750
1,3644,20,1184.03869710,678.51612964,1182.92968750,682.36718750
1,789,10,1030.05844095,69.99381930,1032.00781250,72.07031250
1,2094,20,352.91207867,907.24650356,343.93750000,908.84375000
1,2915,8,486.96068845,113.96223045,487.27343750,110.14062500
1,5246,3,829.05187276,193.01607153,830.58593750,188.82031250
1,2404,16,99.40615467,103.40244281,106.05468750,102.27343750
1,3091,4,100.40514821,912.27969322,100.93750000,907.53125000
1,3969,21,1146.52205871,791.10027809,1144.39062500,792.35156250
1,4431,12,727.05637589,113.88385779,727.13281250,110.13281250
1,934,13,669.52061498,817.83069791,665.75000000,822.65625000
1,1399,1,1024.74087386,122.17852696,1024.58593750,118.39843750
1,2593,14,195.68110525,910.53229414,194.23437500,908.30468750
1,3269,5,605.09741454,483.96875679,603.91406250,483.29687500
1,1932,20,1152.00500574,893.90513692,1147.21875000,895.84375000
1,1765,20,70.10896183,69.93406018,78.42187500,70.86718750
1,4744,12,230.27541650,233.63228628,225.78125000,233.90625000
1,5059,3,609.90798220,70.00406072,607.48437500,67.42187500
1,2781,8,309.95035618,69.91694990,311.57031250,68.23437500
1,3431,2,1152.03182501,113.98890002,1157.39843750,121.13281250
1,1089,4,415.46608483,822.60813323,410.36718750,825.60156250
1,1558,2,99.28415774,272.92509909,101.88281250,265.54687500
1,4134,15,218.89254970,953.09004998,215.72656250,950.00000000
1,4891,9,1040.11729119,648.96167973,1047.38281250,651.35937500
1,325,19,245.98753286,659.77576300,236.08593750,660.30468750
1,471,19,819.78555679,947.86336658,814.22656250,951.79687500
1,4290,9,1003.49605482,347.31807448,1011.42187500,346.89843750
1,3820,15,70.04539830,79.86489669,77.33593750,82.01562500
1,621,13,69.86248408,653.06464662,67.55468750,647.60937500
1,2276,14,279.89058187,69.94093741,281.52343750,69.44531250
1,1259,7,649.89078232,518.91113046,650.91406250,518.99218750
1,4602,6,112.32043011,685.52121218,109.26562500,684.90625000
1,1400,4,306.94920259,113.97653625,306.67187500,110.01562500
1,1559,1,1209.04948655,310.02826163,1209.36718750,306.87500000
1,4891,6,188.99959363,953.04388798,189.25781250,949.29687500
1,789,7,298.62475134,360.49742676,295.37500000,358.14843750
1,1090,7,818.96323215,953.08589547,821.54687500,957.12500000
1,4134,12,1058.24970648,874.26776894,1061.85937500,873.19531250
1,3969,18,126.98173259,788.07573063,124.45312500,784.46093750
1,5247,6,339.33344486,224.70314240,334.33593750,223.04687500
1,2404,13,1169.82902211,85.00171524,1168.12500000,93.85937500
1,3091,5,1208.94981650,909.88108846,1205.74218750,908.47656250
1,934,10,611.89592902,908.10431518,610.76562500,912.55468750
1,471,16,448.94371796,828.01170030,445.72656250,830.99218750
1,4431,9,538.01702443,174.99139518,538.14062500,170.35156250
1,2593,11,1088.90773457,953.03538048,1091.51562500,950.60156250
1,143,19,487.11471339,113.97941471,480.47656250,109.21875000
1,1933,20,1152.06352251,907.98759877,1146.86718750,909.81250000
1,1766,19,1204.04650005,73.60439840,1195.93750000,77.36718750
1,2782,11,932.17652833,100.46804657,932.35937500,97.85156250
1,3432,2,1151.88406749,173.92334457,1157.64843750,180.13281250
1,5060,6,667.53242418,258.63737456,666.71093750,254.53125000
1,4744,9,1049.12545939,193.01988230,1055.47656250,193.18750000
1,3644,21,69.93774536,682.95258083,61.36718750,682.32812500
1,2916,8,546.96141681,113.95108873,547.92968750,109.92187500
1,4291,12,249.87885065,70.04152966,247.31250000,72.39062500
1,325,16,1089.05405015,952.93644159,1086.08593750,955.94531250
1,3821,17,112.91558699,126.73409386,112.65625000,125.79687500
1,3270,5,673.90787848,483.97308969,673.83593750,483.39062500
1,2094,17,938.97195454,952.92584396,941.64843750,956.87500000
1,622,13,70.06924210,622.96773180,67.84375000,617.54687500
1,2277,17,970.23868184,102.87414805,974.23437500,100.78125000
1,1260,7,629.04162746,518.98689964,629.53125000,519.04687500
1,4603,9,1208.87299292,909.98831607,1209.06250000,908.07031250
1,3970,21,1168.82231785,848.86513630,1165.16406250,849.14843750
1,1400,1,966.57318941,138.42627002,967.04687500,134.02343750
1,4892,9,1067.91939375,641.35164586,1075.28125000,643.55468750
1,1559,2,99.35503948,302.92197696,101.28125000,295.50781250
1,472,16,328.96519519,828.09317492,325.35937500,829.28125000
1,2404,14,69.97104223,82.87468446,77.74218750,86.14843750
1,4135,15,189.02585239,953.05293469,186.51562500,949.17968750
1,1090,4,444.27600430,814.59655962,439.43750000,817.93750000
1,790,10,1060.00910939,69.96551042,1061.53125000,72.73437500
1,5247,3,948.89004532,193.05429320,951.35156250,189.26562500
1,3092,7,1179.85353017,921.12236425,1179.96875000,920.70312500
1,935,13,726.88668604,833.83012724,723.77343750,839.21875000
1,4432,12,786.89627058,113.90326238,787.64843750,110.26562500
1,2594,14,225.28412653,910.61390332,223.28906250,909.01562500
1,1933,17,135.78359455,952.33433096,134.80468750,951.01562500
1,1766,20,100.10851553,69.93726577,100.70312500,70.40625000
1,144,19,546.93128133,114.10233446,540.59375000,109.21875000
1,2782,8,339.99918985,70.09419607,341.11718750,68.06250000
1,3433,2,1151.98684128,234.08416347,1158.02343750,239.75781250
1,2917,8,607.00414068,113.98819905,608.42187500,109.89062500
1,3645,20,1184.04723755,648.80342328,1183.35937500,652.54687500
1,5060,3,639.97193958,70.04819612,637.85937500,67.28125000
1,4291,9,975.86583427,339.76051644,983.61718750,339.02343750
1,4745,12,187.93385892,117.29690669,185.79687500,120.07812500
1,326,19,273.79702170,667.42617956,263.52343750,668.26562500
1,3821,18,1209.11724947,130.00733120,1207.69531250,135.32812500
1,3271,5,673.90480976,538.10957871,673.88281250,538.49218750
1,2095,20,382.56776441,907.16026856,373.75000000,909.31250000
1,623,13,69.87254825,593.00203935,67.82812500,587.55468750
1,3970,18,127.05418457,728.02414095,123.85937500,724.96093750
1,2277,14,310.11426816,70.06295135,310.98437500,69.14843750
1,4603,6,123.19096042,658.47614648,119.52343750,658.21875000
1,3092,4,100.40892850,942.27234602,101.40625000,936.83593750
1,1401,4,366.92614790,113.87673787,366.10156250,109.21875000
1,790,7,270.95221855,368.18287853,267.51562500,366.07031250
1,2594,11,1059.10880486,952.92960344,1062.21875000,951.16406250
1,4892,6,158.87920932,952.97136592,159.79687500,948.46875000
1,4432,9,480.37076103,159.02431426,479.62500000,154.43750000
1,145,19,606.95437429,113.92334732,601.06250000,109.08593750
1,1560,1,1209.03320663,340.02891878,1209.88281250,336.76562500
1,1091,7,788.93105907,953.05656891,791.30468750,957.33593750
1,2918,8,666.97457011,114.07362082,668.84375000,110.14062500
1,2783,11,902.43614912,100.59085364,902.53906250,97.71875000
1,3645,21,69.95142689,653.10731397,61.30468750,652.42187500
1,1934,20,1092.02695801,908.07212153,1087.91406250,910.77343750
1,4292,12,280.06952618,70.05502338,277.13281250,71.78906250
1,5061,6,639.10453304,266.50146874,637.76562500,262.54687500
1,1767,20,130.10621667,69.95118120,129.57031250,69.83593750
1,4745,9,1048.97853638,312.91850593,1056.37500000,312.68750000
1,473,16,228.99314251,828.01918598,226.00000000,827.45312500
1,2405,14,127.11350107,114.10000284,131.66406250,115.12500000
1,935,10,551.95122790,908.03939547,550.10937500,912.07031250
1,3434,2,1151.86529293,294.09683557,1157.99218750,299.66406250
1,3822,17,112.86203767,156.47141905,112.12500000,155.07031250
1,2095,17,909.09271723,953.01899226,911.58593750,957.32812500
1,4135,12,1087.13372088,882.25168562,1090.14062500,880.48437500
1,326,16,1058.92879522,953.01220230,1056.78906250,956.34375000
1,5248,6,244.31461857,251.35887698,239.45312500,250.89062500
1,3272,5,605.09490237,538.10218411,603.87500000,538.39843750
1,624,13,70.07549303,562.98462806,68.26562500,557.50000000
1,3971,21,1191.92536083,908.05353143,1186.27343750,906.92968750
1,2595,14,255.20500816,910.45332618,252.45312500,909.49218750
1,3646,20,1184.19912155,618.92503660,1183.77343750,622.54687500
1,4136,15,158.92801961,952.97944452,157.22656250,948.32031250
1,5061,3,670.05698714,70.01963230,668.21875000,67.07812500
1,2096,20,412.33606302,907.08524458,403.32812500,909.69531250
1,936,13,784.34937346,849.91037587,781.59375000,855.67187500
1,2278,17,940.55960763,103.00906935,944.49218750,100.47656250
1,1401,1,908.51609679,154.60378822,909.48437500,149.76562500
1,1261,1,1203.90067495,117.54042903,1198.46093750,116.50781250
1,4893,9,1095.42253603,633.77613396,1102.58593750,635.82812500
1,146,19,666.92449372,114.07466000,661.78906250,109.32812500
1,2406,14,186.89423576,113.98622083,189.52343750,113.92187500
1,791,10,1089.90055198,70.05489893,1090.63281250,73.53906250
1,5248,3,1049.04639147,192.96423019,1051.20312500,189.92968750
1,1091,4,472.95825683,806.69052314,468.38281250,810.37500000
1,3435,2,1152.05840966,354.09178326,1158.08593750,359.81250000
1,2783,8,369.87958625,70.02892918,371.00781250,67.64062500
1,4292,9,947.90875620,332.05355687,955.44531250,330.96875000
1,2919,8,727.00665295,113.95622443,730.10937500,110.32031250
1,3092,5,1208.94847336,939.99194282,1204.96093750,937.98437500
1,1934,17,195.98147029,952.23702023,193.78906250,952.10937500
1,4604,9,1209.03858533,939.91384160,1208.50000000,937.20312500
1,4746,9,1049.12299816,432.98671566,1057.11718750,433.46875000
1,3273,5,629.07479348,502.89888354,628.05468750,502.64062500
1,327,19,301.43132468,675.07889957,291.32812500,676.25781250
1,1560,2,99.27296229,332.80285682,100.53906250,325.28906250
1,1768,20,160.11234394,69.97586793,158.58593750,69.28125000
1,4433,12,847.04143736,113.94566613,848.33593750,110.53906250
1,474,16,229.03487253,708.06167542,225.39062500,707.30468750
1,3822,18,1209.05375070,159.92176418,1208.25781250,164.61718750
1,625,13,69.87647139,533.02558273,68.32031250,527.51562500
1,3971,18,126.89187625,667.99903854,123.39843750,665.25000000
1,4136,12,1116.28172604,890.34492900,1118.53906250,887.75781250
1,2595,11,1029.01726514,953.06852856,1032.78906250,951.93750000
1,2278,14,339.89513486,69.94402814,340.52343750,68.61718750
1,2096,17,879.10388669,953.10079700,881.74218750,957.69531250
1,936,10,492.08238017,907.92171201,489.84375000,911.23437500
1,5062,6,610.92974193,274.20497425,608.91406250,270.43750000
1,3646,21,70.10966527,623.09265652,61.28125000,622.32812500
1,1402,4,427.06151602,114.07281260,426.14843750,108.89843750
1,147,19,726.90445693,114.09743390,722.35156250,109.72656250
1,1261,2,94.66678012,110.43619271,100.72656250,104.96093750
1,2407,14,247.04212202,113.91768579,248.15625000,112.86718750
1,5249,6,202.28348636,135.65419025,199.96875000,137.52343750
1,4893,6,129.01772722,952.94770675,130.94531250,947.69531250
1,791,7,243.34168897,375.73548869,240.17187500,373.82812500
1,3436,2,1152.06347632,413.95724115,1157.80468750,419.85156250
1,1092,7,758.98299707,952.96116877,761.31250000,957.40625000
1,4293,12,310.04760814,70.03259899,306.91406250,71.14062500
1,2784,11,872.33555934,100.70341509,872.60937500,97.58593750
1,2920,8,786.98654750,113.88379066,791.06250000,110.69531250
1,4747,9,1049.11901722,552.99415344,1056.81250000,554.54687500
1,4604,6,133.71914182,631.75792415,129.47656250,631.71875000
1,3093,7,1181.56070790,908.52415820,1181.97656250,908.34375000
1,1561,1,1208.86943182,369.93491249,1210.17187500,366.68750000
1,1935,20,1031.87771116,907.94860900,1028.32031250,911.41406250
1,1769,20,189.87569522,70.01325303,187.57812500,68.74218750
1,3274,5,649.92893116,502.90052098,649.50781250,502.65625000
1,475,16,228.88620399,588.02766451,225.38281250,586.22656250
1,3823,17,112.68553697,186.26149879,111.30468750,184.46875000
1,327,16,1029.02752377,953.03612555,1027.24218750,956.73437500
1,4433,9,422.21588334,142.89290750,420.96093750,138.56250000
1,626,13,70.06596462,503.07080155,68.93750000,497.53125000
1,3972,18,126.92606246,607.93288208,123.20312500,605.30468750
1,2596,14,284.90892897,910.55971924,281.90625000,910.23437500
1,1262,4,99.90331498,69.93732932,105.16406250,70.12500000
1,4137,15,129.13427279,953.04700942,128.40625000,947.52343750
1,4894,9,1122.87403192,626.07022996,1129.84375000,627.93750000
1,2279,17,910.54301154,102.88185330,914.41406250,99.92187500
1,1402,1,850.42716450,170.48873061,851.50781250,165.43750000
1,2097,20,442.22473255,907.27276941,433.36718750,910.32031250
1,2408,14,306.87763303,113.89263631,306.90625000,112.07031250
1,2784,8,400.12102262,69.97470643,401.00781250,67.31250000
1,5249,3,1049.12847897,312.94842941,1053.47656250,309.19531250
1,937,13,842.31065743,865.87338253,839.77343750,871.85937500
1,792,10,1120.09454738,69.97067909,1120.05468750,74.25781250
1,2921,8,847.03641426,114.11410184,851.35937500,111.51562500
1,148,19,787.02645328,113.92927811,782.85937500,110.06250000
1,3093,5,1209.11198005,952.96981679,1204.69531250,950.60156250
1,3437,2,1151.88459489,474.07206554,1157.17968750,480.35937500
1,4293,9,920.08601645,324.41901525,927.29687500,323.01562500
1,476,16,228.95827299,468.09174682,226.07812500,465.01562500
1,1561,2,99.04495563,362.57895783,99.57031250,355.10937500
1,1092,4,501.52629062,798.88204446,497.17968750,802.78125000
1,4605,9,1209.12941343,952.96813774,1208.20312500,949.88281250
1,3275,5,649.92807399,518.95050341,649.51562500,518.78906250
1,3823,18,1208.86564103,189.90405686,1208.55468750,194.06250000
1,328,19,329.15440784,682.74412624,319.07031250,684.22656250
1,1770,20,219.93628987,70.06282106,216.72656250,68.32031250
1,3647,20,1183.97630021,588.86477018,1183.75000000,592.39843750
1,1935,17,256.29286630,952.34979827,253.58593750,953.42968750
1,4434,12,907.12519610,114.04045933,908.46875000,111.08593750
1,5062,3,699.90205799,70.08247837,698.54687500,67.03125000
1,4748,9,1049.02690889,672.97962968,1055.98437500,675.35156250
1,627,13,70.10994313,472.93622320,69.30468750,467.39843750
1,3973,18,127.06423920,547.97781073,123.28125000,545.34375000
1,1262,1,1174.94086257,125.51486714,1172.13281250,123.62500000
1,2922,8,907.05374001,113.88937291,911.50000000,112.10156250
1,792,7,215.55636185,383.50704085,212.57031250,381.80468750
1,4137,12,1145.20231601,898.23354100,1146.41406250,894.83593750
1,4894,6,99.10891829,953.07150112,102.04687500,946.92968750
1,1403,4,487.02161212,114.07114290,486.64843750,108.64843750
1,2097,17,848.98465098,952.91677406,851.43750000,957.75781250
1,3094,8,95.30925321,905.18158067,100.23437500,899.00000000
1,3438,2,1152.05764482,534.09416566,1156.64843750,540.85937500
1,1093,7,729.07245305,953.00740920,730.92968750,957.55468750
1,4605,6,138.25453751,620.20022094,133.88281250,620.28906250
1,3276,5,629.07399867,518.94859088,628.07031250,518.77343750
1,477,16,229.01619323,347.96361378,227.45312500,343.89843750
1,149,19,846.98481393,114.02967394,843.20312500,110.76562500
1,328,16,999.08717352,953.07232828,997.81250000,957.07812500
1,2596,11,999.11878750,952.93761289,1003.11718750,952.42187500
1,1562,1,1209.08679573,399.97989162,1210.80468750,396.79687500
1,3647,21,69.89011714,592.91012061,60.92968750,592.10156250
1,4294,12,340.07225421,69.92496517,336.68750000,70.42187500
1,2279,14,370.03665507,70.08963314,370.43750000,68.41406250
1,1771,20,250.03447048,70.12016111,246.21875000,67.89062500
1,3824,17,112.90425921,216.12076600,111.03125000,214.03906250
1,1936,20,972.05552752,908.12351042,968.61718750,912.21093750
1,5063,6,582.54845866,282.18142759,579.95312500,278.60156250
1,4434,9,363.90942398,126.66566663,362.50000000,122.76562500
1,4748,6,189.06607375,926.25888407,188.63281250,923.33593750
1,937,10,431.94232150,908.05495540,429.29687500,910.53906250
1,5250,3,1048.97365145,433.01531505,1055.06250000,429.67968750
1,2409,14,367.02164728,113.91229483,366.56250000,111.40625000
1,2785,11,842.61233546,100.80290425,842.82812500,97.50000000
1,628,13,70.01885742,443.03950720,69.57031250,437.49218750
1,3974,18,127.02466725,487.96330956,123.34375000,485.32812500
1,2923,8,966.88590724,113.96179896,971.06250000,113.05468750
1,2098,20,472.01300710,907.22112057,463.48437500,910.67187500
1,2280,17,880.66414096,102.99455341,884.64843750,99.67968750
1,793,10,1149.99538716,69.96906675,1149.00781250,75.04687500
1,4435,12,966.99063766,113.96161843,968.35156250,111.52343750
1,4138,14,1199.70480112,948.59929855,1196.27343750,948.10937500
1,4749,9,1048.93957518,793.05776755,1054.39062500,795.42968750
1,1263,4,129.94855436,70.04760383,134.55468750,69.91406250
1,4895,9,1149.55171111,618.74034348,1156.21093750,620.52343750
1,2410,14,427.07747393,113.97919286,426.42968750,111.02343750
1,4606,9,1178.97095593,953.08424486,1179.06250000,950.84375000
1,1093,4,529.97772805,790.96428723,526.17968750,795.04687500
1,478,16,228.92583908,228.02774881,229.44531250,223.81250000
1,150,19,907.09504266,113.87395518,903.58593750,111.33593750
1,329,19,356.96284720,690.58812511,346.96875000,692.39062500
1,4294,9,892.14299648,316.83564425,899.07812500,315.11718750
1,3648,20,1184.17776991,559.09412808,1184.25000000,562.43750000
1,938,13,900.11570524,882.05130879,897.64062500,887.98437500
1,2597,14,314.94922163,910.42115257,311.56250000,910.61718750
1,1562,2,99.19429039,392.50807308,99.22656250,385.11718750
1,5063,3,730.07976839,69.92769495,729.12500000,66.79687500
1,3277,4,89.13386972,112.97909929,94.07031250,112.31250000
1,1772,20,279.91981686,69.93607142,275.66406250,67.28906250
1,5251,3,1048.89987685,553.01732282,1056.05468750,550.46875000
1,2785,8,429.98220322,69.93292503,430.81250000,67.02343750
1,1403,1,792.72816457,186.46722411,793.31250000,181.40625000
1,3824,18,1209.07802156,219.91771135,1209.25781250,223.61718750
1,1936,17,316.32909407,952.16119637,313.41406250,954.38281250
1,629,13,70.05508641,413.02220713,70.03125000,407.50000000
1,3439,2,1152.05985608,593.92446399,1155.79687500,601.09375000
1,3094,5,1179.10703720,952.91595211,1175.64062500,951.21875000
1,3975,18,127.06208397,428.04446120,123.73437500,425.43750000
1,2924,8,1026.90716485,114.08142314,1030.42187500,114.28906250
1,2098,17,818.98621415,952.97491052,821.07031250,958.06250000
1,793,7,188.05970290,391.11754716,185.50781250,389.62500000
1,4895,6,70.05848426,953.02996469,74.15625000,946.14843750
1,4606,6,165.91021704,627.71892864,160.96093750,627.80468750
1,1263,1,1145.75399598,133.45056795,1143.87500000,131.03125000
1,2280,14,400.02429540,69.99322700,400.07812500,68.06250000
1,1094,7,698.96927520,952.94035965,700.66406250,957.60156250
1,479,16,351.89829239,288.00900196,350.62500000,283.20312500
1,4435,9,305.55978488,110.60451872,304.14843750,107.39843750
1,4295,12,369.95600219,69.94768929,366.63281250,69.91406250
1,329,16,969.05452816,952.95143672,968.13281250,957.21875000
1,2411,14,486.91937289,114.09397489,486.41406250,110.78906250
1,151,19,967.02836765,113.94260158,963.13281250,112.44531250
1,1773,20,309.88345182,70.01702156,305.14062500,66.96875000
1,2597,11,968.90597374,953.05418015,973.21875000,953.11718750
1,938,10,372.09644095,907.93509653,369.23437500,909.55468750
1,1563,1,1208.88942409,429.98109156,1211.00781250,426.83593750
1,3277,1,1179.17556384,80.58112038,1174.69531250,79.82812500
1,3648,21,70.09832337,563.00920531,61.18750000,562.06250000
1,4749,6,231.86949409,808.58750907,228.33593750,808.60937500
1,5064,6,554.36785876,289.79947007,551.30468750,286.41406250
1,2786,11,812.74967465,100.89112099,812.80468750,97.45312500
1,3825,17,112.72499827,246.05750309,110.34375000,243.75000000
1,5252,3,1048.97171418,672.94469288,1056.60156250,671.03125000
1,4138,11,85.03964582,914.16768507,88.50781250,912.62500000
1,630,13,69.96113209,383.01209482,70.39843750,377.58593750
1,3095,8,125.20872485,904.94718520,129.05468750,899.60156250
1,3440,2,1151.88542577,653.94140757,1154.58593750,661.42968750
1,1404,4,546.94307804,113.92175738,547.00000000,108.42187500
1,1937,20,911.91960453,908.09126438,907.75781250,912.66406250
1,3976,18,126.94867197,368.06368905,124.02343750,365.58593750
1,2925,8,1086.98716443,113.99572726,1089.38281250,115.48437500
1,2099,20,501.71029219,907.18135480,493.10937500,910.96875000
1,4607,9,1149.05653406,953.00985567,1149.79687500,951.50000000
1,1264,4,160.02462662,69.97789100,164.00781250,69.27343750
1,4896,9,1160.26264494,645.39804620,1166.30468750,647.05468750
1,2281,17,850.91561231,103.09515024,854.53906250,99.44531250
1,794,10,1179.91564461,69.93352149,1177.95312500,75.88281250
1,480,16,592.00887924,288.09085179,593.34375000,284.01562500
1,330,19,384.90638963,698.26183215,375.16406250,700.33593750
1,4436,12,1027.05158825,114.10966524,1027.84375000,112.42968750
1,2412,14,546.91838040,114.00481139,546.67187500,110.56250000
1,1774,20,339.93044400,70.10906316,335.08593750,66.68750000
1,939,13,958.41452393,898.27877830,955.30468750,903.94531250
1,2598,14,344.55293430,910.54737053,340.95312500,911.30468750
1,152,19,1026.87096710,113.96640429,1022.25000000,113.60937500
1,3649,20,1184.00417590,529.10457858,1184.20312500,532.32812500
1,1563,2,98.93281467,422.37349288,98.40625000,415.07031250
1,4750,9,1048.93768302,827.92822474,1053.91406250,830.10937500
1,4295,9,864.32005322,309.15653098,870.75781250,307.10156250
1,2786,8,459.98207097,69.90278713,460.90625000,66.77343750
1,1094,4,558.58968649,783.11518070,555.13281250,787.39843750
1,5064,3,760.01108850,70.07840008,759.24218750,66.92187500
1,4138,15,99.08320690,953.08567301,99.31250000,946.72656250
1,3277,5,1197.74047975,108.08487675,1196.07031250,110.03906250
1,3825,18,1208.88705205,250.05059237,1209.55468750,253.37500000
1,5253,3,1049.05105232,793.06108525,1056.39062500,790.92968750
1,1404,1,735.28088022,202.52585069,735.46093750,197.54687500
1,631,13,70.00784865,352.94467717,71.00000000,347.63281250
1,3441,2,1152.05294859,714.05089284,1153.53906250,721.69531250
1,1937,17,376.68433639,952.18178960,374.55468750,955.33593750
1,3095,5,1149.12182750,953.10576710,1146.46093750,952.03125000
1,3976,15,1199.94313891,110.54131725,1199.28125000,119.42968750
1,2926,8,1146.95371462,113.95045620,1147.92968750,116.78906250
1,2099,17,789.08406854,953.02099140,791.25781250,958.25781250
1,4607,6,193.32420028,635.35748227,188.08593750,635.63281250
1,2281,14,429.88482578,69.90894046,430.06250000,67.71093750
1,939,10,311.94919206,907.90118171,309.46093750,908.45312500
1,153,19,1087.00915042,114.10383780,1081.35156250,114.92968750
1,4896,6,70.05781862,922.99556686,73.42187500,917.24218750
1,4436,9,246.83895298,94.20740818,246.05468750,91.86718750
1,481,16,832.03050132,288.02258182,837.01562500,286.26562500
1,4296,12,399.95369617,70.05987081,396.58593750,69.56250000
1,3649,21,69.92840656,532.89681769,61.01562500,531.83593750
1,2787,11,782.98146024,100.96728732,783.00000000,97.42187500
1,2413,14,606.96080927,113.96384326,607.33593750,110.53125000
1,1775,20,370.06057849,69.95825667,364.94531250,66.25000000
1,632,13,69.95314764,322.96021750,71.69531250,317.79687500
1,1095,7,669.11462746,953.04188179,670.50000000,957.69531250
1,2598,11,939.11182511,952.90330548,943.66406250,953.48437500
1,3277,2,69.95979271,69.95500606,79.53906250,65.72656250
1,330,16,939.00088143,953.04103307,938.25000000,957.55468750
1,1564,1,1209.06790594,459.91674399,1211.41406250,456.87500000
1,5254,3,1048.94767519,827.94839154,1056.21093750,825.57812500
1,4138,12,1174.41331378,906.23110078,1174.65625000,901.98437500
1,5065,6,526.18725968,297.65538183,522.58593750,294.42968750
1,1264,1,1116.60988789,141.55570435,1115.39062500,138.66406250
1,3442,2,1152.00489779,773.88991297,1152.20312500,781.35156250
1,3826,17,112.92872443,275.85069424,110.03125000,273.38281250
1,4750,6,243.87259888,775.52234910,239.57812500,775.96875000
1,1938,20,852.12277108,908.10715231,847.70312500,912.99218750
1,1405,4,606.89645404,114.08124241,607.53125000,108.67968750
1,794,7,160.60282664,398.75029540,158.38281250,397.45312500
1,3096,8,155.09491659,904.97816855,157.69531250,900.41406250
1,3977,18,126.99772548,308.01219992,124.78125000,305.81250000
1,2927,8,1151.99614559,113.99114375,1152.82031250,116.90625000
1,2100,20,531.57977763,907.15321756,523.47656250,911.28125000
1,4608,9,1118.90210082,953.02023465,1120.24218750,952.14062500
1,4437,12,1087.12356930,114.02081830,1086.88281250,113.25781250
1,3650,20,1183.98646211,499.36781465,1184.27343750,502.42968750
1,2414,14,666.93152035,113.97128009,667.58593750,110.78125000
1,154,19,1146.98677778,113.90822474,1140.17187500,115.97656250
1,4296,9,836.36557505,301.35258184,842.40625000,298.96093750
1,2787,8,489.88539189,69.88461558,490.77343750,66.57031250
1,940,13,1016.82363331,914.47828625,1012.67968750,919.76562500
1,4897,9,1171.05143044,672.37698017,1176.62500000,673.91406250
1,633,13,70.07170064,292.98896936,72.55468750,288.07812500
1,481,13,410.46591579,102.64656407,412.19531250,98.14843750
1,2599,14,374.51278349,910.43214987,371.03125000,911.65625000
1,2282,17,821.03802274,102.93234725,824.48437500,98.96093750
1,331,19,412.71795485,706.09418292,403.07031250,708.49218750
1,1776,20,400.05556287,70.07401813,394.69531250,66.10937500
1,1095,4,586.87645559,775.18796287,583.91406250,779.62500000
1,5255,3,929.12429382,828.04339672,936.38281250,828.35937500
1,5065,3,790.06415802,69.98919638,789.56250000,66.88281250
1,3443,2,1152.00528144,834.08532064,1150.57031250,841.17968750
1,1265,4,190.12197692,69.98003132,192.68750000,68.51562500
1,1405,1,677.90872047,218.25036570,677.42968750,213.55468750
1,4751,9,929.06114188,828.01042782,933.99218750,831.71875000
1,4139,14,1170.84521786,944.33602867,1168.41406250,944.40625000
1,3826,18,1209.08428311,280.00942952,1209.96093750,283.03906250
1,1938,17,436.72663364,952.15381690,434.85937500,956.10156250
1,795,10,1208.97444172,70.04439295,1205.96093750,76.82031250
1,1564,2,99.04386315,452.18139799,97.91406250,444.98437500
1,3278,5,1167.96754290,108.04863927,1166.88281250,109.37500000
1,3096,5,1119.11015981,953.02723007,1117.38281250,952.55468750
1,3977,15,1176.89163919,170.04333196,1178.06250000,176.76562500
1,2928,8,1152.11927470,173.93382880,1153.82812500,175.82031250
1,2100,17,759.01349963,953.05532870,760.69531250,958.42187500
1,940,10,251.88960579,907.92451575,250.09375000,907.19531250
1,1565,1,1209.09476294,490.07072266,1211.72656250,487.15625000
1,3444,2,1152.00582976,894.01795720,1148.93750000,900.45312500
1,3827,17,112.72753992,305.74856839,109.43750000,303.17968750
1,1406,4,667.09256034,113.95770331,668.50781250,108.85937500
1,1939,20,792.03727990,907.91787701,787.19531250,912.96875000
1,2415,14,726.96242473,114.02713126,728.12500000,111.21093750
1,4897,6,70.10680267,892.98660424,72.53125000,888.10937500
1,3097,8,184.99533040,905.01660347,186.73437500,901.24218750
1,4608,6,221.03638672,642.99529018,215.53906250,643.49218750
1,2788,11,753.04388173,101.03198189,752.86718750,97.42968750
1,634,16,1207.42541383,227.50808013,1207.95312500,233.02343750
1,2599,11,908.97974215,952.99632236,913.40625000,954.06250000
1,795,7,133.92914611,406.02288388,132.20312500,404.89062500
1,2282,14,459.89013339,70.09036157,459.92968750,67.68750000
1,1096,7,639.03721613,953.01480738,640.09375000,957.67968750
1,5066,6,498.19758492,305.34827779,494.00781250,302.39843750
1,3278,2,99.96721291,70.04977289,108.83593750,65.50000000
1,1777,20,429.91432618,69.94798791,424.82812500,65.73437500
1,1265,1,1087.47985505,149.58462746,1087.37500000,146.18750000
1,3650,21,69.91560933,503.03740693,61.04687500,501.88281250
1,4437,9,187.84127865,77.97746983,188.10156250,76.74218750
1,155,19,1152.08051097,113.93515839,1145.09375000,116.12500000
1,4139,11,113.16196281,918.41694498,115.89062500,917.27343750
1,4297,12,430.04394881,70.06570929,426.75781250,69.05468750
1,5256,3,808.92422626,828.04266237,815.26562500,830.36718750
1,4751,6,357.77437707,807.32916723,353.54687500,808.91406250
1,482,16,926.00701043,287.99443257,931.59375000,287.62500000
1,3978,18,127.05357107,247.91729867,125.75000000,246.18750000
1,2929,8,1151.97178876,234.10210904,1154.51562500,235.28125000
1,2101,20,561.38968505,907.13703454,553.58593750,911.56250000
1,941,13,1075.19681493,930.60660392,1069.86718750,935.26562500
1,3445,2,1152.09030507,908.06266132,1148.68750000,914.23437500
1,1565,2,99.00421234,482.19803835,97.46875000,475.17187500
1,4609,9,1089.01472817,953.02504601,1091.04687500,952.73437500
1,332,19,440.68951564,713.73816214,431.35937500,716.46093750
1,3827,18,1208.87108951,310.10727152,1210.10156250,312.82031250
1,1939,17,497.07444213,952.33318623,495.58593750,956.90625000
1,2788,8,519.95688999,69.87834531,520.96875000,66.42187500
1,1778,20,459.91853560,70.08735464,454.64062500,65.68750000
1,4898,9,1182.21449350,699.68205333,1187.25781250,701.00781250
1,2416,14,786.94253434,113.87977453,789.47656250,111.67187500
1,3097,5,1089.08022582,952.94112722,1087.92187500,953.06250000
1,4139,15,70.11804119,952.91417891,71.57031250,945.64843750
1,4752,9,809.05519948,827.93018436,812.61718750,832.47656250
1,2600,14,404.32929500,910.32908325,400.42968750,911.98437500
1,1266,4,219.98471511,70.01776611,221.95312500,68.00781250
1,1096,4,615.35654023,767.33546067,612.92968750,771.85937500
1,5066,3,819.93380635,70.01139155,819.75781250,67.02343750
1,634,13,70.11286435,263.02884826,73.46093750,258.38281250
1,796,10,1209.13104261,99.97687410,1206.91406250,105.92187500
1,3279,5,1138.17787188,108.25372954,1137.75781250,108.94531250
1,2283,17,791.00510634,103.01020429,794.25781250,98.77343750
1,4297,9,808.24087865,293.60699837,813.77343750,290.96093750
1,1406,1,620.55329125,234.25695517,619.21093750,230.07031250
1,156,19,1152.01766108,173.95511545,1146.19531250,175.20312500
1,4438,12,1147.06483470,113.93126404,1145.21093750,114.18750000
1,482,13,318.77879035,128.56397528,320.19531250,123.94531250
1,3651,20,1184.12431665,469.38147474,1184.52343750,472.27343750
1,5257,3,689.10014400,828.02556177,693.49218750,831.93750000
1,3978,15,1154.40216062,228.07621954,1157.01562500,233.17187500
1,2930,8,1152.12960330,293.88092309,1155.32812500,294.72656250
1,2101,17,729.00814758,953.07755028,730.40625000,958.50781250
1,2789,11,723.16925892,101.08459683,722.52343750,97.46875000
1,2283,14,490.04081836,70.02917151,490.08593750,67.46875000
1,796,7,123.13000980,379.52030704,121.77343750,378.45312500
1,4609,6,248.54958773,650.58363328,242.72656250,651.28125000
1,3828,17,112.90507619,335.53270230,109.28125000,332.98437500
1,1566,1,1208.96538220,519.96806105,1211.71093750,517.14062500
1,3651,21,70.05969164,472.93115116,61.37500000,471.62500000
1,4298,12,459.99329880,69.99701279,456.92968750,68.56250000
1,941,10,192.06565149,908.00737649,191.14843750,905.95312500
1,332,16,879.11150425,953.06038240,878.69531250,957.85937500
1,1779,20,490.06818115,69.98403359,485.00781250,65.45312500
1,4898,6,69.92084450,862.92302142,71.62500000,858.80468750
1,2417,14,846.99437167,114.03190329,849.89843750,112.57031250
1,4139,12,1202.58309461,914.15430519,1201.57812500,909.05468750
1,5067,6,470.15346813,313.08071380,465.55468750,310.35937500
1,4752,6,472.57748714,839.55742918,469.53906250,842.09375000
1,635,16,1196.09920764,255.94136940,1197.35937500,260.85156250
1,2600,11,878.99114706,953.07716166,883.75781250,954.59375000
1,483,16,926.02059645,528.06966337,930.53125000,530.42187500
1,1097,7,608.96558096,952.90023486,609.82031250,957.51562500
1,3446,2,1092.04469694,907.99869110,1089.42968750,914.59375000
1,5258,3,569.07157098,828.01924744,571.29687500,832.92187500
1,3279,2,129.95489467,69.90051396,137.97656250,65.06250000
1,4439,12,1151.89363357,114.10134105,1149.71875000,114.42187500
1,1940,20,732.04595847,908.03138521,726.25781250,913.12500000
1,157,19,1151.87642683,233.92918843,1146.84375000,234.69531250
1,3098,8,214.93688940,904.81431962,215.78125000,901.71875000
1,1407,4,727.11864041,113.94151818,729.22656250,109.27343750
1,1266,1,1058.61583807,157.50446359,1058.88281250,153.77343750
1,3979,18,127.02249865,188.01473562,126.96875000,187.02343750
1,2102,20,591.15681103,907.13276594,583.47656250,911.76562500
1,2931,8,1152.06768835,353.87933482,1155.57812500,354.64843750
1,4298,9,780.17495986,285.95153247,785.07031250,283.00000000
1,942,13,1133.86907726,946.92115564,1126.71875000,950.71093750
1,635,13,70.09062541,233.04496043,74.21093750,228.78125000
1,2284,17,761.05597578,103.07589279,763.97656250,98.65625000
1,4610,9,1059.07875397,952.90645994,1061.50000000,953.25000000
1,3652,20,1184.14990830,439.61176563,1184.51562500,442.29687500
1,5067,3,849.92149515,70.00880906,849.85937500,67.14062500
1,3828,18,1209.04179665,340.06832003,1210.57812500,342.67187500
1,3447,2,1031.90059324,907.97863212,1030.10937500,914.82812500
1,1566,2,98.81036128,511.95503751,96.75781250,505.05468750
1,333,19,468.80601407,721.55275463,459.99218750,724.54687500
1,4753,9,688.96589050,828.04949585,690.44531250,832.92968750
1,1940,17,557.36426896,952.20649750,556.78125000,957.31250000
1,2418,14,907.00593771,113.98004484,909.85937500,113.42968750
1,2789,8,549.96291655,69.88413025,551.38281250,66.33593750
1,4140,14,1170.69908083,914.74122933,1168.76562500,915.45312500
1,4899,9,1193.22614352,727.21653700,1197.45312500,728.27343750
1,1780,20,519.88887740,69.89374422,515.16406250,65.28906250
1,484,19,326.80600872,910.06948041,318.73437500,912.08593750
1,2601,14,434.26149367,910.48880473,430.59375000,912.57031250
1,158,19,1151.89662552,293.95498972,1147.42968750,294.46093750
1,797,10,1208.92309933,130.01623740,1207.16406250,135.21875000
1,3280,5,1108.39299983,108.19638009,1108.86718750,108.28125000
1,4440,12,1152.00889113,173.92374644,1151.58593750,173.09375000
1,1097,4,643.80487714,759.57873321,641.81250000,764.23437500
1,3098,5,1059.03178054,953.09844201,1058.51562500,953.73437500
1,5259,3,448.96007687,827.91833358,449.50781250,833.18750000
1,1267,4,249.91416754,69.88804188,251.19531250,67.39843750
1,1407,1,563.51161742,250.06787826,561.42968750,246.41406250
1,3979,15,1132.62701128,284.49900341,1136.25781250,288.44531250
1,2102,17,699.05135257,953.08770295,700.30468750,958.53906250
1,2932,8,1152.07405494,413.99556154,1155.84375000,414.75781250
1,4299,12,490.10115622,70.00217435,487.24218750,68.21093750
1,942,10,132.10687292,907.98970015,132.61718750,904.49218750
1,2284,14,520.11031667,69.98019896,520.25000000,67.29687500
1,1781,20,549.89717832,70.06908493,545.05468750,65.40625000
1,3280,2,159.96821535,70.01664324,167.03125000,64.92187500
1,484,16,925.97866285,733.06784431,928.65625000,738.00000000
1,333,16,849.00135422,953.05596131,848.39843750,958.03125000
1,2601,11,848.87243054,952.89216404,853.45312500,954.80468750
1,5068,6,442.04102098,320.84627210,437.00000000,318.45312500
1,3448,2,972.07049453,908.00510037,970.57031250,915.03125000
1,159,19,1152.04027701,353.93265971,1147.98437500,354.45312500
1,797,7,112.49681275,352.50053973,111.76562500,351.41406250
1,5260,3,328.96598740,828.04355911,327.90625000,833.28125000
1,3652,21,70.09054860,443.04451089,61.54687500,441.60937500
1,3829,17,112.92976361,365.21997729,108.93750000,362.66406250
1,1267,1,1029.76109766,165.58985355,1030.59375000,161.45312500
1,4610,6,276.11562472,658.30784276,270.32031250,659.19531250
1,4899,6,69.97039702,833.04956958,71.14062500,829.69531250
1,4140,11,109.24896490,948.02409212,112.68750000,946.15625000
1,4441,12,1152.07032457,233.97208215,1152.90625000,232.45312500
1,1941,20,672.01042845,907.93842238,665.63281250,912.85937500
1,4753,6,588.35911797,871.85111483,586.92968750,874.80468750
1,1098,7,579.09260533,952.93615678,579.71093750,957.41406250
1,1408,4,787.10147508,114.06174317,789.61718750,109.99218750
1,1567,1,1208.94634723,550.10993050,1211.88281250,547.42187500
1,2790,11,693.34073671,101.12519457,692.82031250,97.54687500
1,2419,14,967.09390514,113.97540540,969.46093750,114.65625000
1,3099,8,244.89815935,904.87436329,245.14843750,902.50000000
1,636,16,1184.94717994,284.08548937,1186.79687500,288.57031250
1,3980,18,127.02472624,128.06093813,128.27343750,128.13281250
1,2103,20,621.14350507,907.14050135,613.94531250,911.96875000
1,2933,8,1151.90224066,474.11461246,1155.67187500,475.07812500
1,1782,20,580.10032204,70.00191057,575.64843750,65.33593750
1,485,16,686.05940551,733.02657105,686.22656250,737.40625000
1,4442,12,1152.04351136,294.11694825,1153.96875000,292.21093750
1,3281,5,1078.57204687,108.38018192,1079.50000000,107.86718750
1,1098,4,671.97910471,751.74807787,670.43750000,756.46093750
1,1567,2,98.72529179,541.95332434,96.37500000,535.17968750
1,3653,20,1184.07036215,409.79607567,1184.37500000,412.37500000
1,334,19,496.85528088,729.33581112,488.18750000,732.59375000
1,1408,1,506.64958463,265.69148661,503.95312500,262.72656250
1,943,13,1138.85020400,948.35148286,1131.20312500,952.00000000
1,4754,9,568.88777718,827.92085057,567.91406250,832.60156250
1,1941,17,617.71757101,952.28856912,617.68750000,957.68750000
1,2285,17,731.17391650,103.12949450,733.85156250,98.50781250
1,5068,3,880.03979669,69.99175592,880.17187500,67.27343750
1,160,19,1152.02976179,414.01904373,1148.24218750,414.74218750
1,3099,5,1028.93066909,952.99037635,1028.82031250,954.15625000
1,4140,15,69.98115551,923.11366664,70.88281250,916.58593750
1,5261,3,228.97912391,827.99501506,228.34375000,832.74218750
1,1268,4,279.87382991,70.07858137,280.64062500,67.13281250
1,798,10,1208.98243310,159.95758249,1207.65625000,164.57031250
1,2790,8,579.92013320,69.90193900,581.18750000,66.30468750
1,4900,9,1204.42890209,755.30943747,1207.90625000,755.99218750
1,4299,9,751.92960511,278.17346129,756.28906250,274.93750000
1,636,13,70.01176056,203.00569754,75.00781250,199.23437500
1,3829,18,1209.05761447,369.94538421,1210.71875000,372.40625000
1,4611,9,1028.92585886,953.07187411,1031.68750000,953.99218750
1,2602,14,464.08873958,910.40913351,460.67187500,912.87500000
1,3449,2,911.94052160,908.07988421,910.34375000,915.09375000
1,2420,14,1027.12256513,114.01671009,1028.75781250,116.06250000
1,2103,17,668.87942042,953.08575089,669.64062500,958.53125000
1,2934,8,1152.08064399,533.90539400,1155.62500000,535.04687500
1,3980,15,1111.34021586,339.56756499,1115.70312500,342.82812500
1,1783,20,610.02435532,69.94743485,606.02343750,65.34375000
1,1942,20,612.04770698,907.89392091,605.09375000,912.53906250
1,486,16,446.03246275,732.92210786,442.62500000,735.22656250
1,4140,12,1198.58710920,943.33116178,1197.23437500,937.60156250
1,3281,2,189.98473823,69.88898756,196.46093750,64.52343750
1,4443,12,1151.88822063,354.00384406,1154.69531250,351.94531250
1,1099,7,548.91347333,953.03428388,549.10156250,957.36718750
1,3100,8,274.66669083,904.69540786,274.46875000,902.92187500
1,1568,1,1209.03802254,580.03218586,1212.17187500,577.48437500
1,3653,21,70.01542519,413.11073625,61.67968750,411.64062500
1,4900,6,70.05096938,802.95969185,70.52343750,800.25000000
1,943,10,127.01842845,907.94421018,128.00000000,904.30468750
1,4754,6,704.91280972,904.62096944,705.17968750,907.39062500
1,5069,6,414.09002787,328.62369266,408.70312500,326.48437500
1,334,16,819.02085425,953.06451543,818.55468750,958.07031250
1,2285,14,550.11510897,69.94337303,550.32031250,67.19531250
1,2791,11,663.29544787,101.15400713,662.31250000,97.63281250
1,161,19,1152.10650636,474.09604137,1148.39062500,475.10156250
1,5262,3,229.04613670,707.93410427,226.03906250,712.85156250
1,2421,14,1086.93635077,114.09880589,1087.72656250,117.49218750
1,798,7,101.51795337,325.30323830,101.49218750,324.26562500
1,1409,4,846.99159481,113.93907243,849.72656250,110.64843750
1,1268,1,1000.86565937,173.36510780,1002.07031250,168.96093750
1,637,16,1173.96892832,311.81474779,1176.36718750,315.90625000
1,2602,11,818.87444876,952.94933499,823.17968750,955.26562500
1,3450,2,851.89058221,907.94756189,849.64843750,914.77343750
1,3830,17,112.81339792,395.06139948,108.57031250,392.58593750
1,4611,6,304.02317267,665.84710961,298.17187500,666.89062500
1,4300,12,520.09956530,69.91842164,517.52343750,67.78125000
1,2104,20,650.87415355,907.16010714,644.02343750,912.17187500
1,2935,8,1152.08925088,593.98523281,1155.18750000,595.14843750
1,3981,18,229.05404273,192.96719210,227.27343750,190.49218750
1,1784,20,639.93247443,69.90501459,635.89843750,65.37500000
1,1942,17,678.02410701,952.32167532,678.59375000,957.84375000
1,3282,5,1048.72882546,108.30141031,1050.06250000,107.26562500
1,5069,3,910.05642571,69.91755920,910.19531250,67.40625000
1,4444,12,1152.11992464,413.99053550,1155.57031250,411.90625000
1,1099,4,700.37636435,743.79401064,699.59375000,748.47656250
1,1568,2,98.75037601,571.72774520,96.14062500,565.15625000
1,162,19,1152.00653355,534.08251758,1148.23437500,535.44531250
1,3100,5,999.04244939,953.12439552,999.10156250,954.75781250
1,4141,14,1170.65910614,884.86258913,1169.28125000,886.14843750
1,3654,20,1184.15019331,379.68430357,1184.50781250,382.17968750
1,4901,6,70.07357995,772.94281994,69.92187500,770.75000000
1,2286,17,701.34204668,103.17107467,703.67187500,98.38281250
1,637,13,69.92401934,173.03900886,75.75781250,169.82812500
1,3451,2,792.06189847,908.11413914,789.43750000,914.64843750
1,3830,18,1208.93039392,399.98619353,1210.78906250,402.36718750
1,335,19,525.07365924,737.28871315,516.93750000,740.86718750
1,2422,14,1146.90605279,113.97775554,1146.45312500,118.72656250
1,944,10,127.01635529,847.92830245,126.82812500,845.28906250
1,2791,8,610.09223571,69.93205335,611.75781250,66.36718750
1,5263,3,228.89194689,587.97688792,224.10156250,592.07031250
1,487,16,351.99596985,733.07058005,348.13281250,734.25781250
1,2603,14,493.82042756,910.34145588,490.26562500,913.17187500
1,799,10,1209.02498954,189.94582058,1208.13281250,194.07812500
1,1269,4,309.95162084,69.87906559,310.49218750,66.51562500
1,4300,9,723.71053359,270.49099476,727.43750000,267.00000000
1,1409,1,450.11922830,281.46811324,447.00000000,279.24218750
1,4612,9,998.95507743,953.07745207,1001.89062500,954.50000000
1,4755,9,449.01918802,828.07354939,445.97656250,831.99218750
1,2104,17,638.97116767,953.07173981,639.39062500,958.46093750
1,2936,8,1151.91956952,654.01013192,1154.42187500,655.14843750
1,3981,15,1038.10890049,252.99238199,1042.72656250,255.42968750
1,1785,20,670.08843260,69.87442051,666.56250000,65.47656250
1,1569,1,1208.97639187,609.98702997,1212.12500000,607.51562500
1,1943,20,552.02474363,907.89777438,544.08593750,912.10937500
1,5070,6,386.26280945,336.23046644,380.57031250,334.33593750
1,3101,8,304.48409736,904.77870910,303.60937500,903.63281250
1,2792,11,633.50992408,101.17059047,632.17968750,97.78906250
1,4902,6,70.03221652,742.96530784,69.29687500,741.21875000
1,4445,12,1151.94323774,474.00151578,1156.19531250,472.19531250
1,1100,7,518.93641207,953.06517464,519.10937500,957.24218750
1,3282,2,220.04973190,70.02687312,226.03125000,64.44531250
1,163,19,1151.98953148,594.11378451,1147.86718750,595.83593750
1,799,7,90.40031168,297.71852400,91.10937500,296.83593750
1,4141,15,69.95194060,893.01425823,70.27343750,887.16406250
1,3654,21,70.10101011,382.88704584,62.17187500,381.33593750
1,1410,4,907.08348210,114.03607478,910.19531250,111.69531250
1,638,16,1162.87265875,339.14042123,1165.77343750,342.99218750
1,4755,6,822.18954979,937.29718782,823.53125000,939.14062500
1,2286,14,580.07185190,69.91863931,580.40625000,67.14843750
1,3831,17,112.80690519,424.84083379,108.28906250,422.52343750
1,2603,11,788.97270510,952.99445351,793.42968750,955.60937500
1,945,10,127.08891690,787.95277036,126.15625000,785.78906250
1,4301,12,550.03868607,69.93887399,547.71093750,67.56250000
1,488,16,352.09908936,493.01872482,348.50781250,490.88281250
1,5264,3,228.90919976,468.07148330,224.25000000,471.01562500
1,4612,6,331.75925388,673.49615467,326.11718750,674.78906250
1,3452,2,732.06741154,908.07715964,728.92187500,914.17187500
1,335,16,788.87658746,952.94929065,788.22656250,958.01562500
1,1269,1,971.97210601,181.53097325,973.28125000,176.90625000
1,2423,14,1151.94546610,114.01182361,1151.19531250,118.87500000
1,2937,8,1152.07946597,713.88274499,1153.72656250,714.70312500
1,2105,20,680.61123905,907.19160737,674.10156250,912.32812500
1,3982,18,348.98419376,193.06663373,346.93750000,189.42187500
1,1943,17,738.41543587,952.30586523,739.91406250,957.80468750
1,1786,20,700.01228969,70.11367813,696.82812500,65.90625000
1,1569,2,98.62353721,601.53363626,95.65625000,595.03906250
1,5070,3,939.94825582,69.98169415,940.06250000,67.74218750
1,1410,1,393.50948983,297.04556170,389.71093750,295.66406250
1,4903,6,69.90900201,712.99775921,68.81250000,711.69531250
1,3101,5,969.07670968,952.99301444,969.60937500,955.05468750
1,3453,2,672.03186693,908.08841006,667.94531250,913.58593750
1,4613,9,968.90089531,952.97473515,971.89062500,954.90625000
1,2424,14,1151.87316761,174.02988011,1152.04687500,177.62500000
1,800,10,1209.06451026,220.00595755,1208.66406250,223.77343750
1,1270,4,340.07881608,69.99983809,340.03906250,66.23437500
1,1100,4,728.55209907,735.96810949,728.10156250,740.62500000
1,4446,12,1152.12783176,533.93090986,1156.56250000,532.28906250
1,3283,5,1019.08858187,108.46221869,1021.09375000,106.89843750
1,4142,14,1170.75998955,855.18933665,1169.97656250,856.94531250
1,164,19,1152.05577302,654.09901587,1147.50000000,655.93750000
1,638,13,70.10622014,143.06312546,76.76562500,140.50000000
1,3655,20,1184.10705128,349.97356048,1184.27343750,352.38281250
1,2604,14,523.71972012,910.28526796,520.58593750,913.40625000
1,3831,18,1208.91457272,429.96228062,1210.73437500,432.29687500
1,2287,17,671.54454210,103.20068070,673.47656250,98.29687500
1,4756,9,328.97864654,828.01813901,324.77343750,830.71875000
1,946,10,127.00558334,727.91045428,125.59375000,726.01562500
1,336,19,553.03894598,744.99076392,545.25781250,748.71875000
1,5265,3,229.12605298,347.94108262,224.35156250,349.99218750
1,489,16,466.92724747,376.98642772,465.82812500,373.47656250
1,2792,8,640.00040547,69.97398053,641.96875000,66.42187500
1,4301,9,695.52368284,262.71387061,698.71093750,258.97656250
1,2938,8,1152.04291515,773.97517537,1152.75000000,774.33593750
1,3982,15,924.21623957,221.07950396,928.77343750,221.64062500
1,2105,17,609.06274198,953.04570065,609.16406250,958.32812500
1,1570,1,1209.02611935,640.00178297,1212.21875000,637.64843750
1,1944,20,492.05367135,907.94983151,483.66406250,911.50781250
1,1787,20,729.96974054,70.10743915,726.85156250,66.12500000
1,4904,6,69.96593038,683.03518169,68.43750000,682.07812500
1,5071,6,358.32035924,343.86053604,352.37500000,342.22656250
1,1411,4,967.08401389,113.94964410,969.86718750,112.60937500
1,1270,1,943.01683566,189.39286515,944.77343750,184.59375000
1,2425,14,1152.05662411,234.03411426,1152.89843750,236.82812500
1,4613,6,359.58803174,681.27750037,354.17968750,682.77343750
1,3102,8,334.38995391,904.62158486,333.37500000,904.07031250
1,800,7,79.11855074,269.71842715,80.51562500,269.07031250
1,3454,2,612.06829295,907.89666054,607.16406250,912.63281250
1,165,19,1151.96934558,713.93815844,1146.75781250,715.92187500
1,639,16,1152.13034005,366.28455024,1155.51562500,369.92968750
1,1101,7,488.90626451,952.98700469,488.79687500,956.92968750
1,4447,12,1151.89437793,593.91383854,1156.31250000,592.47656250
1,3283,2,249.88077721,69.92212536,255.07031250,64.16406250
1,4142,15,70.06535143,863.10806546,70.01562500,857.83593750
1,3655,21,70.06256474,353.06299322,62.43750000,351.48437500
1,2604,11,758.90280613,953.02782279,762.97656250,955.93750000
1,3832,17,112.90980564,454.56933468,108.25781250,452.37500000
1,2287,14,609.99614687,69.90596058,610.51562500,67.20312500
1,4757,9,228.96365877,827.94878269,225.10156250,829.19531250
1,947,10,127.05052000,667.89247459,125.23437500,666.09375000
1,336,16,759.11001657,953.01597223,758.35156250,958.10156250
1,4302,12,579.93941888,70.05979925,578.01562500,67.40625000
1,490,16,811.08159899,376.94906474,815.17187500,376.03906250
1,5266,3,228.91259058,227.95291668,224.67968750,229.92187500
1,2793,11,603.72115244,101.17524255,602.38281250,97.96875000
1,2939,8,1152.03596747,833.92928934,1151.67968750,833.36718750
1,2106,20,710.61721801,907.23543680,704.51562500,912.44531250
1,3983,18,468.97467061,192.94882378,467.95312500,188.67187500
1,1570,2,98.60687332,631.39248831,95.49218750,624.97656250
1,1944,17,798.77650040,952.24128573,800.74218750,957.50781250
1,1788,20,759.97639598,70.11324209,757.35937500,66.37500000
1,801,10,1208.89134659,249.98321400,1209.01562500,253.42968750
1,948,10,126.99378553,608.01621458,125.09375000,605.93750000
1,1411,1,337.21581648,312.71985432,333.45312500,312.21875000
1,1271,4,370.07451376,69.93796784,370.00781250,65.83593750
1,5071,3,970.01291868,70.05453129,970.02343750,68.15625000
1,5267,3,352.04480344,287.90032445,347.11718750,287.58593750
1,491,16,810.95739176,644.08432192,813.23437500,647.64062500
1,2426,14,1151.99825918,293.89025416,1153.41406250,296.09375000
1,3102,5,939.03816164,953.10474904,939.56250000,955.53125000
1,337,19,581.44976513,752.87859368,573.97656250,756.82812500
1,4905,6,69.91862383,653.00682766,67.98437500,652.32031250
1,166,19,1151.99336703,774.01239275,1145.90625000,775.82812500
1,1101,4,756.75945917,728.24162202,756.88281250,732.85156250
1,3832,18,1209.00967483,459.88797918,1210.87500000,462.17968750
1,4448,12,1152.02560813,654.11347929,1156.14843750,652.82031250
1,2793,8,669.90849744,70.02793572,671.90625000,66.53906250
1,4143,14,1170.71026873,825.20865834,1170.46093750,827.40625000
1,3284,5,989.14278753,108.36170781,991.19531250,106.32031250
1,3656,20,1183.96341200,319.93026222,1184.12500000,322.34375000
1,4758,9,229.04034204,707.91105088,223.79687500,709.07031250
1,2288,17,641.76464350,103.21834487,643.29687500,98.25781250
1,4302,9,667.34672452,254.83937083,669.82812500,250.89843750
1,4614,9,939.05114564,952.90828851,942.28125000,955.21875000
1,639,13,70.01566978,112.99373016,77.53125000,111.23437500
1,3455,2,552.04435524,908.00466154,546.61718750,911.80468750
1,2940,8,1152.04808541,894.12073692,1150.48437500,892.38281250
1,2605,14,553.55552955,910.24110903,550.67187500,913.60156250
1,2106,17,578.89054026,953.00724924,578.59375000,958.16406250
1,3983,15,809.39911234,189.13424558,812.94531250,188.03125000
1,1945,20,432.00356723,908.04992473,423.47656250,910.78906250
1,1571,1,1208.92238567,670.07994178,1212.17187500,667.79687500
1,1789,20,790.05354522,69.87354095,787.57031250,66.47656250
1,5072,6,330.49534521,351.48973952,324.45312500,350.14062500
1,802,10,1209.04025951,279.97211217,1209.56250000,283.21093750
1,3833,17,112.85892265,484.50735788,108.14843750,482.42968750
1,3284,2,280.04096992,70.08216191,285.08593750,64.18750000
1,1102,7,459.00747273,953.03149759,458.60156250,956.69531250
1,4614,6,387.28829523,688.98778399,381.90625000,690.72656250
1,4303,12,610.02279913,70.03422671,608.40625000,67.17968750
1,4906,6,70.01155133,623.05470733,67.74218750,622.63281250
1,1412,4,1027.01298663,114.09300146,1029.20312500,114.02343750
1,5268,3,592.08631850,287.94605117,590.32812500,285.06250000
1,167,19,1151.90767034,833.96279902,1144.82031250,835.32031250
1,492,16,466.94089735,644.01959372,464.03125000,645.37500000
1,4143,15,70.02629820,832.91284115,69.50781250,828.14843750
1,3103,8,364.37442322,904.72689379,363.18750000,904.69531250
1,337,16,728.90437423,953.02017844,728.01562500,958.00000000
1,2288,14,639.90453984,69.90531511,640.61718750,67.28125000
1,949,10,127.09942778,547.89420418,125.32812500,545.58593750
1,4449,12,1152.02812155,713.93876769,1155.67187500,712.57812500
1,2794,11,573.66625951,101.16784904,571.49218750,98.19531250
1,640,16,1141.49222226,392.93716404,1144.93750000,396.44531250
1,1271,1,914.26746931,197.38089735,916.03125000,192.46093750
1,3984,18,589.09798973,192.99198481,589.90625000,188.59375000
1,2427,14,1151.97335750,353.97540864,1153.91406250,355.90625000
1,3656,21,69.92287303,322.90000596,62.82031250,321.41406250
1,3456,2,492.07521395,907.90612017,485.92968750,910.64062500
1,2605,11,728.89743583,953.04907904,732.75000000,956.23437500
1,4759,9,228.89516813,587.99063052,223.15625000,588.03125000
1,2107,20,740.41639053,907.29091919,734.60937500,912.53125000
1,2941,8,1152.12003228,907.91341766,1150.39062500,905.72656250
1,1945,17,859.23685921,952.12805565,861.37500000,957.01562500
1,1571,2,98.43807843,661.31722829,95.19531250,655.00000000
1,1790,20,819.95931459,69.90324530,817.60937500,66.84375000
1,5072,3,1000.01364372,70.09548967,999.75781250,68.47656250
1,803,10,1209.00257303,309.95123972,1209.91406250,313.07031250
1,4615,9,908.88847033,952.97423655,911.92187500,955.71093750
1,5269,6,421.94157564,100.54489047,418.50781250,98.74218750
1,3285,5,959.37461190,108.50074351,961.59375000,106.01562500
1,168,19,1151.99808659,893.93635390,1143.66406250,894.51562500
1,1412,1,281.08935307,328.11734715,277.60156250,328.48437500
1,4303,9,638.90614816,247.03812956,640.82812500,242.90625000
1,4907,6,69.98358171,592.95841994,67.57031250,592.75000000
1,1102,4,784.76172961,720.45025482,785.54687500,724.94531250
1,3833,18,1208.94880310,490.03072753,1210.81250000,492.26562500
1,1272,4,399.92546384,69.93484698,399.83593750,65.53125000
1,493,16,552.93538360,443.91744351,552.58593750,442.11718750
1,3984,15,693.69577299,156.77385246,695.80468750,154.51562500
1,640,13,70.01444204,83.07875103,78.78906250,82.14843750
1,3103,5,908.89652632,952.95081929,909.42968750,955.74218750
1,4450,12,1151.90112553,773.99341857,1154.85156250,772.24218750
1,2289,17,611.73988092,103.22408025,613.05468750,98.25000000
1,4144,14,1170.53853249,795.40233262,1170.73437500,797.90625000
1,338,19,609.61907109,760.69592805,602.77343750,764.85937500
1,2794,8,700.08010844,70.09454901,702.88281250,66.75000000
1,2941,5,116.36123528,948.47900249,116.60156250,944.77343750
1,950,10,127.11648300,488.10316338,125.67187500,485.57812500
1,2428,14,1152.00837195,413.93338049,1154.32031250,415.82031250
1,3657,20,1183.96467840,290.01616548,1183.84375000,292.46875000
1,3457,2,432.02320161,908.11035856,425.52343750,909.60156250
1,2606,14,583.34374414,910.20892236,580.57031250,913.78906250
1,4760,9,228.92854505,467.90654375,223.46875000,466.50781250
1,2107,17,548.93319395,952.95698071,548.37500000,957.85937500
1,1946,20,372.00354813,907.94303524,363.20312500,909.78906250
1,1572,1,1208.94065555,700.01145068,1212.00781250,697.71093750
1,1791,20,849.96203207,69.94495404,847.92187500,67.30468750
1,5073,6,302.78684473,359.28717742,296.71093750,358.21875000
1,1103,7,429.02271770,952.95668300,428.85156250,956.39062500
1,338,16,699.01010660,953.02780153,697.72656250,957.87500000
1,3985,18,708.93169635,193.10059664,711.75000000,189.14062500
1,2942,8,1092.08587720,908.10375996,1091.55468750,906.94531250
1,2429,14,1152.11412807,473.90432390,1154.54687500,475.85937500
1,2108,20,770.27121953,907.35842369,764.85156250,912.60937500
1,5269,3,832.00661705,288.06979740,834.79687500,284.12500000
1,3657,21,69.92922620,292.87640598,63.29687500,291.45312500
1,1413,4,1087.10609638,113.97994303,1088.23437500,115.24218750
1,4908,6,70.07193108,563.00339577,67.47656250,562.98437500
1,2606,11,698.94088800,953.05826762,702.66406250,956.42968750
1,4304,12,640.06192060,69.88845456,638.87500000,66.92968750
1,4761,9,228.91260787,348.05221583,224.26562500,345.45312500
1,1272,1,885.68988475,205.26274326,887.37500000,200.28906250
1,494,16,725.11469830,443.96461271,727.89843750,443.42968750
1,4451,12,1151.94837803,833.95823903,1154.05468750,831.59375000
1,4144,15,69.86357246,802.90680077,68.96093750,798.53125000
1,3458,2,372.01929848,908.11039492,365.46093750,908.21875000
1,3104,8,394.21833887,904.59317885,392.67187500,905.06250000
1,2795,11,543.82488495,101.40065803,540.93750000,98.62500000
1,4615,6,415.36905570,696.67248187,410.45312500,698.57812500
1,3285,2,309.99617800,69.99968279,314.73437500,63.98437500
1,951,10,127.04495401,428.02177164,125.79687500,425.20312500
1,3834,17,112.91835231,514.18947815,108.05468750,512.32812500
1,169,19,1152.05499194,908.07594761,1143.45312500,908.42968750
1,641,16,1099.79689036,350.77018933,1104.25000000,353.60156250
1,2289,14,670.06037002,69.91684205,670.88281250,67.42968750
1,804,10,1209.04813602,339.98195688,1210.16406250,343.02343750
1,1572,2,98.39045275,691.08749049,94.96093750,684.75000000
1,1946,17,919.68245024,952.22433024,922.19531250,956.49218750
1,1792,20,880.07816391,69.99875282,878.01562500,67.76562500
1,5073,3,1030.01106328,69.93280526,1029.46875000,68.66406250
1,1103,4,812.83070585,712.75857599,813.73437500,717.26562500
1,5270,6,330.42926199,126.50522513,326.53906250,125.85156250
1,1273,4,429.89294117,70.02608764,429.59375000,65.34375000
1,952,10,126.88159991,367.97424763,126.35156250,365.02343750
1,2430,14,1152.03856311,534.01866074,1154.54687500,536.21093750
1,3985,15,577.47117758,124.19879459,578.38281250,121.44531250
1,2108,17,518.92706913,952.89457769,518.02343750,957.61718750
1,2795,8,730.04006481,69.91860977,733.55468750,66.80468750
1,4616,9,878.89993266,953.09037619,881.88281250,956.17968750
1,4909,6,70.02234363,532.98094078,67.29687500,533.16406250
1,1413,1,225.06554853,343.74336418,222.27343750,344.99218750
1,3104,5,878.90874243,953.03897578,879.60156250,956.10937500
1,4762,9,228.99983369,227.92308161,225.99218750,224.89843750
1,339,19,638.02545460,768.68078270,631.48437500,772.94531250
1,495,16,724.97347270,577.91429243,726.89843750,579.79687500
1,3459,2,311.94442656,907.90603133,305.50781250,906.46875000
1,3286,5,929.52056373,108.62875966,931.92187500,105.68750000
1,2942,5,176.85495081,948.38187497,175.42187500,946.19531250
1,641,13,127.08644935,114.01764551,132.59375000,111.35937500
1,805,10,1208.94287968,369.93305325,1210.17968750,372.86718750
1,4145,14,1170.77947882,765.75635286,1171.53125000,768.55468750
1,4304,9,610.42497585,239.34568652,611.67968750,235.04687500
1,2607,14,613.10109515,910.18866631,610.69531250,913.98437500
1,4452,12,1151.92975976,893.93164093,1153.09375000,890.47656250
1,3834,18,1208.99985882,519.91798431,1210.63281250,522.18750000
1,170,19,1092.00910405,908.04127055,1085.04687500,909.42968750
1,3658,20,1184.10410201,260.22277829,1183.68750000,262.74218750
1,2290,17,581.94610590,103.21779176,582.64843750,98.25000000
1,1947,20,311.92408804,907.88657568,303.32812500,908.62500000
1,1573,1,1209.07042185,730.05219301,1212.20312500,727.71875000
1,1793,20,910.07186679,70.06414358,908.17968750,68.28125000
1,5074,6,275.15044805,366.90486757,269.03125000,366.10937500
1,1104,7,398.89580358,952.95155969,398.51562500,955.92187500
1,5270,3,925.94488051,287.98881525,929.89062500,284.04687500
1,4910,6,70.08948714,503.00863363,67.25781250,503.32812500
1,2796,11,513.92876801,101.36931833,510.92187500,98.90625000
1,2109,20,799.94596088,907.18595322,794.92187500,912.42968750
1,1273,1,857.02529503,213.07431292,858.79687500,208.06250000
1,953,10,126.86789628,308.06747337,127.25781250,305.24218750
1,2431,14,1152.04187111,593.94272800,1154.32031250,596.26562500
1,3105,8,423.92918905,904.47163098,422.39843750,905.42187500
1,3986,18,829.05775563,193.07365769,833.46093750,190.20312500
1,4616,6,443.35135416,704.28029809,438.75781250,706.43750000
1,1414,4,1147.11663449,113.97513759,1147.14062500,116.75000000
1,339,16,668.89044984,952.93337449,667.51562500,957.66406250
1,4763,9,351.95523285,288.06892364,348.39062500,284.32031250
1,496,16,553.06405656,577.99821484,552.06250000,578.82812500
1,2943,8,1031.94046183,908.08387618,1032.50781250,907.88281250
1,642,16,1044.15306694,335.32740653,1049.21875000,337.20312500
1,3286,2,340.03609641,69.92851562,344.50000000,63.83593750
1,3460,2,251.91981307,907.99896249,245.76562500,904.88281250
1,806,10,1208.94615298,400.01277880,1210.25000000,402.98437500
1,4145,15,70.11883376,773.02724206,68.98437500,769.07031250
1,2607,11,669.01660921,953.05541822,672.47656250,956.56250000
1,4305,12,669.89634580,70.07898766,668.93750000,67.00781250
1,4453,15,120.98260653,945.34031913,120.26562500,939.78906250
1,170,16,192.99214248,939.86024729,191.72656250,937.31250000
1,2290,14,699.98542804,69.94036366,701.19531250,67.61718750
1,3658,21,70.07480829,262.98737773,63.83593750,261.75000000
1,3835,17,112.82489652,544.11527762,108.01562500,542.39843750
1,1947,17,980.23112294,952.26957446,982.57031250,955.75781250
1,1573,2,98.45301099,720.95495532,95.03125000,714.55468750
1,1794,20,939.96629001,69.88653445,938.27343750,68.61718750
1,5074,3,1059.92744123,69.93253592,1059.07031250,69.14062500
1,3986,15,460.10224356,91.44616212,460.53125000,88.98437500
1,3105,5,849.04842271,953.11504653,849.57812500,956.47656250
1,1414,1,169.25556200,359.20169480,167.20312500,361.37500000
1,340,19,666.24396603,776.38525293,660.13281250,780.80468750
1,4453,12,1151.97810905,907.88009038,1152.95312500,904.16406250
1,807,10,1209.09693280,429.95110338,1210.42187500,432.96093750
1,2796,8,760.04612295,70.00904707,763.66406250,67.11718750
1,4911,6,70.01056963,473.03965776,67.21093750,473.59375000
1,2291,17,552.12087520,103.19955835,552.09375000,98.28125000
1,2432,14,1152.12234413,654.05548326,1153.91406250,656.44531250
1,4146,14,1170.62586313,736.00505401,1171.76562500,738.93750000
1,1104,4,840.96480319,704.97984718,842.49218750,709.38281250
1,2608,14,642.84399305,910.18031616,641.05468750,914.14843750
1,3461,2,192.11428289,907.88395231,187.09375000,902.96093750
1,4305,9,582.16835380,231.37945758,582.95312500,227.03125000
1,4764,9,591.97600564,287.90401604,592.29687500,284.02343750
1,954,10,126.99998676,247.93349265,128.53906250,245.44531250
1,5271,3,925.88056933,527.98784078,932.41406250,526.27343750
1,2109,17,489.09928570,953.07483436,487.81250000,957.48437500
1,642,13,187.14250113,114.04872057,191.05468750,110.63281250
1,3287,5,899.83061346,108.48967070,902.17968750,105.21093750
1,1274,4,460.02546778,69.98963431,460.00000000,65.15625000
1,3835,18,1208.89582123,550.05288073,1210.39062500,552.25781250
1,2943,5,237.41825342,948.49753261,234.62500000,947.71093750
1,3659,20,1184.12894976,230.28567821,1183.53125000,233.00000000
1,4617,9,849.02278839,953.08054326,851.76562500,956.50000000
1,171,19,1032.09890498,908.02694664,1026.19531250,910.31250000
1,497,16,604.96344768,484.03506046,605.48437500,483.39843750
1,1948,20,251.90421274,907.87614557,244.16406250,907.34375000
1,1574,1,1209.06200123,759.96322490,1212.18750000,757.65625000
1,5075,6,247.33774267,374.51971910,241.26562500,373.90625000
1,1795,20,970.00998612,69.97535245,967.93750000,69.24218750
1,4912,6,70.05340453,443.03147900,67.21093750,443.74218750
1,808,10,1209.11100433,459.93696805,1210.43750000,463.02343750
1,4146,15,69.97445855,743.07870033,68.50000000,739.32031250
1,2433,14,1151.99930945,714.01525298,1153.15625000,716.31250000
1,955,10,126.97329626,187.89894822,129.91406250,186.15625000
1,2608,11,639.10837031,953.04054390,642.03906250,956.64062500
1,4306,12,699.96279875,70.10505280,699.44531250,66.92968750
1,3106,8,453.76694387,904.61247935,452.41406250,905.91406250
1,4617,6,471.24152560,711.98707576,467.19531250,714.30468750
1,2797,11,483.96321521,101.32593152,480.64843750,99.23437500
1,1274,1,828.27408299,221.03735836,829.70312500,216.07031250
1,340,16,639.08522230,953.06794879,637.39062500,957.61718750
1,3462,2,131.88295627,908.06756302,128.39062500,901.23437500
1,498,16,674.01126252,484.01597659,675.65625000,483.83593750
1,1105,7,369.10818185,953.08744837,368.69531250,955.64843750
1,4454,15,180.08327072,928.84953722,177.41406250,925.26562500
1,2944,8,972.11238287,908.11052410,973.57031250,908.85937500
1,1415,4,1151.99695149,113.93194377,1151.74218750,116.77343750
1,171,16,251.59307029,923.50561349,249.19531250,922.59375000
1,3987,18,949.07900105,193.05143109,954.05468750,191.85156250
1,4765,12,408.36655140,82.32329792,405.25781250,81.32031250
1,3836,17,112.84414963,573.82259447,108.06250000,572.27343750
1,643,16,988.48888043,320.01834160,994.15625000,320.92187500
1,2291,14,729.94302049,69.97595216,731.68750000,67.89062500
1,2110,20,829.96059199,907.27762348,825.12500000,912.44531250
1,3287,2,369.92610014,70.12700690,374.34375000,64.01562500
1,5272,3,925.89473381,732.96049354,933.27343750,733.23437500
1,3659,21,70.10492135,232.94831182,64.53906250,231.96093750
1,1948,17,1040.74088851,952.26823805,1042.39062500,954.85937500
1,1574,2,98.37900242,750.69799566,94.92187500,744.28906250
1,5075,3,1090.06854055,69.98465604,1088.66406250,69.61718750
1,1796,20,999.97161290,70.07544204,997.91406250,69.89062500
1,4913,6,69.94549179,412.94325423,67.33593750,413.82031250
1,2609,14,672.83461495,910.18394249,671.65625000,914.23437500
1,3106,5,819.04310010,952.92535154,819.31250000,956.51562500
1,2434,14,1151.92042673,773.94597762,1152.21093750,775.92187500
1,956,10,127.01331691,128.10556477,131.43750000,127.46093750
1,809,10,1209.00705035,490.01884308,1210.83593750,493.19531250
1,4618,9,819.00070604,952.98669386,821.45312500,956.65625000
1,341,19,694.71346399,784.45457206,689.05468750,788.96875000
1,1275,4,490.05747663,70.02282745,490.14062500,65.03906250
1,2797,8,790.11736732,70.11174926,794.11718750,67.45312500
1,4306,9,553.59744608,223.49078100,553.73437500,219.03125000
1,1105,4,868.69246083,697.17425216,870.66406250,701.50000000
1,2944,5,297.65220434,948.56561752,293.91406250,949.03125000
1,1415,1,164.73932706,360.49535597,162.92187500,362.74218750
1,4454,12,1091.90664145,908.05302943,1094.32812500,905.67968750
1,3463,2,127.10106402,908.10399000,123.88281250,901.10156250
1,4147,14,1170.61535492,706.13488747,1172.11718750,709.25781250
1,3988,18,1049.06645337,193.00520049,1053.16406250,193.52343750
1,3836,18,1208.90613409,579.97129905,1210.20312500,582.15625000
1,2292,17,522.24768452,103.16934617,521.46093750,98.33593750
1,4765,9,832.10138849,287.99892144,837.60937500,285.44531250
1,499,16,674.10266458,538.02559131,675.39062500,538.75781250
1,172,19,971.97177857,907.97255055,966.77343750,911.03906250
1,643,13,246.95212152,113.94049826,249.50000000,110.03906250
1,2110,17,458.94582562,952.98802677,457.52343750,957.06250000
1,3288,5,870.02069837,108.59446094,872.30468750,104.96093750
1,3660,20,1184.02882308,200.43411385,1183.10156250,203.32812500
1,5273,3,685.94908628,733.01371950,689.63281250,736.43750000
1,1949,20,192.09131429,907.90997398,185.50781250,905.94531250
1,1575,1,1208.90091198,790.00014339,1211.89062500,787.62500000
1,5076,6,219.83771099,382.10504161,214.00000000,381.75781250
1,1797,20,1029.87933010,69.93221411,1027.73437500,70.35156250
1,4914,6,69.98930039,383.03535918,67.51562500,384.18750000
1,1416,4,1151.96325225,173.93372075,1152.64062500,175.84375000
1,500,16,605.05915791,537.95695780,605.33593750,538.25781250
1,3837,17,112.96947872,603.56433937,108.14062500,602.15625000
1,4766,12,316.51848570,108.32016513,313.05468750,108.56250000
1,957,10,228.91375129,192.88945790,229.14062500,189.58593750
1,2292,14,759.94944822,70.02365151,762.28906250,68.23437500
1,810,10,1209.05138547,519.93329216,1210.79687500,523.19531250
1,3288,2,399.91544712,70.07922897,404.29687500,63.93750000
1,2111,20,859.83134539,907.38068155,855.18750000,912.43750000
1,4618,6,499.29302577,719.82156211,495.67968750,722.34375000
1,2798,11,454.16680409,101.52304764,450.90625000,99.76562500
1,1106,7,338.94040350,953.04287605,338.86718750,955.22656250
1,644,16,932.50136148,304.35843912,938.35937500,304.25000000
1,2945,8,911.97115768,907.93113097,914.03125000,909.53125000
1,3660,21,70.00906414,202.98481444,65.05468750,202.28125000
1,4307,12,730.03463141,69.99209393,729.78125000,66.85156250
1,3464,2,127.09705618,848.03824268,123.43750000,842.02343750
1,3989,18,1049.08884318,313.06478029,1054.35156250,313.26562500
1,5274,3,445.88275590,732.94031535,445.04687500,737.89062500
1,2435,14,1151.86722753,833.98596888,1151.22656250,835.39062500
1,4147,15,69.97508249,713.00127761,68.18750000,709.51562500
1,172,16,310.21227193,907.18695982,307.02343750,907.67968750
1,1275,1,799.64827553,228.89630998,800.88281250,224.01562500
1,2609,11,608.95283501,953.01336895,611.24218750,956.69531250
1,4455,15,238.85539289,912.80338355,234.71093750,910.99218750
1,3107,8,483.75723599,904.51339011,482.21875000,906.25000000
1,341,16,608.99035873,952.90659926,607.03906250,957.27343750
1,1949,17,1101.06105632,952.22211582,1101.73437500,953.77343750
1,1575,2,98.15353767,780.57603988,94.60156250,773.94531250
1,5076,3,1119.94313192,69.97910851,1117.94531250,70.14843750
1,1798,20,1059.97434207,70.05551753,1057.23437500,71.14062500
1,501,16,628.99542815,503.08677354,629.76562500,503.00781250
1,811,10,1208.98173871,550.03307747,1210.65625000,553.33593750
1,1106,4,896.78035152,689.44734964,898.89843750,693.67187500
1,3990,18,1049.07913474,433.00698007,1054.78906250,433.85937500
1,4766,9,926.02149429,287.92349902,932.92187500,286.26562500
1,958,10,349.11650114,192.91559515,348.48437500,188.72656250
1,3465,2,127.10890883,787.97707416,123.31250000,782.43750000
1,2436,14,1152.08013867,894.00787136,1150.25000000,894.50781250
1,4915,6,69.88969458,352.96696062,67.60156250,354.38281250
1,644,13,306.98052201,114.09313752,308.65625000,109.77343750
1,4307,9,524.93563959,215.71613909,524.61718750,211.21093750
1,2945,5,358.17092589,948.84250280,354.14062500,950.37500000
1,2798,8,820.02667960,69.97171524,823.98437500,67.63281250
1,1276,4,520.03654858,69.90426903,520.17187500,64.82812500
1,4148,14,1170.75132217,676.37861986,1172.66406250,679.63281250
1,1416,1,143.57309881,305.69157479,142.45312500,308.39062500
1,4619,9,789.10451700,952.96653350,791.33593750,956.84375000
1,3661,20,1184.05833406,170.65611767,1182.59375000,173.85937500
1,3289,5,840.08592734,108.68795550,842.32812500,104.71093750
1,173,19,912.03079240,907.91625504,907.21875000,911.64843750
1,3107,5,788.89205177,952.97825033,789.26562500,956.71875000
1,2610,14,702.59764990,910.19949386,702.11718750,914.31250000
1,4455,12,1032.00051183,907.88176595,1035.56250000,906.75781250
1,5275,3,352.07505941,732.96697991,350.40625000,738.07031250
1,3837,18,1209.02401221,609.93100871,1209.90625000,612.03906250
1,2293,17,492.30966994,103.12710434,491.25000000,98.43750000
1,342,19,723.26988811,792.25895373,717.89843750,796.80468750
1,1950,20,132.13053078,907.98869786,127.21093750,904.52343750
1,1576,1,1208.87292541,819.95390300,1211.89843750,817.47656250
1,5077,6,192.13347713,389.67554439,186.61718750,389.57812500
1,1799,20,1090.04572191,69.93542378,1087.01562500,71.64062500
1,502,16,650.08712950,503.05723056,651.36718750,503.06250000
1,3991,18,1048.89262570,553.08726058,1054.13281250,554.88281250
1,645,16,876.27029820,288.91734578,881.88281250,287.86718750
1,812,10,1209.05651185,580.04722198,1210.57812500,583.43750000
1,2946,8,851.92878102,908.05005955,853.93750000,910.32031250
1,3466,2,127.11211208,728.05175474,123.29687500,722.65625000
1,4308,12,759.91486767,69.99155119,759.96875000,66.87500000
1,1107,7,309.12853015,952.94877319,309.07031250,954.63281250
1,2437,14,1151.88606435,908.07128623,1149.63281250,908.32812500
1,3661,21,70.04384718,173.10968616,65.53125000,172.76562500
1,2799,11,424.26437843,101.45604425,420.91406250,100.16406250
1,4619,6,527.29781292,727.57031450,524.14843750,730.25000000
1,4767,9,926.02394993,527.95751060,933.01562500,529.09375000
1,2610,11,579.02820811,952.97431933,580.71875000,956.68750000
1,3289,2,430.02789742,70.04311307,434.42968750,63.97656250
1,1276,1,771.15114902,236.87106567,772.24218750,232.03125000
1,1417,4,1152.11657294,234.00711653,1153.41406250,235.46093750
1,4456,15,297.34302808,896.48423133,292.46093750,896.14843750
1,3838,17,112.94327991,633.35887998,108.25000000,632.09375000
1,959,10,469.07134773,193.07003846,468.82812500,188.33593750
1,4148,15,70.12400785,683.03338101,68.27343750,679.70312500
1,342,16,578.93300395,953.03490605,576.78125000,957.14843750
1,173,16,368.45148829,890.97621172,364.86718750,892.63281250
1,2112,20,889.56467581,907.24352863,885.21875000,912.16406250
1,5276,3,352.11292386,492.99084346,347.49218750,495.22656250
1,4916,6,69.95635969,322.98837567,67.96875000,324.71875000
1,1950,17,1161.54733571,952.13046800,1160.89843750,952.55468750
1,2293,14,790.02137321,70.08352282,792.45312500,68.58593750
1,3108,8,513.41418885,904.42716321,512.20312500,906.46093750
1,1576,2,98.06007665,810.35811977,94.63281250,803.50781250
1,5077,3,1150.06513659,70.04610157,1147.31250000,70.64843750
1,1800,20,1120.06882675,70.08074850,1116.69531250,72.44531250
1,3992,18,1049.01060976,672.93750769,1052.93750000,675.56250000
1,813,10,1209.00845436,610.03179048,1210.35156250,613.49218750
1,2946,5,418.59827651,948.81759208,414.72656250,951.23437500
1,503,16,650.04402415,519.08317876,651.29687500,519.32031250
1,1107,4,924.50576939,681.86950740,927.06250000,685.99218750
1,2438,14,1092.10169512,907.95532243,1091.28906250,909.16406250
1,645,13,366.95291471,113.96036406,368.21093750,109.34375000
1,3467,2,127.09457019,667.88666446,123.28906250,662.50781250
1,3662,20,1183.96653270,140.68691949,1181.82812500,144.31250000
1,4620,9,759.07339439,953.07073454,760.82031250,957.17968750
1,1417,1,121.67198990,249.49524630,121.63281250,252.89843750
1,3290,5,810.26077382,108.76934379,812.13281250,104.50781250
1,4456,12,972.09867130,908.05300539,976.06250000,907.96875000
1,2611,14,732.39523620,910.22697513,732.14843750,914.35937500
1,2799,8,850.02675032,70.09808540,854.10937500,68.10937500
1,1277,4,549.91605959,70.07685494,550.32812500,65.00781250
1,4308,9,496.42980714,207.87204804,495.64843750,203.35937500
1,5277,3,467.08131505,376.96607142,463.58593750,376.36718750
1,3838,18,1208.98821404,639.94302318,1209.59375000,641.96875000
1,4149,14,1170.51066080,646.46877001,1172.67968750,649.71093750
1,4768,9,926.08104771,732.94150074,931.88281250,736.39843750
1,4917,6,69.93656856,293.08236062,68.25000000,295.14843750
1,959,7,798.34136798,95.93436631,801.08593750,91.60156250
1,2294,17,462.54486344,103.32526997,461.10937500,98.77343750
1,3108,5,759.07068479,953.01866653,759.01562500,956.90625000
1,1951,20,127.08423846,908.01842717,122.10156250,904.39843750
1,343,19,751.64785061,800.17687686,746.57812500,804.73437500
1,174,19,851.88144531,908.02246774,846.92968750,912.25781250
1,2112,17,399.07438606,953.03421272,397.15625000,956.34375000
1,1577,1,1208.96604291,850.09332079,1211.82812500,847.50000000
1,5078,6,164.72155844,397.20750277,159.64843750,397.34375000
1,1801,20,1150.08925074,69.98241110,1145.96875000,73.00000000
1,3993,18,1049.03056772,793.05545880,1051.01562500,795.62500000
1,2947,8,792.09412149,907.96558147,793.08593750,910.60937500
1,960,10,589.07201734,193.04206848,590.17968750,188.40625000
1,504,16,628.95288606,519.05096802,629.75781250,519.17187500
1,4918,6,70.08141975,263.02755198,68.78906250,265.48437500
1,2439,14,1031.95442529,907.88136719,1032.20312500,909.89062500
1,2294,14,819.93135475,69.90076985,822.51562500,68.82812500
1,4149,15,69.89154693,652.93351503,67.94531250,649.67187500
1,3662,21,69.95640052,143.03053034,65.85156250,143.20312500
1,5278,3,810.91671782,376.99419035,814.25000000,373.89843750
1,1108,7,279.06991190,953.07043473,279.60156250,954.29687500
1,4620,6,555.51294483,735.25383131,552.96875000,738.03125000
1,3839,17,113.02667120,663.22837635,108.52343750,662.04687500
1,1418,4,1152.11714586,294.00520442,1154.01562500,295.39843750
1,2611,11,549.07118543,952.92318625,550.60937500,956.60937500
1,4768,6,329.73749770,900.44874146,327.07812500,900.78125000
1,1277,1,742.72617230,244.53582296,743.40625000,239.78125000
1,814,10,1209.09585474,640.01063242,1210.23437500,643.50781250
1,4309,12,790.10929013,70.02255986,790.41406250,66.97656250
1,2800,11,394.50310853,101.62973215,391.15625000,100.75000000
1,343,16,549.07569486,952.99985696,546.70312500,956.76562500
1,1951,17,1166.63571615,952.09934657,1166.06250000,952.39843750
1,646,16,819.73538658,273.19376798,824.71875000,271.24218750
1,4457,15,355.94849970,880.35086677,350.60156250,881.35937500
1,3290,2,460.02731352,70.01901955,464.71093750,64.07812500
1,3109,8,543.24883457,904.35226643,542.17968750,906.64843750
1,2113,20,919.44024393,907.36992622,915.00000000,912.07812500
1,3468,2,127.02622869,608.07905324,123.53125000,602.42968750
1,174,16,426.65974748,874.60768913,423.28906250,877.23437500
1,1577,2,98.08614017,840.30887354,94.67968750,833.18750000
1,5078,3,1179.93644533,70.07028979,1176.31250000,71.21093750
1,1802,20,1180.10245938,69.89480086,1175.67187500,73.64062500
1,3994,18,1049.06340312,827.99138060,1050.43750000,830.35937500
1,960,7,681.28161204,128.79672800,682.86718750,123.70312500
1,2612,14,762.24036312,910.01498549,762.25000000,914.16406250
1,175,19,791.92805749,908.09051916,786.71093750,912.64062500
1,3291,5,780.52863146,108.83873098,782.39843750,104.34375000
1,3469,2,126.90263372,548.00756604,123.94531250,541.96875000
1,505,16,1136.90805954,404.52112488,1139.78125000,408.00781250
1,3663,20,1184.00318851,110.76195348,1181.15625000,114.78906250
1,5279,3,810.89907871,644.00832790,816.26562500,644.95312500
1,2440,14,971.88052201,908.10434782,972.57031250,910.82031250
1,2295,17,432.67899147,103.25944745,431.17187500,98.92968750
1,1108,4,952.34576242,674.04719548,954.80468750,678.04687500
1,2947,5,478.78986333,948.99797320,476.03906250,952.12500000
1,1278,4,580.05144927,69.93734522,580.71875000,64.87500000
1,4621,9,729.10080962,953.06528848,730.57031250,957.27343750
1,3839,18,1209.06354248,670.03855242,1209.25000000,671.93750000
1,815,10,1209.05130376,670.04807997,1209.71093750,673.54687500
1,646,13,427.09298804,114.02505709,428.47656250,109.27343750
1,1418,1,99.38943473,191.90219510,100.62500000,196.46093750
1,4309,9,467.57727290,199.90091943,466.41406250,195.39843750
1,4769,9,686.07610239,733.04311519,687.65625000,737.21875000
1,3109,5,729.06544777,953.04734011,728.76562500,957.00781250
1,344,19,780.36903062,808.04639302,775.79687500,812.64843750
1,2800,8,879.89642473,69.98160185,884.03906250,68.36718750
1,1952,20,126.91573442,848.11670430,121.10156250,845.50000000
1,4919,6,69.89059691,232.99635340,69.21875000,235.92968750
1,1578,1,1208.93803909,879.90207335,1211.83593750,876.95312500
1,4150,14,1170.68085937,616.64137893,1173.05468750,619.89062500
1,2113,17,369.08347571,952.91231061,367.23437500,955.81250000
1,4457,12,911.88942847,908.01138424,916.10156250,908.79687500
1,5079,6,138.11777536,404.68381774,133.55468750,405.03125000
1,1803,20,1209.01195022,70.06576621,1203.52343750,74.44531250
1,3995,18,928.94921827,828.06849677,931.38281250,831.35937500
1,961,10,708.94991974,192.95122735,711.88281250,189.00781250
1,3291,2,489.93015613,70.00687266,494.52343750,64.21093750
1,2612,11,519.06087535,953.11412029,520.37500000,956.67968750
1,4621,6,583.69287113,743.03627797,581.63281250,745.90625000
1,1109,7,249.09349050,953.08541388,249.93750000,953.71875000
1,3840,17,112.96926580,692.94069437,108.53906250,691.85156250
1,1419,4,1152.08330347,354.04808946,1154.36718750,355.57812500
1,816,10,1209.11021211,700.00480232,1209.44531250,703.42187500
1,4310,12,820.11280332,69.93526273,820.65625000,67.01562500
1,4770,9,445.96159493,732.90318097,442.56250000,736.22656250
1,2295,14,849.93272293,69.98438955,852.39062500,69.32812500
1,3663,21,69.99840536,113.01288044,66.23437500,113.63281250
1,1278,1,714.17472689,252.54626051,714.53906250,247.95312500
1,2441,14,911.99958620,908.12293210,912.93750000,911.40625000
1,1953,20,127.02823323,787.97817123,120.39062500,785.86718750
1,175,16,484.48606523,858.38520501,481.41406250,861.80468750
1,3110,8,573.03032889,904.28939009,572.11718750,906.81250000
1,2801,11,364.61122603,101.79460753,361.38281250,101.41406250
1,505,13,69.97501423,69.97349019,79.85156250,69.23437500
1,2948,8,732.10085868,907.92869326,732.84375000,910.77343750
1,3470,2,126.97709520,488.01922807,124.76562500,481.66406250
1,5280,3,467.09164487,643.98979758,465.36718750,647.82812500
1,4150,15,70.07515777,622.90058533,68.02343750,619.72656250
1,1578,2,97.99299281,869.93960287,94.82812500,862.37500000
1,4919,3,1208.64658395,257.21793603,1209.46093750,254.87500000
1,344,16,518.94647873,953.10850361,516.17968750,956.53906250
1,2114,20,949.45873180,907.25718063,945.21093750,911.74218750
1,647,16,763.21628756,257.62445398,767.72656250,254.81250000
1,4458,15,414.01862038,864.26993527,408.75781250,866.28906250
1,5079,3,1209.04191431,69.92371850,1204.53906250,71.60937500
1,3996,21,476.62536184,937.07155517,468.57031250,941.24218750
1,1803,21,95.00166006,75.78751493,89.92968750,75.68750000
1,961,7,565.17177446,161.45822170,564.96875000,156.38281250
1,3292,5,750.62600694,108.89663507,752.06250000,104.20312500
1,2613,14,792.15567403,910.06646492,792.39062500,914.13281250
1,2296,17,402.70014606,103.18154807,401.10937500,99.12500000
1,1954,20,127.10592452,727.97528529,119.83593750,726.23437500
1,2442,14,851.94751927,907.93638140,852.72656250,911.61718750
1,1109,4,980.09533195,666.35514124,982.82812500,670.25000000
1,817,10,1209.00147880,729.95133927,1208.96093750,733.30468750
1,1419,1,76.54995503,132.77354187,79.43750000,139.03125000
1,3840,18,1208.99611883,699.97172838,1208.58593750,701.74218750
1,3664,20,1183.89703510,80.86694571,1180.60156250,85.46093750
1,4310,9,438.82785714,192.07680787,437.28125000,187.60156250
1,4771,9,351.88729634,732.92799480,347.35156250,735.47656250
1,4622,9,698.92227416,952.99389972,699.92968750,957.30468750
1,2114,17,338.93817419,953.03218154,336.84375000,955.46093750
1,3110,5,699.10874452,953.06393399,698.59375000,957.05468750
1,5281,3,553.03624018,443.95600756,551.40625000,443.62500000
1,176,19,732.04354375,908.09664522,726.45312500,912.80468750
1,1279,4,609.87291012,70.05267595,610.71093750,65.07812500
1,2801,8,909.89573173,69.87425808,913.85937500,68.67968750
1,1579,1,1209.04060244,909.92931851,1212.00000000,906.82031250
1,345,19,808.94405268,816.03071688,804.29687500,820.53906250
1,506,16,1109.56876049,396.99288722,1113.91406250,400.11718750
1,3471,2,126.98975535,427.97307960,125.69531250,421.24218750
1,647,13,486.94942172,113.94090986,488.36718750,109.28906250
1,4458,12,851.98666787,908.06302380,856.05468750,909.60937500
1,4151,14,1170.48009571,586.87074015,1173.15625000,590.12500000
1,2948,5,539.13035006,949.13047291,536.68750000,952.73437500
1,4920,6,69.94608901,203.05876883,69.76562500,206.59375000
1,5080,6,127.47005158,377.95686162,123.45312500,378.57812500
1,1804,20,1208.98653066,100.04607346,1203.93750000,103.75781250
1,3996,18,809.08235751,827.93305780,810.75781250,831.67187500
1,962,10,829.04112619,192.97132544,832.96875000,190.14843750
1,3292,2,520.00114493,70.00666061,524.95312500,64.37500000
1,2296,14,880.04712850,70.08025704,882.38281250,69.90625000
1,4311,12,849.96880512,69.94872054,850.54687500,67.22656250
1,3472,2,126.93958738,367.97015744,126.78906250,360.87500000
1,1955,20,126.87299008,667.98365916,119.38281250,666.18750000
1,1110,7,218.93418603,952.94015418,220.14843750,952.92187500
1,818,10,1209.00051746,760.04586033,1208.37500000,763.21093750
1,5080,3,1209.00440261,100.05638684,1205.33593750,100.76562500
1,2443,14,792.11772256,908.05225971,792.57812500,911.96093750
1,2949,8,672.06607818,907.94003289,672.05468750,910.75000000
1,4622,6,612.09999271,750.94694522,610.59375000,753.95312500
1,4920,3,1197.33383488,285.27873833,1199.10156250,282.53125000
1,3841,17,113.02089098,722.76115359,108.89062500,721.63281250
1,1420,4,1151.87945392,413.94597934,1154.37500000,415.79687500
1,4772,9,351.93072299,493.03278562,346.84375000,492.27343750
1,2115,20,979.40031585,907.40701995,975.22656250,911.62500000
1,3111,8,603.02074562,904.23810164,602.47656250,906.96093750
1,176,16,542.06241882,842.29591216,539.53906250,846.37500000
1,648,16,706.38277530,241.84032609,710.27343750,238.32812500
1,4459,15,471.95080008,848.44043322,467.11718750,851.22656250
1,5282,3,724.95763963,443.99456968,727.48437500,442.38281250
1,1279,1,685.90405561,260.22569129,685.93750000,255.84375000
1,506,13,99.85648753,69.96852353,107.64843750,69.02343750
1,1579,2,98.02865316,899.76809777,95.00000000,891.76562500
1,345,16,488.98739830,953.06181165,486.32031250,956.08593750
1,2802,11,334.56219256,101.69203073,331.38281250,101.85937500
1,4151,15,69.88306362,592.94057595,67.96093750,589.82812500
1,3664,21,69.89648257,83.00780663,66.84375000,84.35937500
1,2613,11,488.98908993,953.03863207,490.14062500,956.51562500
1,1804,21,94.97226642,105.61397919,89.25000000,104.77343750
1,3997,21,594.08458035,904.11911259,587.57031250,909.12500000
1,962,7,449.63096395,193.84374201,448.13281250,189.33593750
1,3293,5,720.78494421,108.94250031,721.71093750,104.07812500
1,2297,17,372.85168202,103.34423583,371.07031250,99.53906250
1,3473,2,127.10932177,308.11458073,128.27343750,301.02343750
1,4311,9,410.18819737,184.18187905,408.51562500,179.82031250
1,4623,9,669.04929419,952.98529631,669.64062500,957.31250000
1,177,19,672.10230182,908.00737988,666.01562500,912.80468750
1,819,10,1209.05091896,790.01175174,1207.58593750,793.03125000
1,1110,4,1008.01908206,658.77255360,1010.93750000,662.52343750
1,4773,9,466.90759700,377.07214858,464.42187500,374.43750000
1,4921,6,69.96209171,173.05152589,70.29687500,177.22656250
1,4459,12,792.04939053,907.90541550,795.73437500,910.09375000
1,5081,6,116.75991783,351.06510775,113.18750000,351.89843750
1,2949,5,599.49969684,949.21427173,597.91406250,953.20312500
1,1956,20,127.09223874,608.10634757,119.39843750,606.12500000
1,3841,18,1209.03925256,730.02335162,1208.05468750,731.57812500
1,2444,14,731.87654111,907.96078049,731.99218750,911.98437500
1,3111,5,668.93719791,953.06846907,667.98437500,957.06250000
1,2115,17,308.89698850,952.88662960,306.75781250,954.80468750
1,1280,4,639.95042373,70.08081622,641.18750000,65.21093750
1,1421,4,1152.08226933,474.02127402,1154.52343750,476.28125000
1,5283,3,724.98163768,578.01009801,728.39062500,578.64062500
1,507,16,1081.94467878,389.42102290,1086.57031250,392.09375000
1,648,13,546.95591502,113.98346838,548.70312500,109.53125000
1,346,19,837.63263188,824.15550407,833.28125000,828.60156250
1,2802,8,940.03005359,70.03675350,943.95312500,69.33593750
1,2614,14,821.90703506,910.12947055,822.41406250,914.13281250
1,4152,14,1170.69279869,557.14198612,1173.45312500,560.32812500
1,3665,21,126.96056320,114.09549412,121.23437500,113.44531250
1,1805,20,1209.09178189,130.04886707,1204.35156250,133.25000000
1,3997,18,688.91939943,827.99564318,688.95312500,831.60156250
1,963,10,948.93997303,193.01687444,953.26562500,191.96875000
1,3293,2,550.00663505,70.01849027,555.39843750,64.56250000
1,2297,14,910.04771244,69.93332747,912.35937500,70.32031250
1,3474,2,126.97853625,248.03409844,129.64062500,241.07812500
1,5081,3,1208.96396692,130.00359155,1206.23437500,129.96875000
1,4312,12,879.93553189,70.01945847,880.69531250,67.52343750
1,1957,20,126.97907417,547.96964405,119.32812500,545.75781250
1,820,13,75.16884837,742.42908904,72.74218750,736.75000000
1,177,16,599.52120111,826.33656224,597.67187500,830.89062500
1,1111,7,188.99193029,953.07682769,191.13281250,952.49218750
1,4623,6,640.28627448,758.73436547,639.35156250,761.78125000
1,4921,3,1186.17332825,313.06420223,1188.82031250,310.02343750
1,3666,21,187.03708895,113.94267239,180.55468750,112.60937500
1,2950,8,612.10322128,907.99970991,611.64062500,910.62500000
1,4460,15,529.82749148,832.43551970,525.70312500,835.86718750
1,1280,1,657.45516943,268.04105479,656.98437500,263.92187500
1,3842,17,112.93635613,752.45565182,109.15625000,751.37500000
1,2116,20,1009.25945314,907.31640625,1005.27343750,911.25000000
1,4152,15,70.10965516,563.01540905,68.16406250,559.87500000
1,3112,8,632.74531120,904.19919602,632.39843750,907.09375000
1,2445,14,672.08761945,907.91804254,671.53125000,911.83593750
1,5284,3,553.06085597,577.98918878,552.63281250,580.03906250
1,2803,11,304.61279647,101.83021557,301.67968750,102.60156250
1,507,13,129.98159610,69.92799092,136.92968750,68.43750000
1,649,16,649.32101180,226.06985653,652.46093750,221.92968750
1,4774,9,810.95103294,377.02810528,816.10156250,375.39843750
1,1580,2,97.94031555,929.55800741,95.17187500,920.96093750
1,346,16,458.93961919,952.90657442,456.01562500,955.53125000
1,2614,11,459.08528118,952.95162863,460.02343750,956.28906250
1,1422,4,1151.96448276,533.95914631,1154.25000000,536.65625000
1,1805,21,95.07241440,135.48142011,88.61718750,134.07031250
1,3998,21,710.56501913,871.61385550,706.03906250,876.79687500
1,963,7,335.06122956,225.93057031,332.64062500,222.33593750
1,3294,5,690.98861680,108.97638447,691.87500000,103.99218750
1,2298,17,343.10348705,103.24372621,341.32031250,99.77343750
1,3475,2,127.10351604,188.08823113,131.46093750,181.47656250
1,4460,12,731.90358662,907.93480337,735.00781250,910.52343750
1,508,16,1054.28611015,381.81845859,1059.50000000,384.06250000
1,4775,9,811.07481223,643.97386914,815.51562500,646.78906250
1,649,13,606.95945012,113.94992770,609.19531250,109.88281250
1,4922,6,69.95249463,142.94413340,70.85156250,147.85156250
1,820,10,1208.90081979,820.08768000,1206.75000000,822.83593750
1,4312,9,381.39996812,176.18846044,379.41406250,171.95312500
1,1111,4,1035.60290943,651.00666089,1038.19531250,654.71093750
1,4624,9,638.94234076,952.91953426,639.00000000,957.28125000
1,1281,4,670.05664969,69.99565983,671.46093750,65.23437500
1,5082,6,105.95115203,323.82734201,102.85156250,324.96875000
1,4153,14,1170.53448734,527.19666506,1173.48437500,530.34375000
1,3667,21,246.96566251,113.90314036,240.00000000,111.75781250
1,2950,5,659.78160084,949.24909394,658.73437500,953.39843750
1,2446,14,611.87929695,907.92355226,610.77343750,911.61718750
1,3842,18,1208.94431237,759.94104473,1207.44531250,761.24218750
1,2615,14,851.75117967,909.95303646,852.27343750,913.75781250
1,2116,17,278.92416711,952.98408327,276.64843750,954.34375000
1,3112,5,639.02873739,953.06088806,637.81250000,956.99218750
1,5285,3,604.94129048,484.01725339,604.92187500,484.04687500
1,1423,4,1152.04606624,593.92335353,1154.02343750,596.99218750
1,3998,18,568.90588605,827.89363666,567.14062500,830.72656250
1,1958,20,127.03716649,487.91617825,119.60156250,485.36718750
1,347,19,866.24322999,831.95501603,862.03125000,836.25781250
1,178,19,611.94641937,907.99413341,605.00000000,912.67968750
1,1806,20,1209.06159755,160.09163939,1204.82812500,162.86718750
1,2803,8,970.08074534,69.95642562,973.78906250,69.80468750
1,3294,2,579.96328802,70.04233356,585.33593750,64.85156250
1,2298,14,939.93069485,70.05187658,941.94531250,71.09375000
1,3476,2,126.96947127,127.90738327,133.12500000,122.14062500
1,508,13,160.09805800,69.90915297,165.85156250,68.12500000
1,4461,15,587.31732877,816.54453911,584.18750000,820.44531250
1,650,16,591.91641307,210.13813715,594.25000000,205.51562500
1,1581,2,97.85414490,942.50153446,95.16406250,933.61718750
1,4776,9,466.97972931,643.94981452,463.49218750,646.19531250
1,821,13,86.25444536,714.61010561,83.34375000,709.27343750
1,4922,3,1175.13871228,340.60228637,1178.65625000,337.29687500
1,5082,3,1208.88565709,159.95363415,1207.12500000,159.28906250
1,4313,12,910.00992001,69.92026261,910.64843750,67.68750000
1,1112,7,159.09768470,953.08937506,161.81250000,951.80468750
1,1281,1,629.05169942,275.95641582,628.22656250,272.11718750
1,4624,6,668.72986204,766.64969934,668.41406250,769.73437500
1,3668,21,307.10571354,114.03824052,299.62500000,111.12500000
1,4153,15,69.96063081,532.88166360,68.25000000,529.78125000
1,2951,8,552.07826093,908.10785183,551.34375000,910.35937500
1,2447,14,552.10114637,907.97722544,549.57812500,911.28906250
1,2615,11,429.07768561,953.10661104,430.09375000,956.25000000
1,2117,20,1039.05411760,907.23665284,1035.26562500,910.83593750
1,3843,17,112.96391212,782.28793507,109.34375000,781.10156250
1,3113,8,662.46576890,904.17217565,662.38281250,907.14843750
1,1959,20,127.01002289,428.04319046,119.96093750,425.22656250
1,1424,7,76.07608622,917.47284839,80.28906250,914.99218750
1,5286,3,673.98643463,483.90431891,675.57031250,483.39843750
1,178,16,656.97195979,810.30192152,656.28125000,815.15625000
1,1806,21,95.03828583,165.37320914,88.03125000,163.49218750
1,2804,11,274.73916003,101.95723513,272.16406250,103.41406250
1,347,16,429.09563576,953.05415999,426.09375000,955.25000000
1,3999,21,826.13615033,839.15350695,823.64843750,843.79687500
1,964,7,240.17581874,252.56538744,238.03906250,250.01562500
1,3295,5,661.22061337,108.99832806,661.57031250,103.89843750
1,2299,17,313.20697588,103.38311479,311.53125000,100.28125000
1,3477,2,228.96913965,193.07036183,231.14062500,185.89062500
1,509,16,1026.82579904,374.20097153,1032.26562500,375.98437500
1,650,13,667.11808626,113.98186819,669.96093750,110.48437500
1,4461,12,671.93743868,907.95725740,674.21093750,910.72656250
1,821,10,1209.02570996,850.04687496,1206.33593750,852.40625000
1,1582,1,1178.92005147,953.01927311,1181.94531250,949.56250000
1,4923,6,70.01461002,113.02702526,71.68750000,118.66406250
1,5083,6,94.74584625,296.23872709,92.40625000,297.78125000
1,1282,4,699.93006939,69.96571062,701.57031250,65.40625000
1,4313,9,352.42004144,168.31312978,350.39843750,164.28906250
1,4625,9,609.10809488,952.93178637,608.91406250,957.24218750
1,3669,21,367.06561982,114.07705722,359.57031250,110.54687500
1,2951,5,720.10855937,949.23504195,719.50000000,953.32031250
1,4154,14,1170.53020193,497.50263678,1173.46093750,500.57812500
1,1112,4,1063.13637762,643.37682867,1065.75000000,646.96093750
1,4777,9,552.99254855,444.06146559,552.03906250,442.73437500
1,2448,14,491.88166970,908.07970216,488.64062500,910.77343750
1,2616,14,881.71704613,910.04012651,882.44531250,913.64843750
1,3843,18,1208.96303056,790.00895426,1206.67968750,790.92968750
1,5287,3,673.99616932,538.08537292,676.03125000,538.38281250
1,1960,20,126.90226523,367.96894388,120.46093750,365.02343750
1,2117,17,249.02165625,953.07053661,246.59375000,953.84375000
1,1424,4,1152.04065968,653.93101639,1153.60937500,657.29687500
1,179,19,551.92973308,908.07897377,544.50781250,912.47656250
1,3113,5,609.12033410,953.04127864,607.64062500,956.88281250
1,1807,20,1208.91529549,189.93677154,1205.08593750,192.34375000
1,3999,18,448.88120515,827.99155226,445.55468750,829.57812500
1,2804,8,1000.05304468,69.88720175,1003.44531250,70.32031250
1,348,19,894.98224938,840.11480634,890.59375000,844.21093750
1,965,10,1049.03391890,313.01666818,1053.53125000,313.46093750
1,3295,2,609.88734096,70.07817880,615.74218750,65.24218750
1,2299,14,969.98322700,69.92846950,971.64062500,71.66406250
1,3478,2,348.91343820,192.93219510,350.19531250,185.81250000
1,4314,12,939.97929142,69.90516337,940.59375000,67.93750000
1,2616,11,398.96352048,952.99509586,399.82812500,955.87500000
1,4154,15,69.96747468,503.00137891,68.40625000,499.92968750
1,2952,8,492.10843457,908.01267678,490.90625000,909.67187500
1,2449,14,432.08398825,907.97467567,428.71875000,909.98437500
1,4923,3,1164.24293090,367.61017170,1168.33593750,364.16406250
1,1583,1,1148.88237038,953.04942716,1151.54687500,949.74218750
1,1113,7,128.98482321,952.92664126,132.71093750,950.95312500
1,651,16,534.49216907,194.31435937,536.22656250,189.37500000
1,4778,9,724.90849337,443.94239677,728.18750000,443.08593750
1,1282,1,600.89797437,283.74802516,599.75781250,280.17187500
1,3114,8,692.44460403,904.15695219,692.64062500,907.19531250
1,509,13,189.97026578,69.96122982,194.96875000,67.72656250
1,3844,17,113.12355503,812.02966393,109.90625000,810.65625000
1,4462,15,644.55825038,800.77758482,642.42187500,804.97656250
1,1425,7,99.38593344,857.90526069,101.67187500,857.02343750
1,5083,3,1209.05443149,189.98514473,1207.94531250,188.71093750
1,3670,21,426.96735791,114.06483203,419.82031250,110.16406250
1,2118,20,1069.07471970,907.42083993,1065.05468750,910.65625000
1,5288,3,604.95262067,538.09656608,605.46093750,538.89843750
1,1961,20,126.98800456,308.04030245,121.35156250,305.07031250
1,179,16,714.06870640,794.26664953,714.19531250,799.28125000
1,4625,6,696.98567770,774.43561896,697.04687500,777.50000000
1,822,13,97.45557911,687.19322713,94.12500000,682.17187500
1,1807,21,94.88904693,195.05882947,87.23437500,192.87500000
1,2805,11,244.92093295,101.82123604,242.92187500,104.03125000
1,4000,21,940.67661328,807.02498753,939.57031250,810.85156250
1,348,16,399.10099414,952.87831443,396.25000000,954.52343750
1,965,7,197.89492516,136.83956452,198.14062500,135.57031250
1,3296,5,631.21849775,109.00838848,631.12500000,103.87500000
1,2300,17,283.38252560,103.25944156,281.77343750,100.58593750
1,1584,1,1119.10077433,953.05015799,1121.80468750,950.10937500
1,4779,9,724.99346795,578.03848934,728.01562500,579.64062500
1,3479,2,469.07062117,192.97636592,471.29687500,186.38281250
1,4314,9,323.50412010,160.37090663,321.43750000,156.61718750
1,1425,4,1151.88293231,713.99441067,1152.46875000,717.53906250
1,2617,14,911.56456790,910.13855658,912.23437500,913.54687500
1,510,16,999.05054419,366.55559641,1004.64062500,367.85937500
1,3844,18,1209.11578682,820.00224336,1206.21093750,820.51562500
1,3114,5,578.94806836,953.00931320,577.15625000,956.72656250
1,4924,6,70.07922201,82.95048282,72.42187500,89.49218750
1,4462,12,612.02266025,907.92518963,613.57812500,910.82812500
1,651,13,727.04614313,113.90210305,730.37500000,111.21875000
1,1113,4,1090.88440276,635.85964848,1093.19531250,639.36718750
1,1962,20,127.01189447,247.88331461,122.37500000,245.17968750
1,2805,8,1029.94074207,70.08289030,1032.75781250,71.15625000
1,180,19,491.95593675,908.02228506,484.19531250,911.99218750
1,2952,5,780.36945903,949.42632621,780.41406250,953.30468750
1,2450,14,372.08336015,907.92075330,368.76562500,909.07812500
1,4155,14,1170.67805801,467.79753908,1173.50781250,470.82031250
1,3671,21,486.93310340,114.04868447,480.28906250,109.82812500
1,2118,17,218.92610072,952.89033945,216.73437500,953.08593750
1,5289,3,629.02798782,503.03641883,629.75781250,503.19531250
1,1808,20,1208.89559841,220.09895698,1205.50781250,222.21093750
1,1283,4,730.07251474,70.07502847,732.19531250,65.82031250
1,5084,6,83.64652642,268.22882430,82.14062500,270.33593750
1,4000,18,329.04955581,828.04866550,325.06250000,827.80468750
1,4626,9,579.00800185,952.89587937,578.25000000,957.13281250
1,349,19,923.92470377,847.96731659,919.65625000,851.82812500
1,822,10,1208.88429329,880.02329293,1205.53906250,881.91406250
1,966,10,1049.00708797,432.94384510,1054.03906250,434.33593750
1,3296,2,640.04228204,70.12647639,646.27343750,65.60156250
1,2300,14,999.94202223,70.07043667,1001.34375000,72.50000000
1,1585,1,1089.03527146,952.94886849,1092.60156250,950.58593750
1,4315,12,970.10657188,69.93992381,970.47656250,68.32812500
1,3115,8,722.20639433,904.15377942,722.64843750,907.18750000
1,3480,2,588.93785813,192.96443887,592.82031250,187.44531250
1,652,16,476.95986551,178.19893789,478.33593750,173.23437500
1,510,13,220.10840992,69.95324673,224.40625000,67.39062500
1,2617,11,368.97228600,952.87222438,369.89843750,955.46093750
1,4463,15,701.66449342,784.94791057,700.76562500,789.28125000
1,1426,7,121.83320198,799.81656254,122.53125000,799.93750000
1,1114,7,99.06386374,953.01816575,103.84375000,950.39062500
1,4780,9,553.06152780,578.00336953,551.92968750,579.26562500
1,4924,3,1153.42136794,394.42860266,1158.14843750,390.90625000
1,4155,15,70.12835361,473.11500111,68.78906250,470.12500000
1,5290,3,649.87956888,503.04423747,651.21093750,503.06250000
1,2119,20,1098.78441345,907.36264441,1094.29687500,910.21093750
1,3845,17,113.15219103,841.69244562,110.19531250,840.13281250
1,3672,21,547.08022149,114.07422269,541.25000000,109.75781250
1,2953,8,432.06225695,907.96558175,430.68750000,908.85937500
1,180,16,770.96976963,778.42963103,771.81250000,783.59375000
1,2451,14,312.00513071,907.91401707,308.71875000,908.03125000
1,1283,1,572.49758471,291.46954722,570.71093750,288.23437500
1,1808,21,94.86528461,225.07675488,86.72656250,222.58593750
1,1963,20,127.02077195,188.09524991,123.58593750,185.99218750
1,4001,21,1035.75712387,780.41303902,1035.20312500,783.23437500
1,5084,3,1208.95920778,220.02130013,1208.64062500,218.22656250
1,2806,11,214.90460896,101.92502005,213.42968750,104.83593750
1,823,13,108.27375579,660.11519674,104.68750000,655.31250000
1,349,16,369.02572959,953.06463821,366.03125000,954.23437500
1,4626,6,725.53254650,782.34985896,726.22656250,785.42187500
1,967,10,1049.11109414,553.01163227,1054.03125000,555.75000000
1,3115,5,548.99069814,952.96548411,546.90625000,956.51562500
1,3297,5,601.45922322,109.26131106,601.22656250,104.08593750
1,2301,17,253.37805793,103.37551169,252.02343750,101.19531250
1,4781,9,604.98162878,483.98665609,605.33593750,483.60937500
1,4315,9,294.39046620,152.32403760,292.51562500,148.86718750
1,2618,14,941.29724342,909.99350840,941.94531250,913.20312500
1,1586,1,1058.91987695,953.02448564,1062.75781250,951.25781250
1,4463,12,551.99941775,907.99180208,552.71093750,910.81250000
1,3481,2,709.08520455,192.89899638,714.60937500,188.93750000
1,511,16,971.44594734,358.90503992,977.32812500,359.76562500
1,652,13,786.92680735,114.07970556,790.59375000,112.28906250
1,1426,4,1151.99380695,774.02688232,1151.46093750,777.50000000
1,1114,4,1118.32238443,628.17870214,1120.28125000,631.58593750
1,4925,6,127.12714843,113.97046849,126.74218750,117.92187500
1,2119,17,189.12273017,952.95498797,187.46875000,952.53125000
1,5291,3,649.88239401,518.92614267,651.30468750,519.08593750
1,3673,21,607.04925801,114.11270467,601.86718750,109.81250000
1,3845,18,1209.13567027,849.90762399,1205.44531250,849.86718750
1,2953,5,840.69302099,949.56912620,841.12500000,953.07031250
1,181,19,432.11000152,908.02002440,423.98437500,911.39062500
1,2452,14,251.98043278,907.95320783,249.48437500,906.85937500
1,1284,4,760.04911289,70.04773746,762.01562500,66.06250000
1,1964,20,127.01728163,128.07201953,125.03906250,126.84375000
1,1809,20,1209.02910126,250.09204953,1205.91406250,252.00000000
1,4001,18,228.91775105,828.04046354,225.30468750,825.98437500
1,5085,6,72.38079362,239.94461640,71.57812500,242.67187500
1,2806,8,1060.04843888,70.03735938,1062.28906250,71.71875000
1,823,10,1208.98025523,909.93450801,1204.89843750,911.33593750
1,350,19,952.77730297,856.15565027,948.25000000,859.68750000
1,4627,9,548.90334260,952.99371405,547.73437500,957.03906250
1,3116,8,752.01341961,904.16250372,752.63281250,907.14062500
1,968,13,174.16382252,928.61633207,169.83593750,923.46093750
1,4316,12,999.90305383,70.09306455,1000.06250000,68.85156250
1,1587,1,1029.01875490,953.05816380,1033.37500000,951.89843750
1,2954,8,372.05969639,907.96572817,371.00000000,907.94531250
1,2120,20,1128.73039964,907.31366143,1123.80468750,909.71093750
1,2301,14,1030.10563159,69.97061263,1031.10156250,73.07031250
1,4782,9,674.02467549,483.92654543,676.10937500,483.76562500
1,1809,21,94.99345550,254.94169842,86.28906250,252.23437500
1,2618,11,339.08059939,952.99555728,340.11718750,955.30468750
1,3116,5,518.98452624,952.90953059,516.71093750,956.25781250
1,4464,15,758.55380798,769.30194961,758.76562500,773.68750000
1,3482,2,829.12187456,193.02362771,836.33593750,191.13281250
1,511,13,250.02557635,69.99838356,253.55468750,67.14843750
1,653,16,418.89347927,162.19832903,419.92187500,157.31250000
1,1427,7,143.82706120,743.27341186,142.99218750,743.96875000
1,1965,20,228.89901606,193.07552373,222.86718750,189.46875000
1,5292,3,629.03122063,519.04688003,630.15625000,519.35156250
1,4925,3,1111.67694733,352.09893246,1116.38281250,348.70312500
1,824,13,119.01071093,633.21209138,115.10937500,628.54687500
1,1115,7,69.99708242,952.96046402,75.72656250,949.57812500
1,3846,17,113.03785220,871.53837590,110.48437500,869.63281250
1,350,16,339.02441254,952.89209171,336.21093750,953.49218750
1,181,16,827.54322079,762.62892358,829.23437500,767.81250000
1,1284,1,544.33265783,299.26162493,542.53125000,296.28125000
1,2453,14,191.90491706,908.03794700,190.80468750,905.67968750
1,3674,21,666.99389988,114.00698060,662.86718750,109.97656250
1,2807,11,184.92904042,102.01782387,184.08593750,105.62500000
1,1588,1,999.06606003,953.01681311,1003.78906250,952.57812500
1,2120,17,159.08855329,953.01036738,157.89062500,951.92968750
1,2302,17,223.68933187,103.48184081,222.57031250,101.74218750
1,3117,8,781.87756388,903.93219318,782.94531250,906.82031250
1,824,10,1209.08786787,940.02225399,1204.32031250,940.73437500
1,351,19,981.86222935,864.02292952,977.07031250,867.23437500
1,1285,4,790.11754642,69.93271056,792.46875000,66.33593750
1,1810,20,1209.05556161,279.93540075,1206.22656250,281.78125000
1,2454,14,131.95274502,907.91492584,132.63281250,904.12500000
1,182,19,372.02440645,907.98676473,363.76562500,910.60937500
1,2807,8,1090.11206889,70.00281211,1091.76562500,72.39062500
1,1427,4,1151.96662361,834.01213965,1150.41406250,837.06250000
1,4783,9,673.91103837,538.06385052,675.85156250,538.81250000
1,3675,21,727.01455061,114.01820573,723.72656250,110.37500000
1,3846,18,1209.01043141,879.98405879,1204.57031250,879.39062500
1,4464,12,492.01657529,907.93596526,492.12500000,910.48437500
1,653,13,847.07715774,113.99904328,851.11718750,113.23437500
1,3483,2,949.11640267,193.09499584,956.99218750,193.79687500
1,1115,4,1144.98375671,620.85895024,1146.64062500,624.20312500
1,512,16,943.75429393,351.24609626,949.46093750,351.63281250
1,351,16,308.91269511,953.10270052,306.37500000,953.07812500
1,2808,11,155.24291796,102.10127722,155.13281250,106.45312500
1,1428,7,165.29174325,688.14847502,163.18750000,689.05468750
1,3676,21,787.02733089,113.96360155,784.49218750,110.76562500
1,352,19,1010.63221071,872.20380862,1005.50000000,875.07812500
