targetID,frameIndex,cameraID,rotationZ,rotationX,expectedX,expectedY,actualX,actualY
1,995,2,-94.31180000,-18.71570000,85.77157101,936.06210053,91.05468750,934.76562500
1,2261,15,35.94330000,31.96230000,607.52575883,292.19793090,605.91406250,290.38281250
1,1565,12,6.33063000,17.27050000,1139.28568952,692.14565855,1142.47656250,691.46093750
1,2926,3,-77.08250000,50.05240000,1171.88340351,447.98993496,1173.73437500,446.53906250
1,2825,9,-30.04150000,19.18330000,199.99750501,616.99965536,196.37500000,613.16406250
1,403,10,7.70264000,-47.63470000,992.73657971,668.11216457,999.96093750,669.18750000
1,1112,19,69.78260000,-20.44820000,1146.65203414,878.30451993,1138.45312500,877.21875000
1,1475,14,23.85940000,-15.67270000,199.99889223,616.99946154,200.01562500,620.67187500
1,2546,15,26.27910000,32.06950000,602.00092561,539.99903034,601.00781250,540.51562500
1,509,14,15.50420000,-17.40580000,133.18404008,878.62634087,137.50781250,879.67187500
1,1,19,106.08600000,-53.42680000,30.00113340,29.99841373,40.14843750,33.69531250
1,2153,21,64.49430000,24.61450000,409.00036937,993.00129483,405.65625000,991.86718750
1,219,16,52.51560000,-17.56680000,30.00017816,453.00046992,34.30468750,453.47656250
1,2637,8,-13.50930000,15.41540000,1198.85301580,99.30286842,1194.83593750,102.46093750
1,1739,9,-20.41840000,15.43100000,77.49954852,323.97974087,79.35156250,318.25000000
1,1664,11,-11.39870000,3.55084000,472.74334977,143.54493758,473.80468750,141.62500000
1,317,16,43.49490000,-24.11570000,259.01583458,191.74585255,260.18750000,191.92187500
1,2348,21,69.97920000,26.04880000,436.88629888,829.29053752,431.14843750,831.19531250
1,2741,9,-48.80130000,46.57880000,1128.99977702,992.99936777,1122.89843750,992.53125000
1,1294,17,67.35580000,-18.55300000,1188.00049539,917.99864933,1186.13281250,917.12500000
1,2454,15,10.68330000,22.96260000,349.00099919,993.00160332,350.44531250,990.96875000
1,883,4,-45.05450000,-26.59640000,331.99915966,753.00039564,331.50781250,757.41406250
1,605,10,-4.83325000,-46.34130000,948.54697515,393.09992917,954.80468750,390.29687500
1,1392,14,11.97460000,11.59180000,1069.00049921,993.00105220,1071.97656250,986.50000000
1,3024,3,-61.95830000,50.94400000,1248.99798376,150.00002407,1242.46875000,153.22656250
1,110,19,90.70400000,-53.85770000,91.00132767,343.99900304,86.55468750,343.95312500
1,798,7,-34.52040000,-37.49250000,602.12594908,717.59200090,602.53125000,721.50000000
1,2026,5,-65.51020000,-20.18520000,1241.47518019,143.00281011,1232.83593750,146.03906250
1,1914,5,-64.87670000,4.69067000,439.99981740,164.00021176,436.75781250,161.62500000
1,694,7,-39.41480000,-18.81630000,1188.00027818,918.00011858,1188.94531250,912.53906250
1,996,1,-94.84130000,-22.21730000,1068.00198063,943.99946099,1071.72656250,942.15625000
1,1220,17,39.02980000,-17.87250000,1170.00026686,30.00097005,1169.82812500,33.71875000
1,404,13,6.66504000,-51.11520000,108.00053379,944.00001516,112.10156250,937.39062500
1,2262,18,36.33400000,30.10740000,689.99902605,30.00030013,691.24218750,29.31250000
1,2826,9,-21.93440000,19.15430000,200.00048253,376.99948281,198.81250000,372.07031250
1,1838,4,-38.45610000,-20.15230000,135.47810051,978.42385492,143.37500000,977.49218750
1,2,19,105.39100000,-51.76760000,90.00067383,29.99708200,90.06250000,34.36718750
1,2547,15,27.73650000,32.92160000,627.99907856,502.99971701,627.06250000,503.15625000
1,1112,16,69.78260000,-20.44820000,148.85799382,985.35776463,154.25000000,980.38281250
1,1566,11,4.39105000,17.32190000,30.00083902,632.99921073,33.23437500,632.40625000
1,1740,8,-24.30210000,15.51370000,1188.00141314,437.99914174,1189.35937500,435.50781250
1,2153,18,64.49430000,24.61450000,889.43078360,793.96072659,892.05468750,796.43750000
1,219,17,52.51560000,-17.56680000,1141.30416463,455.48427838,1146.45312500,456.34375000
1,2927,6,-74.46910000,48.75460000,90.99791865,77.99907439,95.19531250,82.60937500
1,1476,14,31.66610000,-15.65720000,200.00139263,376.99883530,196.68750000,380.03906250
1,509,11,15.50420000,-17.40580000,1149.77264188,984.86458435,1149.20312500,980.57812500
1,2454,12,10.68330000,22.96260000,946.95045755,805.73247403,950.76562500,805.86718750
1,2348,18,69.97920000,26.04880000,828.00001420,944.00021650,829.09375000,945.76562500
1,884,4,-61.95070000,-26.59530000,332.00006635,272.99989892,328.12500000,274.38281250
1,1664,8,-11.39870000,3.55084000,809.99897352,30.00012269,807.90625000,28.95312500
1,605,7,-4.83325000,-46.34130000,270.00047324,29.99974075,266.09375000,30.41406250
1,2741,6,-48.80130000,46.57880000,223.99946673,608.27485749,219.82031250,607.07812500
1,3025,6,-64.83310000,51.36460000,49.45054344,287.97454461,51.17187500,288.39062500
1,2637,12,-13.50930000,15.41540000,1187.99942340,77.99924996,1181.40625000,81.39062500
1,798,4,-34.52040000,-37.49250000,708.99989000,993.00112681,713.06250000,993.46093750
1,1295,19,68.15710000,-18.50000000,1209.99836808,938.28461805,1197.77343750,934.40625000
1,317,13,43.49490000,-24.11570000,989.99807156,29.99965776,988.25000000,33.07031250
1,2262,15,36.33400000,30.10740000,551.11307793,276.69471444,548.74218750,274.89843750
1,2154,21,64.82590000,22.79210000,349.00009106,993.00140254,346.17187500,991.17187500
1,2026,2,-65.51020000,-20.18520000,29.99930757,33.00004690,37.38281250,42.39843750
1,1392,11,11.97460000,11.59180000,213.78061782,870.83695595,214.38281250,870.50000000
1,1220,14,39.02980000,-17.87250000,117.42559244,146.25074674,117.78906250,153.10156250
1,694,4,-39.41480000,-18.81630000,87.08486540,954.61774570,96.37500000,954.05468750
1,111,19,96.56890000,-53.25510000,90.99801956,224.00053484,88.14062500,224.56250000
1,2827,9,-17.90010000,23.08020000,332.00013679,268.00024383,332.06250000,263.22656250
1,2927,3,-74.46910000,48.75460000,1132.07620018,393.14041032,1134.28125000,391.96093750
1,997,1,-95.41120000,-25.82250000,947.99985471,944.00015732,952.61718750,944.54687500
1,2455,15,11.00890000,21.15890000,289.00036289,992.99772100,291.39062500,990.06250000
1,1112,20,69.78260000,-20.44820000,29.99824566,873.00047037,31.73437500,870.28906250
1,1566,12,4.39105000,17.32190000,1139.27677342,633.19609651,1142.73437500,632.64062500
1,3,19,104.73100000,-50.07430000,150.00209694,30.00772914,147.30468750,33.14843750
1,1740,9,-24.30210000,15.51370000,77.52424238,444.18458652,77.26562500,438.07031250
1,2548,15,27.74320000,33.63850000,650.00028529,503.00051941,649.39062500,503.09375000
1,1838,8,-38.45610000,-20.15230000,43.54777169,877.58276540,50.71875000,876.64062500
1,3025,3,-64.83310000,51.36460000,1249.00037103,209.99935867,1243.96093750,211.98437500
1,606,10,-5.38251000,-44.56010000,893.29854722,377.92528419,898.85156250,374.93750000
1,220,16,50.59980000,-17.54270000,30.00010628,392.99991371,34.71875000,393.96093750
1,1915,5,-64.87770000,-2.95496000,680.00001531,164.00045511,678.51562500,160.48437500
1,2742,9,-48.23760000,44.85020000,1068.99929356,992.99966529,1064.59375000,993.28906250
1,404,10,6.66504000,-51.11520000,1103.26714867,637.75800307,1110.07031250,637.40625000
1,1295,16,68.15710000,-18.50000000,77.72926591,943.36994099,85.16406250,938.03125000
1,510,13,15.41590000,-16.87370000,1244.74404633,885.27910652,1237.08593750,882.14843750
1,2263,18,36.70910000,28.25460000,749.99929028,30.00023161,751.52343750,29.50781250
1,1477,14,35.16960000,-11.49060000,332.00001501,268.00121924,326.92968750,268.99218750
1,2154,18,64.82590000,22.79210000,946.59097723,809.64876150,949.20312500,811.85156250
1,2828,12,-16.08540000,38.38950000,443.40517660,116.86864675,441.19531250,116.57812500
1,1221,16,39.03390000,-19.59520000,119.16391396,33.90139055,126.05468750,40.05468750
1,2637,9,-13.50930000,15.41540000,88.30937213,106.48735956,96.82812500,104.88281250
1,1665,11,-11.39840000,5.41388000,413.62614219,143.49553627,413.00000000,142.10937500
1,2455,12,11.00890000,21.15890000,1004.26311759,821.54121654,1007.50000000,820.72656250
1,799,7,-34.95510000,-35.64030000,658.30827594,733.12205478,659.79687500,736.89843750
1,1393,14,11.97220000,9.79260000,1008.99888922,992.99902662,1013.03125000,988.10156250
1,2349,21,70.67770000,29.77870000,551.53818391,797.66839260,546.10156250,800.17187500
1,2027,4,-66.88810000,-18.54200000,75.99511755,94.26934714,79.03906250,104.21875000
1,998,1,-96.02610000,-29.50500000,827.99991604,943.99909665,832.57031250,946.45312500
1,3026,3,-67.79100000,51.71740000,1248.99904394,269.99925252,1245.25000000,270.68750000
1,1741,8,-28.20810000,15.52180000,1188.00043327,557.99918926,1190.15625000,555.21875000
1,885,4,-58.95700000,-30.65400000,455.00032767,364.99857080,451.11718750,364.86718750
1,1113,19,71.67070000,-20.55690000,1146.50722187,819.16960871,1139.64062500,819.08593750
1,1567,11,2.44238000,17.35310000,30.00232975,573.00075193,32.89843750,572.76562500
1,112,19,102.13200000,-52.38790000,91.00371028,104.00665191,90.80468750,106.31250000
1,510,10,15.41590000,-16.87370000,30.00171258,993.00032020,38.82812500,989.37500000
1,2549,15,27.06430000,33.63820000,649.99899825,520.00018061,649.50000000,520.18750000
1,2928,6,-73.38760000,45.29450000,211.00045974,78.00062536,211.40625000,80.28125000
1,694,8,-39.41480000,-18.81630000,87.68675151,908.28802636,93.63281250,906.90625000
1,1838,5,-38.45610000,-20.15230000,1248.99925741,989.99857124,1239.59375000,980.71093750
1,318,16,43.18070000,-22.33180000,201.17588827,175.90212724,203.39062500,176.94531250
1,1665,8,-11.39840000,5.41388000,870.00089128,29.99930349,869.28906250,29.31250000
1,4,19,104.10500000,-48.34940000,209.99999243,29.99732799,205.99218750,31.71093750
1,2155,21,65.14530000,20.98750000,288.99904169,992.99905768,287.08593750,990.22656250
1,606,7,-5.38251000,-44.56010000,329.99980766,30.00052233,325.66406250,29.11718750
1,2742,6,-48.23760000,44.85020000,278.82633546,623.40139078,274.10156250,622.63281250
1,405,13,6.50946000,-51.59800000,91.00021053,943.99973084,95.37500000,936.78906250
1,2027,1,-66.88810000,-18.54200000,1194.43076190,85.86540348,1191.00781250,85.53125000
1,2349,18,70.67770000,29.77870000,708.00024934,944.00072383,708.70312500,945.89062500
1,1221,13,39.03390000,-19.59520000,1152.42744465,146.99740335,1149.84375000,150.07031250
1,1295,20,68.15710000,-18.50000000,93.92715986,925.17217725,93.78125000,922.40625000
1,2456,15,11.32240000,19.37640000,229.00008704,992.99956989,232.72656250,988.94531250
1,1393,11,11.97220000,9.79260000,272.88764935,870.83484668,272.75781250,871.45312500
1,220,17,50.59980000,-17.54270000,1141.31719949,396.53375321,1146.45312500,397.00781250
1,3027,3,-70.81920000,51.99770000,1248.99845972,329.99966420,1246.47656250,329.92968750
1,2263,15,36.70910000,28.25460000,494.49131401,261.13486362,491.57812500,259.64062500
1,999,1,-96.69170000,-33.23490000,707.99838620,943.99910062,711.39062500,947.74218750
1,1916,5,-64.87180000,-10.55500000,919.99987258,163.99806336,919.45312500,161.64062500
1,1741,9,-28.20810000,15.52180000,77.54726914,564.44412565,76.23437500,558.29687500
1,1113,20,71.67070000,-20.55690000,29.99895574,813.00127050,30.53125000,811.57812500
1,2638,11,-9.76385000,15.64250000,79.77001921,195.00183189,82.05468750,196.96093750
1,2828,9,-16.08540000,38.38950000,812.00016572,268.00094982,817.24218750,267.66406250
1,1478,14,35.16580000,3.88733000,812.00054892,268.00157480,811.35937500,264.34375000
1,2928,3,-73.38760000,45.29450000,1021.41780099,362.42591108,1025.06250000,360.76562500
1,510,14,15.41590000,-16.87370000,150.98936962,881.41971353,154.64062500,882.62500000
1,5,19,103.50900000,-46.59590000,270.00386156,30.00570310,264.63281250,30.49218750
1,113,19,98.46180000,-49.66640000,199.99911547,163.99950681,195.39062500,163.08593750
1,2743,9,-47.70070000,43.09330000,1009.00221926,993.00050398,1005.64843750,993.87500000
1,2550,15,27.06350000,32.92140000,628.00078766,519.99981003,627.26562500,520.25000000
1,886,4,-59.74640000,-42.54010000,823.00033187,364.99955358,824.07031250,361.66406250
1,2456,12,11.32240000,19.37640000,1061.76957187,837.39774378,1064.02343750,835.65625000
1,1567,12,2.44238000,17.35310000,1139.26968146,574.25373548,1142.83593750,573.67187500
1,1221,17,39.03390000,-19.59520000,1229.99922142,30.00013852,1227.70312500,35.15625000
1,3028,3,-73.90280000,52.20150000,1248.99842879,390.00101722,1247.45312500,389.28906250
1,2155,18,65.14530000,20.98750000,1003.94442292,825.39226619,1006.11718750,827.17187500
1,2350,21,71.44010000,33.52340000,665.39482943,766.26831070,661.13281250,768.65625000
1,1295,17,68.15710000,-18.50000000,1188.00030032,943.99930351,1185.68750000,942.60156250
1,1666,11,-11.39770000,7.26166000,354.51330697,143.44569731,353.39843750,142.65625000
1,1394,14,11.97010000,7.97028000,948.99964947,993.00027542,953.91406250,989.47656250
1,1917,5,-64.86410000,-15.40780000,1077.99880398,163.99990736,1075.57031250,163.63281250
1,405,10,6.50946000,-51.59800000,1118.86027966,633.47613018,1125.82812500,632.90625000
1,799,4,-34.95510000,-35.64030000,649.00157794,992.99843217,652.98437500,994.14062500
1,1000,1,-97.41460000,-36.97940000,588.00007142,944.00205138,590.11718750,948.22656250
1,221,16,48.69240000,-17.50200000,30.00096370,332.99964812,35.38281250,334.32812500
1,2027,5,-66.88810000,-18.54200000,1187.59983012,98.75171799,1180.07031250,102.24218750
1,318,13,43.18070000,-22.33180000,1050.00076593,30.00129418,1047.34375000,34.16406250
1,1742,8,-32.10030000,15.45500000,1187.99876143,678.00082435,1189.96875000,674.45312500
1,2829,12,-15.43580000,42.61110000,313.34329266,153.65720822,310.92968750,154.67187500
1,2929,6,-72.40920000,41.72050000,330.99813295,78.00050653,329.67187500,78.44531250
1,2264,18,37.06950000,26.40810000,809.99888858,29.99957797,811.52343750,29.95312500
1,694,5,-39.41480000,-18.81630000,1199.64810342,958.63085181,1193.58593750,951.85156250
1,1114,19,73.58040000,-20.64730000,1146.36458721,760.05788167,1140.50781250,760.57031250
1,1839,7,-38.36510000,-20.14480000,1144.93044379,879.18899252,1148.28906250,876.10937500
1,607,10,-5.90588000,-42.75710000,837.86810100,362.70198715,842.43750000,359.50000000
1,6,19,102.94200000,-44.81710000,330.00336195,30.00986732,323.83593750,29.43750000
1,887,4,-47.29510000,-42.54990000,823.00113445,655.99951676,826.55468750,655.83593750
1,114,19,96.70470000,-42.33840000,439.99970005,163.99877161,434.42968750,160.01562500
1,2743,6,-47.70070000,43.09330000,333.84198036,638.57948723,329.14062500,638.38281250
1,1221,14,39.03390000,-19.59520000,58.33051950,146.23797191,61.43750000,154.67968750
1,2457,15,11.62470000,17.61830000,169.00011538,992.99903965,174.33593750,987.63281250
1,2551,12,-23.22220000,49.89030000,29.99865203,29.99915575,38.91406250,40.96875000
1,1001,1,-98.20230000,-40.70500000,467.99973538,944.00093156,469.13281250,948.07031250
1,1568,11,0.48895300,17.36400000,29.99886834,513.00037859,32.81250000,513.09375000
1,1666,8,-11.39770000,7.26166000,930.00040134,29.99893234,929.41406250,29.94531250
1,2156,21,65.45290000,19.20420000,229.00033309,993.00207852,228.49218750,989.14843750
1,1296,20,68.15110000,-14.96140000,213.58617937,925.15733836,210.12500000,924.60156250
1,1479,14,35.16990000,8.13324000,945.99947460,267.99848661,945.28906250,264.23437500
1,3029,3,-77.02490000,52.32580000,1248.99912761,450.00022759,1248.11718750,448.75781250
1,2638,12,-9.76385000,15.64250000,1188.00066109,198.00054334,1184.71093750,198.60937500
1,510,11,15.41590000,-16.87370000,1131.37894969,982.00019826,1131.63281250,978.18750000
1,1918,5,-57.18410000,-15.63720000,1078.00043875,403.99990857,1078.82812500,402.62500000
1,221,17,48.69240000,-17.50200000,1141.33113904,337.58627276,1146.14843750,337.75781250
1,319,16,42.87850000,-20.57240000,143.10647502,159.99747235,147.10156250,162.35156250
1,2264,15,37.06950000,26.40810000,437.66223963,245.51861377,434.48437500,244.44531250
1,2929,3,-72.40920000,41.72050000,910.04180624,331.51386882,913.46875000,329.34375000
1,2027,2,-66.88810000,-18.54200000,90.99981130,78.00002645,94.78906250,83.99218750
1,1394,11,11.97010000,7.97028000,331.98663482,870.82956986,331.28125000,872.25781250
1,1742,9,-32.10030000,15.45500000,77.56957658,684.75823722,75.93750000,678.21875000
1,1114,20,73.58040000,-20.64730000,30.00184943,752.99976207,29.57031250,752.49218750
1,2350,18,71.44010000,33.52340000,587.99888218,943.99851995,587.79687500,945.41406250
1,406,13,11.96720000,-52.48240000,90.99811310,824.00036863,93.61718750,820.17187500
1,1002,1,-99.06410000,-44.37850000,348.00083513,944.00033383,348.88281250,947.22656250
1,1222,16,39.03530000,-20.13400000,137.62542841,36.80645359,144.35937500,42.44531250
1,2457,12,11.62470000,17.61830000,1119.46938523,853.30995167,1120.38281250,850.39843750
1,2829,9,-15.43580000,42.61110000,945.99895370,267.99969193,952.21093750,270.27343750
1,2744,9,-47.18870000,41.31100000,948.99885680,993.00192153,946.35937500,994.46875000
1,888,4,-48.19850000,-30.66140000,454.99969722,656.00179658,453.99218750,659.53125000
1,695,7,-40.21750000,-18.76380000,1187.99997956,944.00105424,1188.60937500,937.90625000
1,2551,9,-23.22220000,49.89030000,1166.32931397,451.66078065,1167.84375000,457.67187500
1,1296,17,68.15110000,-14.96140000,1067.99824157,944.00163824,1068.39843750,944.88281250
1,1667,11,-11.39660000,9.09064000,295.40282594,143.39560330,294.67968750,143.37500000
1,319,13,42.87850000,-20.57240000,1110.00138097,30.00098919,1105.74218750,35.47656250
1,7,19,102.40200000,-43.01640000,390.00093459,30.01166439,383.53906250,28.57812500
1,2930,6,-71.51990000,38.05910000,451.00111132,77.99945069,449.22656250,77.23437500
1,115,19,95.26750000,-34.77360000,679.99866346,163.99918050,675.17968750,159.58593750
1,800,7,-35.37080000,-33.78590000,714.67702235,748.69905489,717.72656250,752.30468750
1,2265,18,37.41610000,24.57180000,870.00139023,29.99947792,871.46875000,30.68750000
1,2639,11,-5.92914000,15.80260000,79.74628155,315.26337892,80.21093750,315.60156250
1,2156,18,65.45290000,19.20420000,1061.49049939,841.18333835,1062.64843750,842.28125000
1,3030,3,-80.16760000,52.36870000,1248.99913991,510.00039819,1248.57812500,508.29687500
1,1839,4,-38.36510000,-20.14480000,135.47357843,981.37225324,143.29687500,980.37500000
1,2351,21,72.27520000,37.24900000,778.45773600,735.08350608,775.28125000,736.94531250
1,1003,1,-100.01100000,-47.96920000,227.99804634,944.00142225,230.13281250,945.75000000
1,1395,14,11.96840000,6.12805000,888.99958301,993.00173116,894.28125000,990.75781250
1,1568,12,0.48895300,17.36400000,1139.25782003,515.31445096,1142.74218750,514.67187500
1,2744,6,-47.18870000,41.31100000,389.05630898,653.81184116,384.53906250,653.96875000
1,607,7,-5.90588000,-42.75710000,389.99860552,29.99991753,385.71093750,27.84375000
1,1480,14,19.62450000,8.13763000,945.99986210,747.99956041,949.83593750,747.44531250
1,1115,19,75.50760000,-20.71880000,1146.21627780,700.97381225,1141.30468750,701.71093750
1,2458,11,11.91630000,15.88750000,68.93745584,868.73744348,72.58593750,864.70312500
1,1919,5,-49.37740000,-15.62370000,1078.00225107,644.00036068,1079.38281250,643.39062500
1,2830,9,-36.90450000,42.65610000,945.99959605,747.99926359,947.69531250,752.68750000
1,2552,12,-22.59510000,48.22760000,90.00000318,29.99963768,94.27343750,39.46875000
1,1222,13,39.03530000,-20.13400000,1134.22108511,149.12248942,1131.70312500,151.85937500
1,222,16,46.79750000,-17.44500000,29.99973430,272.99836665,36.28125000,275.29687500
1,511,13,13.61200000,-16.98830000,1237.01068292,943.50524500,1228.48437500,938.93750000
1,889,4,-56.34810000,-33.71130000,547.00076625,437.99922039,544.72656250,437.85937500
1,1667,8,-11.39660000,9.09064000,989.99954794,29.99881954,988.68750000,30.71093750
1,2930,3,-71.51990000,38.05910000,797.93200828,300.39907224,800.17187500,297.71875000
1,320,16,42.58760000,-18.84040000,84.80696314,144.02976740,91.20312500,147.79687500
1,1743,8,-35.94320000,15.31600000,1188.00069534,797.99886643,1189.17187500,793.06250000
1,2028,5,-66.89540000,-15.00380000,1067.88381514,98.75751737,1064.32812500,99.89843750
1,2351,18,72.27520000,37.24900000,468.00139491,943.99998178,467.39062500,944.08593750
1,406,10,11.96720000,-52.48240000,1161.59441963,742.46896573,1166.75000000,741.75781250
1,695,4,-40.21750000,-18.76380000,83.37390288,929.04259483,91.91406250,929.14062500
1,1395,11,11.96840000,6.12805000,391.08038618,870.82409913,390.25000000,872.93750000
1,2745,9,-46.69990000,39.50710000,889.00057374,993.00047054,886.71875000,994.73437500
1,1569,11,-1.46466000,17.35420000,30.00055953,452.99937417,32.32812500,453.25000000
1,3031,3,-83.31200000,52.32960000,1249.00030545,569.99934075,1248.66406250,567.73437500
1,1481,14,19.46450000,8.13397000,945.99999079,753.00017432,949.28906250,752.34375000
1,2265,15,37.41610000,24.57180000,380.62156492,229.84366642,377.43750000,229.25000000
1,8,19,101.88800000,-41.19730000,449.99787778,29.99115846,443.67968750,27.72656250
1,2157,21,65.74970000,17.44530000,169.00037813,992.99907848,170.28125000,988.00000000
1,1297,20,68.14650000,-11.31650000,333.25406175,925.14840094,327.81250000,926.35937500
1,800,4,-35.37080000,-33.78590000,588.99843847,993.00041484,592.45312500,994.60156250
1,1920,5,-42.57170000,-15.40890000,1077.99911555,856.99980704,1147.25781250,24.46093750
1,2458,15,11.91630000,15.88750000,109.00117268,992.99895061,116.75781250,986.28906250
1,608,10,-6.40515000,-40.93590000,782.25298781,347.42662099,785.70312500,344.01562500
1,1004,1,-101.05600000,-51.44950000,108.00024625,944.00417524,113.16406250,943.86718750
1,116,19,94.07350000,-27.24100000,919.99995801,163.99916422,916.90625000,161.21875000
1,2830,6,-36.90450000,42.65610000,314.04274655,883.45585496,312.25781250,882.20312500
1,890,4,-56.53120000,-39.69350000,730.99846996,438.00188547,731.60156250,436.20312500
1,1115,20,75.50760000,-20.71880000,29.99879956,693.00109956,28.71093750,693.08593750
1,2639,12,-5.92914000,15.80260000,1187.99850978,318.00060108,1186.71875000,317.22656250
1,1839,8,-38.36510000,-20.14480000,44.00577984,874.67123423,51.28125000,873.80468750
1,1668,11,-11.39510000,10.89750000,236.29278913,143.34547141,236.27343750,144.24218750
1,2352,21,73.19300000,40.92270000,890.74366497,704.11413764,888.43750000,705.32031250
1,1222,17,39.03530000,-20.13400000,1249.00023963,30.00070097,1246.59375000,35.57812500
1,1743,9,-35.94320000,15.31600000,77.59548244,805.12143504,76.62500000,797.44531250
1,2931,6,-70.70810000,34.34110000,570.99855275,78.00032163,569.67968750,76.68750000
1,2552,9,-22.59510000,48.22760000,1111.83491956,436.64728214,1116.64843750,442.15625000
1,2745,6,-46.69990000,39.50710000,444.45885856,669.09891466,440.45312500,669.85156250
1,222,17,46.79750000,-17.44500000,1141.34307182,278.64072585,1145.85156250,278.80468750
1,320,13,42.58760000,-18.84040000,1169.99951882,30.00070764,1163.57812500,36.82031250
1,1921,5,-42.58070000,-7.97974000,838.00020791,856.99938879,839.70312500,859.42187500
1,407,13,17.72360000,-53.11470000,91.00115521,704.00074028,92.10937500,701.84375000
1,1396,14,11.96720000,4.26947000,828.99937532,993.00029477,834.51562500,991.85937500
1,511,10,13.61200000,-16.98830000,29.99861897,933.00105393,36.94531250,931.03906250
1,2028,2,-66.89540000,-15.00380000,211.00206903,77.99893433,211.25781250,80.96093750
1,1482,14,19.46220000,-7.24695000,465.99923754,752.99957713,467.54687500,756.60937500
1,891,4,-50.50420000,-39.69710000,730.99948575,583.99939759,732.82031250,584.07031250
1,695,8,-40.21750000,-18.76380000,87.68574233,934.24285598,94.54687500,932.16406250
1,2458,12,11.91630000,15.88750000,1177.36332791,869.27526221,1176.13281250,864.81250000
1,2157,18,65.74970000,17.44530000,1119.23168497,857.03392871,1119.10156250,857.17968750
1,1569,12,-1.46466000,17.35420000,1139.25093912,456.37959973,1141.89843750,455.54687500
1,1297,17,68.14650000,-11.31650000,947.99915100,943.99806525,949.81250000,946.69531250
1,608,7,-6.40515000,-40.93590000,449.99963546,30.00069782,446.10156250,26.85156250
1,2831,9,-37.12330000,42.63560000,945.99846914,753.00039475,948.33593750,757.60937500
1,9,19,101.39600000,-39.36380000,510.00358642,30.00939184,503.90625000,27.28125000
1,2746,9,-46.23280000,37.68500000,828.99920972,992.99838837,826.92187500,994.81250000
1,1668,8,-11.39510000,10.89750000,1050.00028114,29.99873980,1047.54687500,31.63281250
1,2931,3,-70.70810000,34.34110000,685.09218372,269.07972330,685.60156250,266.27343750
1,2352,18,73.19300000,40.92270000,347.99995769,944.00032349,347.67187500,942.08593750
1,117,19,93.39310000,-22.42680000,1078.00072453,163.99823377,1073.43750000,163.59375000
1,2266,18,37.74960000,22.74980000,929.99863802,29.99899967,931.33593750,31.53906250
1,1222,14,39.03530000,-20.13400000,39.61580485,146.23312385,43.17968750,155.31250000
1,3032,3,-86.43940000,52.20900000,1248.99949491,629.99978507,1248.92968750,627.21875000
1,1839,5,-38.36510000,-20.14480000,1248.99816108,993.00053899,1239.46875000,983.70312500
1,2640,11,-2.03717000,15.88960000,79.72669927,435.50622628,79.31250000,435.00781250
1,1744,8,-39.70430000,15.10980000,1187.99994731,917.99972748,1187.46875000,910.37500000
1,1116,19,77.44830000,-20.77040000,1146.07360611,641.91299124,1141.82031250,642.78125000
1,892,4,-50.74720000,-33.71450000,547.00133367,584.00000729,546.09375000,585.95312500
1,2553,12,-21.99900000,46.53090000,150.00258910,29.99998887,152.27343750,37.78125000
1,1005,1,-101.21300000,-51.93230000,90.99773753,944.00751959,96.83593750,943.46875000
1,2459,14,12.19780000,14.18650000,1156.60502323,985.78836634,1158.25781250,977.94531250
1,320,17,42.58760000,-18.84040000,1195.22500921,145.51226467,1196.86718750,147.55468750
1,2029,5,-66.90120000,-11.35940000,948.18194414,98.76061877,946.70312500,97.88281250
1,2746,6,-46.23280000,37.68500000,500.05889745,684.44110063,496.56250000,685.64843750
1,2932,6,-69.96420000,30.59910000,690.99843881,77.99913301,690.32812500,76.82812500
1,2831,6,-37.12330000,42.63560000,315.71340662,878.54306865,313.14062500,877.32812500
1,2158,17,66.03590000,15.71370000,78.12842691,875.33129981,78.82031250,870.25781250
1,1922,5,-42.58280000,-0.33209200,597.99934867,857.00016349,579.76562500,100.45312500
1,407,10,17.72360000,-53.11470000,1206.51374025,857.04907782,1209.40625000,854.81250000
1,1570,11,-3.41388000,17.32400000,30.00035073,392.99915124,32.61718750,393.85937500
1,2353,21,74.20540000,44.51350000,1002.25607269,673.36001224,999.91406250,673.66406250
1,1298,20,68.14370000,-7.59094000,452.93511199,925.13443062,447.30468750,927.48437500
1,511,14,13.61200000,-16.98830000,143.60563884,939.65039046,149.34375000,939.37500000
1,1669,11,-11.39320000,12.67900000,177.18710365,143.29556177,178.97656250,145.17187500
1,695,5,-40.21750000,-18.76380000,1195.90134608,932.49424227,1190.46875000,927.17968750
1,223,16,44.91920000,-17.37230000,29.99858513,213.00021642,37.39062500,216.34375000
1,10,19,100.92700000,-37.52000000,570.00119554,30.00472049,564.25000000,26.95312500
1,1483,14,19.46660000,-11.49290000,331.99828472,753.00001439,332.40625000,756.71093750
1,2747,9,-45.78620000,35.84870000,769.00052209,992.99976615,766.83593750,994.82812500
1,118,19,85.41700000,-22.81730000,1078.00130470,403.99998900,1075.66406250,403.33593750
1,2459,11,12.19780000,14.18650000,126.53810322,877.84857973,128.61718750,874.78906250
1,1840,7,-38.36890000,-18.43230000,1203.39347658,886.18158644,1204.81250000,881.36718750
1,609,10,-6.88171000,-39.10040000,726.45352371,332.10226672,728.84375000,328.60156250
1,893,4,-54.67690000,-35.52730000,601.99834203,482.00079195,601.00781250,481.94531250
1,320,14,42.58760000,-18.84040000,76.01929487,30.76378116,79.53906250,42.33593750
1,2640,12,-2.03717000,15.88960000,1188.00052855,438.00083776,1188.18750000,436.50000000
1,1396,11,11.96720000,4.26947000,450.16807291,870.82143845,449.34375000,873.46875000
1,2932,3,-69.96420000,30.59910000,571.50649578,237.55539381,570.37500000,234.97656250
1,2266,15,37.74960000,22.74980000,323.37570659,214.11270240,320.46875000,214.15625000
1,801,4,-35.76880000,-31.93380000,529.00031189,993.00051193,532.41406250,994.86718750
1,1744,5,-39.70430000,15.10980000,93.50731422,949.15676122,96.28906250,944.79687500
1,2353,18,74.20540000,44.51350000,227.99982034,943.99876315,229.46093750,939.50781250
1,1223,16,40.86920000,-20.27570000,137.63494182,95.78386619,143.06250000,99.53125000
1,2029,2,-66.90120000,-11.35940000,330.99920328,78.00052922,329.32031250,78.39062500
1,2832,9,-35.34780000,27.32690000,465.99925473,752.99921068,462.17968750,753.82812500
1,1923,5,-42.57790000,7.26880000,358.00039977,857.00148054,322.39062500,139.39062500
1,1570,12,-3.41388000,17.32400000,1139.24223416,397.45053801,1141.30468750,396.74218750
1,1006,1,-95.71580000,-52.81620000,91.00135804,824.00100486,93.72656250,825.98437500
1,3033,3,-89.53150000,52.00880000,1248.99976667,690.00026461,1248.89062500,686.45312500
1,696,7,-40.74190000,-22.26620000,1067.99985861,944.00108632,1071.68750000,941.25781250
1,511,11,13.61200000,-16.98830000,1131.37196479,923.16099390,1132.59375000,920.89843750
1,1669,8,-11.39320000,12.67900000,1109.99866467,29.99842874,1105.28906250,32.69531250
1,2747,6,-45.78620000,35.84870000,555.85324497,699.83353335,553.19531250,701.37500000
1,894,4,-54.69900000,-37.93770000,675.99825660,481.99976819,676.03125000,481.25781250
1,1298,17,68.14370000,-7.59094000,827.99979460,943.99957477,829.57031250,947.73437500
1,609,7,-6.88171000,-39.10040000,510.00062587,29.99978351,506.32812500,25.90625000
1,119,19,77.29330000,-22.83080000,1077.99981420,644.00106830,1075.05468750,644.98437500
1,223,17,44.91920000,-17.37230000,1141.35508890,219.70110144,1145.35937500,220.03125000
1,1397,14,11.96640000,2.39832000,769.00055192,992.99942518,774.43750000,992.75000000
1,1116,20,77.44830000,-20.77040000,30.00150980,633.00002685,28.06250000,633.64062500
1,1744,9,-39.70430000,15.10980000,77.61867114,925.54060766,77.96093750,915.62500000
1,2459,15,12.19780000,14.18650000,49.00014590,992.99822274,59.29687500,984.89062500
1,802,7,-36.15010000,-30.08790000,827.95115515,780.00438714,832.67968750,782.64062500
1,2158,21,66.03590000,15.71370000,109.00075009,993.00180110,112.54687500,986.71093750
1,1840,4,-38.36890000,-18.43230000,76.39093922,990.57615262,86.86718750,988.32812500
1,2933,6,-69.27990000,26.86690000,810.99906835,77.99985032,810.84375000,77.71875000
1,2641,11,1.87689000,15.90040000,79.70462685,555.72829722,79.44531250,554.89843750
1,2553,9,-21.99900000,46.53090000,1057.15722871,421.58340609,1062.84375000,426.14843750
1,11,19,100.47900000,-35.66990000,629.99803732,29.99185487,624.60937500,26.72656250
1,2833,9,-34.95190000,23.09690000,332.00072339,752.99898443,327.80468750,751.62500000
1,2354,21,75.32680000,47.99410000,1113.00341146,642.81563442,1109.33593750,642.34375000
1,2030,5,-66.90530000,-7.63428000,828.48527114,98.76549497,827.43750000,96.69531250
1,408,13,23.68020000,-53.46200000,90.99815481,584.00089549,91.61718750,582.90625000
1,895,4,-52.35620000,-37.93910000,675.99910100,539.99938288,676.53125000,540.02343750
1,1571,11,-5.35425000,17.27360000,30.00139263,332.99926195,33.18750000,334.41406250
1,321,13,42.30740000,-17.13820000,1230.00148356,29.99958876,1221.07031250,38.27343750
1,1924,5,-42.57100000,12.12160000,199.99991109,857.00122241,690.60156250,991.32812500
1,1007,1,-89.91650000,-53.44490000,91.00067844,704.00057493,91.46093750,707.07031250
1,2748,9,-45.35860000,34.00210000,709.00016152,992.99985762,706.38281250,994.58593750
1,1670,11,-11.39100000,14.43240000,118.08232164,143.24294697,120.83593750,146.31250000
1,1223,13,40.86920000,-20.27570000,1125.33324837,92.16759391,1121.99218750,96.18750000
1,224,16,43.06110000,-17.28460000,29.99902127,153.00020443,38.71093750,157.59375000
1,610,10,-7.33704000,-37.25470000,670.47194543,316.72721580,671.67187500,313.12500000
1,696,4,-40.74190000,-22.26620000,200.65428303,896.51001613,204.40625000,898.96875000
1,2459,12,12.19780000,14.18650000,1235.45524153,885.29580742,1231.91406250,879.25000000
1,2267,18,38.07090000,20.94550000,989.99972852,30.00211773,990.71875000,32.52343750
1,2354,18,75.32680000,47.99410000,107.99939550,943.99849418,113.00781250,936.34375000
1,120,19,70.21730000,-22.52660000,1077.99776446,857.00088808,1071.75781250,857.28125000
1,2933,3,-69.27990000,26.86690000,457.17016757,205.82079913,454.90625000,204.14843750
1,802,4,-36.15010000,-30.08790000,469.00090359,993.00131142,472.41406250,994.90625000
1,1484,14,35.00980000,-11.49430000,331.99947216,272.99809600,327.78125000,273.93750000
1,512,10,11.78090000,-17.08980000,29.99809272,872.99924678,35.43750000,872.40625000
1,1397,11,11.96640000,2.39832000,509.24843607,870.81823514,509.08593750,873.92187500
1,896,4,-52.40230000,-35.52870000,602.00110924,539.99959184,601.53125000,540.75781250
1,2641,12,1.87689000,15.90040000,1188.00009720,557.99956747,1189.04687500,556.32812500
1,2158,18,66.03590000,15.71370000,1177.16934388,872.93277046,1175.14843750,871.95312500
1,1299,20,68.14260000,-3.81433000,572.62838891,925.12011271,567.20312500,928.05468750
1,3034,3,-92.57130000,51.73190000,1248.99953888,750.00082555,1248.32031250,745.50000000
1,1840,8,-38.36890000,-18.43230000,103.00508661,874.68647135,107.92968750,874.67187500
1,12,19,100.05000000,-33.81760000,689.99985487,29.99025307,685.21875000,26.78906250
1,2834,9,-18.07330000,23.09010000,331.99851618,272.99998745,331.77343750,268.27343750
1,1744,6,-39.70430000,15.10980000,1203.87205170,946.76780266,1197.24218750,942.70312500
1,1117,19,79.39800000,-20.80190000,1145.92671001,582.87951352,1142.14843750,583.60156250
1,2267,15,38.07090000,20.94550000,265.91554892,198.31928540,263.80468750,199.30468750
1,1571,12,-5.35425000,17.27360000,1139.23474481,338.52675627,1140.60156250,337.96875000
1,2554,12,-21.43180000,44.80300000,210.00030937,29.99990804,210.35937500,36.28906250
1,1925,5,-50.25430000,12.35050000,199.99847145,616.99921981,422.09375000,104.67187500
1,2460,14,12.28490000,13.65450000,1138.17271258,982.89059714,1140.48437500,975.70312500
1,120,16,70.21730000,-22.52660000,220.18597716,987.64281947,223.81250000,984.32812500
1,321,17,42.30740000,-17.13820000,1137.77844254,136.65165885,1140.85156250,137.64062500
1,2748,6,-45.35860000,34.00210000,611.84563660,715.28186457,610.07812500,717.22656250
1,1223,17,40.86920000,-20.27570000,1248.99931299,89.99951213,1247.76562500,94.04687500
1,897,4,-53.85250000,-36.37960000,627.99808151,503.00173745,627.40625000,503.07031250
1,2642,11,5.77686000,15.83450000,79.68454693,675.93376610,80.07031250,674.71093750
1,1008,1,-83.91550000,-53.78480000,90.99877017,583.99956867,90.05468750,587.36718750
1,2355,21,75.49550000,48.47690000,1128.63138691,638.50382866,1124.61718750,637.96875000
1,409,13,29.71500000,-53.50470000,90.99977124,464.00006817,92.08593750,463.62500000
1,3035,3,-95.54350000,51.38230000,1249.00032218,810.00043049,1247.66406250,804.34375000
1,803,7,-36.51570000,-28.25220000,884.86501693,795.73328764,890.31250000,797.71093750
1,1299,17,68.14260000,-3.81433000,708.00056523,944.00145842,708.98437500,948.17187500
1,1398,14,11.96600000,0.51837200,708.99917217,992.99923884,714.28125000,993.42187500
1,610,7,-7.33704000,-37.25470000,569.99892325,29.99956276,566.89062500,25.23437500
1,224,17,43.06110000,-17.28460000,1141.36864414,160.76232008,1144.73437500,161.50000000
1,2268,18,38.38040000,19.16240000,1050.00162644,30.00106707,1049.57812500,33.52343750
1,697,7,-41.30620000,-25.87210000,948.00051826,943.99994108,952.82031250,944.05468750
1,1840,5,-38.36890000,-18.43230000,1188.99951908,993.00021560,1182.25781250,985.31250000
1,1485,14,32.04460000,-7.63245000,455.00047118,365.00073438,450.55468750,364.50000000
1,2159,20,66.31240000,14.01200000,1151.59288182,985.40161784,1145.96875000,981.37500000
1,1745,8,-40.50560000,15.05690000,1187.99802615,944.00196707,1187.21093750,935.50781250
1,1670,8,-11.39100000,14.43240000,1169.99780328,30.00089891,1163.96875000,33.90625000
1,2554,9,-21.43180000,44.80300000,1002.30080939,406.47070266,1008.58593750,410.07031250
1,1117,20,79.39800000,-20.80190000,29.99977439,573.00125073,27.59375000,574.05468750
1,2835,9,-21.03180000,27.14900000,454.99760252,365.00052611,454.35156250,361.22656250
1,2934,6,-68.64840000,23.17740000,930.99993998,77.99930507,930.39843750,79.14062500
1,512,11,11.78090000,-17.08980000,1131.36745784,864.31605315,1133.62500000,863.20312500
1,13,19,99.63890000,-31.96750000,749.99866595,30.00039379,745.39843750,27.17187500
1,2749,9,-44.94890000,32.14940000,649.00160662,993.00019745,646.00000000,994.10937500
1,121,19,69.27980000,-29.90400000,838.00047474,857.00071942,833.54687500,859.99218750
1,1572,11,-7.28143000,17.20360000,29.99953901,272.99936964,33.88281250,275.25781250
1,321,14,42.30740000,-17.13820000,135.48666985,39.88205149,136.28906250,49.14843750
1,1223,14,40.86920000,-20.27570000,30.31603125,87.11139033,35.25000000,98.32812500
1,410,16,35.69590000,-53.24080000,1213.64056095,130.34338282,1209.89843750,135.29687500
1,898,4,-53.85180000,-37.09650000,649.99981364,502.99974512,649.82812500,502.82031250
1,3036,3,-98.43500000,50.96470000,1248.99921706,870.00034441,1246.64062500,862.89843750
1,803,4,-36.51570000,-28.25220000,408.99984696,993.00203449,412.48437500,994.86718750
1,2355,18,75.49550000,48.47690000,90.99853458,944.00005635,96.69531250,935.81250000
1,2642,12,5.77686000,15.83450000,1188.00168259,678.00090277,1188.63281250,675.90625000
1,2555,12,-20.89140000,43.04660000,270.00092037,30.00038561,269.12500000,34.82812500
1,1009,1,-77.83780000,-53.81650000,90.99865276,463.99923384,89.66406250,467.23437500
1,2031,5,-66.90770000,-3.85815000,708.79818872,98.77070200,707.47656250,96.26562500
1,1300,20,68.14310000,-0.01879880,692.33461480,925.10946288,687.74218750,927.92187500
1,1926,5,-58.06280000,12.33470000,200.00122573,377.00016239,196.45312500,376.86718750
1,697,4,-41.30620000,-25.87210000,317.06422272,864.22009945,318.35937500,867.84375000
1,225,16,41.22670000,-17.18270000,30.00195746,92.99808234,40.01562500,99.27343750
1,2836,9,-20.10220000,39.03530000,822.99929647,364.99940846,828.07812500,365.45312500
1,1745,5,-40.50560000,15.05690000,97.16695725,923.13808565,57.58593750,260.49218750
1,1398,11,11.96600000,0.51837200,568.32533347,870.81437625,568.40625000,874.14062500
1,2460,11,12.28490000,13.65450000,144.36980368,880.66898463,145.88281250,877.90625000
1,2159,17,66.31240000,14.01200000,135.63108999,884.31179853,134.45312500,880.48437500
1,1670,12,-11.39100000,14.43240000,1226.63522468,141.73064416,1221.52343750,144.78906250
1,1841,8,-38.37230000,-16.68840000,162.01356798,874.70081405,165.22656250,875.44531250
1,1118,19,81.35240000,-20.81280000,1145.78223602,523.86835884,1142.31250000,524.30468750
1,1486,14,32.04450000,4.27429000,822.99942259,364.99914564,823.32812500,361.75000000
1,2934,3,-68.64840000,23.17740000,342.07545598,173.87696106,339.73437500,173.64062500
1,3037,3,-101.23500000,50.48470000,1249.00172023,929.99975233,324.46093750,496.30468750
1,2268,15,38.38040000,19.16240000,208.24138683,182.47117563,207.41406250,184.63281250
1,322,13,42.22080000,-16.60580000,1249.00143082,29.99962399,1239.26562500,38.71875000
1,410,13,35.69590000,-53.24080000,90.99913708,343.99951169,93.14062500,344.59375000
1,2555,9,-20.89140000,43.04660000,947.25798113,391.30609885,953.64843750,394.05468750
1,121,16,69.27980000,-29.90400000,455.83001845,921.31579589,455.75781250,922.81250000
1,611,10,-7.77246000,-35.40270000,614.30108015,301.30025754,614.04687500,297.64062500
1,513,10,9.92596000,-17.17730000,29.99920497,813.00031970,34.04687500,813.35156250
1,698,7,-41.91520000,-29.55540000,828.00174949,943.99894760,832.71875000,946.15625000
1,804,7,-36.86660000,-26.43070000,941.95994228,811.51604066,947.70312500,812.67187500
1,899,4,-53.17220000,-37.09680000,650.00030633,519.99932602,650.01562500,519.86718750
1,1224,16,42.73170000,-20.40130000,137.64593720,154.76086945,141.75000000,157.03906250
1,1572,12,-7.28143000,17.20360000,1139.22447103,279.60816231,1139.77343750,279.44531250
1,14,19,99.24540000,-30.12340000,810.00069399,29.99872263,805.68750000,27.62500000
1,2643,11,9.62708000,15.69460000,79.66306548,796.11886143,81.63281250,793.61718750
1,2356,21,70.03120000,49.36060000,1171.78300939,747.67630276,1165.80468750,745.52343750
1,2837,9,-32.52920000,39.04920000,823.00057283,655.99915011,825.55468750,659.67187500
1,2031,2,-66.90770000,-3.85815000,570.99938091,77.99973991,569.47656250,75.37500000
1,2460,15,12.28490000,13.65450000,30.00164205,992.99816973,41.30468750,984.42187500
1,1745,9,-40.50560000,15.05690000,77.62192463,951.64073038,78.56250000,940.86718750
1,1399,14,11.96600000,-1.36621000,649.00026806,992.99981105,654.17187500,993.95312500
1,1010,4,-71.81830000,-53.53810000,1219.28530598,142.51771851,1210.96875000,141.41406250
1,2556,12,-20.37610000,41.26500000,330.00001486,29.99955564,328.36718750,33.60937500
1,2935,6,-68.06370000,19.56110000,1051.00051677,78.00095111,1048.78906250,81.34375000
1,1927,5,-61.57880000,8.16760000,332.00035520,267.99968226,327.57031250,266.45312500
1,2749,6,-44.94890000,32.14940000,668.03429117,730.78410694,667.10156250,733.00000000
1,2159,21,66.31240000,14.01200000,49.00097959,992.99847637,55.21093750,985.29687500
1,1841,5,-38.37230000,-16.68840000,1129.00131173,993.00082324,1124.38281250,986.71093750
1,1300,17,68.14310000,-0.01879880,588.00076196,943.99968121,587.90625000,947.79687500
1,3038,3,-103.93500000,49.94790000,1248.99710998,989.99863548,1244.52343750,978.96875000
1,225,13,41.22670000,-17.18270000,1230.90630007,65.78063331,1222.95312500,72.86718750
1,1118,20,81.35240000,-20.81280000,30.00047820,512.99942810,27.37500000,514.29687500
1,1670,9,-11.39100000,14.43240000,59.26775832,32.86598240,70.13281250,32.96093750
1,2269,18,38.67880000,17.40380000,1110.00039640,29.99880671,1108.20312500,34.96875000
1,2356,18,70.03120000,49.36060000,90.99887935,823.99994691,94.32031250,818.85937500
1,611,7,-7.77246000,-35.40270000,630.00099338,29.99925544,627.76562500,24.75000000
1,2032,5,-66.90840000,-0.06311040,589.11946342,98.77547283,587.02343750,96.37500000
1,122,19,68.17620000,-37.49030000,597.99929813,857.00003948,591.27343750,860.54687500
1,2461,14,14.09040000,13.77170000,1138.20495455,923.98924394,1141.12500000,918.33593750
1,322,17,42.22080000,-16.60580000,1119.98785873,133.90724344,1123.43750000,134.58593750
1,1224,13,42.73170000,-20.40130000,1116.21667465,33.75668951,1111.94531250,39.43750000
1,1573,11,-9.19122000,17.11450000,30.00024237,213.00034562,34.78906250,216.27343750
1,411,16,41.49760000,-52.68540000,1167.96202988,246.30236865,1167.54687500,248.00000000
1,698,4,-41.91520000,-29.55540000,432.61338204,832.16881514,432.96875000,836.34375000
1,1487,14,22.58370000,4.27441000,823.00036667,655.99850657,825.75000000,656.36718750
1,2935,3,-68.06370000,19.56110000,226.21599565,141.71863724,225.39843750,143.76562500
1,900,4,-53.17890000,-36.37990000,627.99865939,519.99984273,627.58593750,520.10156250
1,2838,9,-31.77670000,27.16000000,454.99894533,655.99893171,451.65625000,655.92968750
1,1745,6,-40.50560000,15.05690000,1207.53078172,921.18138271,1201.14843750,917.83593750
1,2556,9,-20.37610000,41.26500000,892.03127352,376.09209852,898.25781250,377.69531250
1,804,4,-36.86660000,-26.43070000,349.00134701,992.99890150,352.83593750,994.50781250
1,2643,12,9.62708000,15.69460000,1188.00190193,798.00099475,1187.44531250,794.64843750
1,513,11,9.92596000,-17.17730000,1131.36453561,805.47046080,1134.54687500,805.03906250
1,1842,8,-38.37540000,-14.91550000,221.03248932,874.71777253,222.98437500,876.14843750
1,1928,5,-61.58060000,-7.21033000,812.00013728,267.99862770,812.92187500,264.78125000
1,1010,1,-71.81830000,-53.53810000,91.00182747,343.99997928,89.69531250,347.41406250
1,225,17,41.22670000,-17.18270000,1141.38462040,101.82392750,1143.71093750,103.30468750
1,15,19,98.86800000,-28.28960000,869.99914254,30.00092009,865.64843750,28.26562500
1,2159,18,66.31240000,14.01200000,1235.30319214,888.89147428,1230.95312500,886.71875000
1,2269,15,38.67880000,17.40380000,150.35643776,166.56634104,151.32031250,170.01562500
1,2357,21,64.25960000,49.98980000,1217.17531136,862.51863183,1207.89062500,857.18750000
1,1399,11,11.96600000,-1.36621000,627.39378126,870.80978925,628.09375000,874.27343750
1,2461,11,14.09040000,13.77170000,136.85338415,938.93857820,139.83593750,934.75000000
1,2750,9,-44.55600000,30.29460000,588.99990563,993.00143699,585.74218750,993.50000000
1,1573,12,-9.19122000,17.11450000,1139.21667293,220.69526395,1138.67187500,221.03906250
1,3039,3,-104.06700000,49.91970000,1248.99555014,992.99301951,336.98437500,594.94531250
1,1301,20,68.14540000,3.76251000,812.05327287,925.09606307,808.22656250,927.20312500
1,2839,9,-23.60800000,30.20680000,546.99845236,437.99928810,546.92968750,436.07031250
1,612,10,-8.18915000,-33.54880000,557.94744681,285.82225836,556.77343750,282.32812500
1,1224,17,42.73170000,-20.40130000,1248.99992913,150.00101674,1248.64062500,152.85937500
1,901,4,-56.52420000,-53.19290000,1159.72152453,448.78790314,1160.28125000,443.85937500
1,2032,2,-66.90840000,-0.06311040,690.99947028,77.99957718,690.42187500,74.89843750
1,2936,5,-67.52090000,16.04470000,61.36638995,78.36777750,1061.39843750,560.87500000
1,322,14,42.22080000,-16.60580000,153.84737901,42.69772313,153.89062500,51.30468750
1,1671,11,-11.38830000,16.15520000,58.97737303,143.19434083,64.03906250,147.42968750
1,2557,12,-19.88410000,39.46160000,389.99969311,30.00036364,387.82812500,32.46875000
1,1746,8,-40.51370000,11.51840000,1068.00020925,944.00134964,1071.02343750,938.79687500
1,1119,19,83.30680000,-20.80310000,1145.63664350,464.88437715,1142.27343750,465.19531250
1,411,13,41.49760000,-52.68540000,91.00161974,223.99968830,95.60156250,226.35937500
1,699,7,-42.57450000,-33.28620000,708.00028392,943.99883458,711.42968750,947.57812500
1,1929,5,-61.57600000,-11.45620000,945.99830464,267.99963335,946.74218750,265.54687500
1,122,16,68.17620000,-37.49030000,688.38907487,855.85772607,689.51562500,858.51562500
1,2644,14,13.39470000,15.48600000,1198.50998530,946.68532936,1199.52343750,938.75781250
1,805,7,-37.20340000,-24.62690000,999.24260000,827.34659017,1004.75781250,827.49218750
1,1842,5,-38.37540000,-14.91550000,1069.00181807,992.99874119,1066.09375000,988.62500000
1,1488,14,22.58470000,-7.63348000,455.00001369,655.99823501,455.23437500,659.03906250
1,2160,20,66.39790000,13.47970000,1133.18328618,982.55239336,1128.05468750,979.08593750
1,514,10,8.05054000,-17.25000000,30.00074039,753.00036773,33.02343750,754.09375000
1,2270,14,38.96690000,15.67250000,1199.94455775,148.38696323,1195.13281250,148.53125000
1,2357,18,64.25960000,49.98980000,90.99958701,704.00053561,92.64843750,700.65625000
1,225,14,41.22670000,-17.18270000,136.41773141,75.26660158,136.68750000,83.42187500
1,2750,6,-44.55600000,30.29460000,724.42504911,746.34123175,724.17187500,748.70312500
1,16,19,98.50600000,-26.46970000,930.00142238,29.99879064,925.51562500,29.14843750
1,1574,11,-11.07980000,17.00720000,30.00035893,152.99824057,35.85937500,157.62500000
1,1400,14,11.96640000,-3.25146000,589.00061260,993.00117054,593.79687500,994.38281250
1,1011,4,-65.98430000,-52.96580000,1173.60527942,258.26926922,1169.92187500,254.40625000
1,3040,3,-103.44100000,48.25690000,1188.99897272,992.99509381,1187.08593750,983.79687500
1,2461,15,14.09040000,13.77170000,29.99949422,932.99974038,39.51562500,926.71875000
1,2644,11,13.39470000,15.48600000,79.63985788,916.28427152,83.72656250,911.37500000
1,1225,16,44.61930000,-20.50960000,137.65468515,213.73226561,140.69531250,215.07812500
1,2840,9,-23.35330000,36.18920000,731.00016539,437.99995603,734.34375000,438.07812500
1,2936,2,-67.52090000,16.04470000,1217.21427961,98.43270270,1215.77343750,101.63281250
1,901,1,-56.52420000,-53.19290000,29.99877840,30.00035458,35.54687500,40.52343750
1,805,4,-37.20340000,-24.62690000,289.00098273,992.99991693,293.74218750,993.91406250
1,1301,17,68.14540000,3.76251000,468.00095897,944.00069278,466.95312500,946.68750000
1,1119,20,83.30680000,-20.80310000,29.99994732,452.99957637,27.40625000,454.64062500
1,1930,5,-46.03310000,-11.46010000,945.99885369,747.99921031,948.69531250,749.33593750
1,1746,5,-40.51370000,11.51840000,216.69134376,923.09710567,396.39843750,932.48437500
1,612,7,-8.18915000,-33.54880000,689.99912473,29.99980547,688.38281250,24.42968750
1,1489,14,29.67400000,-4.67175000,547.00064099,438.00068034,544.14843750,437.77343750
1,123,19,66.85660000,-45.01730000,357.99916172,857.00085830,351.64062500,859.33593750
1,412,16,47.01640000,-51.86890000,1124.55682660,356.50254804,1126.61718750,356.75000000
1,2270,18,38.96690000,15.67250000,1169.99952282,30.00198427,1166.43750000,36.40625000
1,1671,8,-11.38830000,16.15520000,1229.99969236,29.99923383,1221.31250000,35.22656250
1,2557,9,-19.88410000,39.46160000,836.61872316,360.82530534,842.41406250,361.53125000
1,2033,5,-66.90740000,3.71771000,469.44955615,98.77975649,466.79687500,97.28906250
1,699,4,-42.57450000,-33.28620000,547.31420243,800.35198359,548.38281250,804.10937500
1,2160,17,66.39790000,13.47970000,153.43907182,887.09025939,151.69531250,883.70312500
1,1843,8,-38.37800000,-13.11630000,280.06361866,874.73123840,281.12500000,876.73437500
1,226,16,39.41940000,-17.06730000,30.00096444,32.99865296,41.60156250,41.38281250
1,3041,3,-102.84600000,46.56010000,1129.00076359,992.99760501,1129.00781250,985.41406250
1,2841,9,-29.36980000,36.19480000,731.00159626,584.00023578,733.07812500,585.90625000
1,2644,15,13.39470000,15.48600000,91.31663982,947.37308961,98.67187500,941.85937500
1,2461,12,14.09040000,13.77170000,1246.10642102,948.73858450,1240.79687500,940.62500000
1,323,13,40.41880000,-16.71580000,1248.99811464,90.00186363,1240.78125000,96.70312500
1,2358,18,58.27910000,50.33110000,90.99850431,583.99953932,91.85937500,581.66406250
1,17,19,98.15830000,-24.66760000,990.00107672,30.00070277,984.76562500,30.32031250
1,1011,1,-65.98430000,-52.96580000,90.99799036,223.99963066,90.96093750,228.31250000
1,514,11,8.05054000,-17.25000000,1131.36202840,746.62020342,1135.35937500,746.60937500
1,1574,12,-11.07980000,17.00720000,1139.20831702,161.78439181,1137.45312500,163.03906250
1,1225,17,44.61930000,-20.50960000,1248.99822692,210.00038914,1249.49218750,212.13281250
1,2751,9,-44.17880000,28.44200000,528.99909628,993.00006477,525.41406250,992.78125000
1,1931,5,-45.87310000,-11.45650000,946.00043835,753.00087610,947.87500000,754.10156250
1,2936,6,-67.52090000,16.04470000,1171.00128917,78.00051227,1164.97656250,83.88281250
1,613,10,-8.58826000,-31.69700000,501.40531756,270.29158932,499.28125000,267.07031250
1,1490,14,29.67380000,1.31317000,731.00044333,438.00123183,730.77343750,436.39843750
1,1747,8,-40.52020000,7.87341000,947.99901868,944.00009766,952.89062500,941.49218750
1,1302,20,68.14940000,7.49725000,931.78579689,925.08249172,927.78125000,925.82812500
1,1671,12,-11.38830000,16.15520000,1167.41948069,148.77817323,1164.70312500,150.69531250
1,412,13,47.01640000,-51.86890000,90.99937451,103.99964097,98.44531250,109.52343750
1,123,16,66.85660000,-45.01730000,917.91809850,791.25105769,918.49218750,792.82812500
1,806,7,-37.52700000,-22.84430000,1056.71159868,843.22839231,1061.62500000,842.07812500
1,2160,21,66.39790000,13.47970000,30.00004476,993.00019887,37.11718750,984.78125000
1,2842,9,-29.20100000,30.21190000,547.00068171,584.00000268,545.78906250,584.08593750
1,2270,15,38.96690000,15.67250000,92.25715525,150.59719837,95.52343750,155.54687500
1,3042,3,-102.28000000,44.83190000,1069.00125562,993.00464827,1070.72656250,986.79687500
1,1400,11,11.96640000,-3.25146000,686.45692336,870.80444623,687.75781250,874.24218750
1,226,13,39.41940000,-17.06730000,1238.61451802,124.16628861,1231.58593750,129.62500000
1,902,4,-57.19000000,-51.52960000,1105.32566127,433.81813306,1106.33593750,429.20312500
1,1120,19,85.25670000,-20.77280000,1145.49312089,405.92634948,1142.01562500,406.07812500
1,2558,12,-19.41400000,37.64000000,450.00119690,29.99936343,447.42187500,31.51562500
1,2462,14,15.92310000,13.87570000,1138.24046158,865.08337613,1141.65625000,860.54687500
1,515,10,6.15839000,-17.30720000,30.00136730,692.99992828,32.16406250,694.47656250
1,18,19,97.82430000,-22.88670000,1049.99852270,30.00032046,1043.78906250,31.49218750
1,2751,6,-44.17880000,28.44200000,781.01436581,761.95570662,781.42968750,764.28125000
1,700,7,-43.29060000,-37.03170000,588.00150225,943.99975536,590.17187500,948.37500000
1,2644,12,13.39470000,15.48600000,1188.00043071,918.00032017,1185.44531250,912.13281250
1,1012,4,-60.44090000,-52.13020000,1130.15942009,368.34178133,1129.96875000,363.60156250
1,2033,2,-66.90740000,3.71771000,810.99947444,77.99987725,811.21875000,75.18750000
1,1843,5,-38.37800000,-13.11630000,1008.99995746,993.00027136,1007.60937500,989.96093750
1,2359,18,52.21310000,50.36510000,90.99909810,464.00084514,92.26562500,462.40625000
1,323,17,40.41880000,-16.71580000,1127.21513030,75.62288246,1129.45312500,77.32812500
1,613,7,-8.58826000,-31.69700000,749.99841895,30.00126545,748.96875000,24.25000000
1,1671,9,-11.38830000,16.15520000,119.01912945,42.17841170,127.31250000,41.11718750
1,1932,5,-45.87720000,3.92438000,466.00042453,752.99909584,676.30468750,255.45312500
1,1226,16,46.52840000,-20.59980000,137.66652697,272.70048783,139.67968750,273.39062500
1,1401,14,11.96730000,-5.13330000,529.00033582,993.00000258,533.57812500,994.50000000
1,413,16,43.44430000,-49.11410000,1044.13553963,273.71869353,1047.23437500,273.81250000
1,2936,3,-67.52090000,16.04470000,109.58286510,109.34766359,112.51562500,114.82812500
1,806,4,-37.52700000,-22.84430000,229.00033123,993.00118403,235.07812500,993.41406250
1,1747,5,-40.52020000,7.87341000,336.25551833,923.05676734,297.69531250,230.73437500
1,1574,9,-11.07980000,17.00720000,149.00422818,36.93466631,156.75000000,35.71093750
1,226,17,39.41940000,-17.06730000,1141.39681021,42.89146598,1142.80468750,45.58593750
1,2271,17,39.24490000,13.97100000,130.37046458,37.32365908,1118.67968750,738.71093750
1,515,11,6.15839000,-17.30720000,1131.35865462,687.76570870,1135.91406250,688.00000000
1,2462,15,15.92310000,13.87570000,30.00072125,872.99981572,37.86718750,868.52343750
1,2161,20,68.20220000,13.59230000,1133.11203611,923.68749538,1129.20312500,921.61718750
1,2645,14,14.19730000,15.43240000,1194.77993723,920.63318786,1196.15625000,913.46875000
1,902,1,-57.19000000,-51.52960000,89.99985541,29.99951526,93.53125000,38.40625000
1,124,19,65.83650000,-49.81260000,199.99937823,856.99942552,195.28125000,857.25781250
1,2558,9,-19.41400000,37.64000000,781.01721493,345.50820673,786.33593750,345.30468750
1,2843,9,-25.25700000,32.02340000,602.00054358,482.00010980,602.59375000,481.30468750
1,3043,3,-101.74000000,43.07530000,1008.99684103,992.99221778,1011.66406250,988.28125000
1,19,19,97.50310000,-21.13000000,1110.00022007,30.00129126,1102.26562500,32.85937500
1,1302,17,68.14940000,7.49725000,347.99965911,944.00190150,346.99218750,944.84375000
1,2752,9,-43.81650000,26.59570000,468.99956500,992.99962450,465.31250000,991.75000000
1,1672,11,-11.38740000,16.69400000,40.26085355,143.17793917,46.32031250,147.82812500
1,1401,11,11.96730000,-5.13330000,745.51468777,870.80155926,747.39062500,874.03906250
1,1120,20,85.25670000,-20.77280000,30.00148355,393.00053052,27.61718750,394.97656250
1,1491,14,24.91920000,1.31299000,730.99991663,583.99982885,731.78125000,584.21875000
1,413,13,43.44430000,-49.11410000,199.99919226,163.99964787,201.64843750,165.42187500
1,2034,5,-66.90470000,7.45197000,349.78724255,98.78422215,347.42187500,98.50000000
1,1012,1,-60.44090000,-52.13020000,91.00099827,103.99873647,92.77343750,110.43750000
1,1933,5,-45.87320000,8.17035000,331.99950820,753.00120117,283.46875000,34.47656250
1,516,10,4.25348000,-17.34830000,29.99879639,632.99970147,31.36718750,634.75781250
1,700,4,-43.29060000,-37.03170000,661.17080135,768.76831936,663.24218750,771.54687500
1,323,14,40.41880000,-16.71580000,153.93102631,101.47164562,153.19531250,108.30468750
1,903,4,-57.82210000,-49.83240000,1050.73582345,418.79294011,1052.33593750,414.40625000
1,2463,14,17.77980000,13.96550000,1138.27515649,806.17269528,1142.10156250,802.46875000
1,1575,11,-12.94330000,16.88270000,29.99871116,92.99933426,37.16406250,99.39062500
1,2937,5,-67.44710000,15.55600000,78.52112712,80.80146934,750.01562500,114.23437500
1,1844,8,-38.38020000,-11.29390000,339.10456836,874.74467461,339.61718750,877.15625000
1,2559,12,-18.96430000,35.80420000,510.00047318,29.99993552,507.61718750,30.82031250
1,2360,18,46.19540000,50.08990000,91.00024060,343.99935909,92.39062500,343.43750000
1,2271,14,39.24490000,13.97100000,1142.46815768,139.36600212,1139.15625000,139.00000000
1,1226,17,46.52840000,-20.59980000,1248.99973774,269.99954136,1250.16406250,271.65625000
1,807,7,-37.83820000,-21.08610000,1114.36684749,859.16389155,1118.12500000,856.53125000
1,2844,9,-25.20580000,34.43380000,675.99929964,481.99910877,678.17187500,482.12500000
1,614,10,-8.97070000,-29.85140000,444.67324302,254.71124848,441.84375000,251.85156250
1,226,14,39.41940000,-17.06730000,143.97341935,133.70798644,143.04687500,140.06250000
1,3044,3,-101.22600000,41.29350000,948.99948253,993.00228014,952.48437500,989.59375000
1,1748,8,-40.52510000,4.14783000,827.99947551,944.00027150,833.14062500,943.53125000
1,2645,11,14.19730000,15.43240000,79.63587969,942.31934901,84.50000000,936.72656250
1,2161,17,68.20220000,13.59230000,146.07351998,945.38308567,145.78906250,940.62500000
1,124,16,65.83650000,-49.81260000,1067.40033990,749.17762593,1066.95312500,749.21875000
1,1402,14,11.96860000,-7.00769000,468.99971629,992.99954539,473.53125000,994.40625000
1,2752,6,-43.81650000,26.59570000,837.80377696,777.62448077,838.46093750,779.89062500
1,414,16,41.83030000,-41.77190000,817.25364561,210.50518621,820.57812500,208.89843750
1,20,19,97.19420000,-19.40060000,1169.99859888,29.99856843,1160.57812500,34.24218750
1,1672,8,-11.38740000,16.69400000,1249.00051673,29.99974547,1239.24218750,35.64843750
1,1013,4,-64.05480000,-49.38790000,1049.68585348,285.49224397,1049.30468750,281.18750000
1,516,11,4.25348000,-17.34830000,1131.35221083,628.90762773,1136.29687500,629.15625000
1,1303,20,68.15500000,11.15530000,1051.52968882,925.07064448,1046.33593750,923.83593750
1,1121,19,87.19770000,-20.72240000,1145.34469410,346.99227438,1141.51562500,346.92187500
1,2271,18,39.24490000,13.97100000,1230.00102283,29.99931955,1224.21875000,37.99218750
1,1492,14,24.91960000,-4.67206000,547.00043624,583.99963844,547.34375000,585.51562500
1,903,1,-57.82210000,-49.83240000,150.00080294,30.00078768,151.49218750,36.47656250
1,2937,2,-67.44710000,15.55600000,1200.45032333,96.00894290,1199.53906250,98.82812500
1,2463,15,17.77980000,13.96550000,30.00109510,812.99869629,36.48437500,810.00000000
1,807,4,-37.83820000,-21.08610000,169.00002138,993.00021293,176.57031250,992.55468750
1,1844,5,-38.38020000,-11.29390000,948.99771452,993.00184073,948.53906250,990.86718750
1,3045,3,-100.73500000,39.48990000,888.99951022,993.00411128,892.82031250,990.77343750
1,324,13,38.58990000,-16.81270000,1248.99915115,150.00053178,1242.12500000,155.13281250
1,2034,2,-66.90470000,7.45197000,931.00062662,77.99996771,931.14843750,76.19531250
1,1934,5,-61.41890000,8.17133000,331.99969528,272.99863577,328.03906250,271.61718750
1,2845,9,-27.54480000,34.43600000,676.00100293,540.00052502,677.59375000,540.72656250
1,1748,5,-40.52510000,4.14783000,455.85465320,923.01502492,422.18750000,212.40625000
1,2161,21,68.20220000,13.59230000,29.99861743,933.00090763,35.45312500,926.96875000
1,1575,12,-12.94330000,16.88270000,1139.19826835,102.88189848,1136.15625000,105.46093750
1,2645,15,14.19730000,15.43240000,87.57880646,921.85821111,94.24218750,917.14843750
1,2360,15,46.19540000,50.08990000,1220.26602055,137.64404915,1213.35156250,142.11718750
1,701,7,-44.07120000,-40.75840000,467.99935508,944.00083923,469.06250000,948.51562500
1,1013,1,-64.05480000,-49.38790000,199.99962739,163.99998170,197.95312500,166.25781250
1,614,7,-8.97070000,-29.85140000,809.99859347,30.00017439,809.54687500,24.27343750
1,904,4,-58.42260000,-48.10390000,995.94991855,403.71661627,997.92187500,399.62500000
1,125,19,77.04440000,-50.81630000,200.00227359,616.99922093,192.89062500,617.89843750
1,227,16,40.51560000,-18.88790000,90.99857751,77.99940988,98.47656250,83.28906250
1,414,13,41.83030000,-41.77190000,439.99795529,164.00156444,438.70312500,162.26562500
1,2937,6,-67.44710000,15.55600000,1188.00009187,78.00155319,1181.33593750,84.26562500
1,2559,9,-18.96430000,35.80420000,725.23052932,330.13855762,729.63281250,328.91406250
1,517,10,2.33997000,-17.37310000,29.99962504,573.00076533,30.99218750,574.82031250
1,1402,11,11.96860000,-7.00769000,804.56677780,870.79799031,807.02343750,873.75781250
1,1227,16,48.45510000,-20.67100000,137.67887627,331.66622362,138.96093750,331.82812500
1,1845,8,-38.38210000,-9.45178000,398.14951011,874.76151340,398.46093750,877.48437500
1,3046,3,-100.26600000,37.66820000,829.00126168,993.01010439,833.15625000,991.51562500
1,1121,20,87.19770000,-20.72240000,29.99787488,332.99997082,28.04687500,335.43750000
1,2464,14,19.65690000,14.04030000,1138.30871345,747.26050146,1142.42968750,744.22656250
1,1672,12,-11.38740000,16.69400000,1149.13666987,150.95309733,1147.01562500,152.56250000
1,2645,12,14.19730000,15.43240000,1188.00116261,944.00206312,1185.23437500,937.45312500
1,1303,17,68.15500000,11.15530000,227.99955372,944.00140237,228.48437500,942.32812500
1,808,7,-38.13760000,-19.35520000,1172.20901821,875.15101370,1174.41406250,870.85156250
1,2753,9,-43.46820000,24.75960000,408.99775926,992.99949860,405.10156250,990.59375000
1,2035,5,-66.90030000,11.10960000,230.13386486,98.79021831,229.26562500,100.73437500
1,2271,15,39.24490000,13.97100000,33.93870776,134.57363631,40.13281250,141.22656250
1,1493,14,28.24110000,-2.88470000,602.00002291,482.00117000,600.07812500,481.94531250
1,21,19,96.89670000,-17.70090000,1230.00091226,29.99904275,1218.95312500,35.74218750
1,1014,4,-65.72370000,-42.05080000,822.83479408,222.07159151,822.19531250,218.19531250
1,2846,9,-27.52820000,32.02550000,602.00177407,539.99986323,602.37500000,539.96875000
1,701,4,-44.07120000,-40.75840000,774.19831300,737.41450204,777.40625000,738.67968750
1,324,14,38.58990000,-16.81270000,154.01884874,160.24736721,152.51562500,165.84375000
1,2361,18,40.35400000,49.52130000,91.00073908,224.00040893,94.28906250,225.15625000
1,904,1,-58.42260000,-48.10390000,210.00091352,29.99912144,209.76562500,34.68750000
1,1403,14,11.97030000,-8.87067000,408.99953239,992.99969319,413.99218750,994.22656250
1,1935,5,-58.46030000,4.30988000,454.99956695,364.99849833,450.97656250,362.87500000
1,615,10,-9.33752000,-28.01600000,387.75024579,239.07846660,384.19531250,236.64062500
1,2161,18,68.20220000,13.59230000,1246.08895118,952.37945429,1239.65625000,948.49218750
1,2646,15,14.74430000,18.93410000,204.59481605,889.43521348,206.53125000,887.81250000
1,517,11,2.33997000,-17.37310000,1131.34904722,570.04732162,1136.46093750,570.00000000
1,1575,9,-12.94330000,16.88270000,139.77749323,95.41071548,145.94531250,92.57812500
1,2937,3,-67.44710000,15.55600000,92.99830841,104.74357830,96.67968750,111.07031250
1,1749,8,-40.52830000,0.37121600,708.00033241,944.00007876,711.79687500,944.96875000
1,1672,9,-11.38740000,16.69400000,137.46134595,45.05370527,145.14062500,43.68750000
1,3047,3,-99.81680000,35.83220000,768.99870710,993.00036839,772.92187500,992.42968750
1,125,16,77.04440000,-50.81630000,1155.42420542,984.27596009,1148.07031250,978.49218750
1,2464,15,19.65690000,14.04030000,30.00027991,752.99972067,35.27343750,751.37500000
1,1227,17,48.45510000,-20.67100000,1249.00178309,329.99951422,1250.65625000,331.25781250
1,1304,20,68.16220000,14.71030000,1171.28475655,925.05858197,1163.42968750,921.33593750
1,1014,1,-65.72370000,-42.05080000,440.00021336,163.99967778,436.47656250,161.52343750
1,2035,2,-66.90030000,11.10960000,1051.00174200,77.99849321,1050.16406250,77.77343750
1,415,16,40.50550000,-34.19560000,586.69051404,146.27018501,588.03125000,144.46093750
1,1122,19,89.12540000,-20.65200000,1145.20411121,288.08280925,1140.87500000,288.18750000
1,905,4,-58.99380000,-46.34700000,940.96677806,388.58520264,942.85937500,384.64062500
1,702,7,-44.92530000,-44.43300000,348.00192833,944.00038213,348.53906250,947.71093750
1,1845,5,-38.38210000,-9.45178000,889.00078816,992.99990817,889.27343750,992.25781250
1,22,19,96.80470000,-17.16930000,1249.00013788,30.00259593,1217.15625000,44.70312500
1,2847,9,-26.07010000,32.87600000,628.00140840,502.99851128,629.03125000,502.80468750
1,2361,15,40.35400000,49.52130000,1174.50583692,253.53399327,1171.57812500,254.78906250
1,2560,12,-18.53380000,33.95810000,570.00023780,29.99918634,567.68750000,30.28125000
1,227,13,40.51560000,-18.88790000,1173.38206142,96.95712451,1168.57812500,101.82031250
1,2646,12,14.74430000,18.93410000,1068.00185873,944.00055027,1068.79687500,940.21093750
1,808,4,-38.13760000,-19.35520000,109.00072275,992.99928799,118.47656250,991.57031250
1,2272,17,39.33100000,13.43880000,148.76281916,40.18723616,1151.59375000,566.85937500
1,1494,14,28.24100000,-0.47412100,675.99996406,482.00119932,675.08593750,481.40625000
1,2465,14,21.55070000,14.09950000,1138.34345324,688.34525496,1142.62500000,685.48437500
1,2753,6,-43.46820000,24.75960000,894.79756737,793.34934048,895.73437500,795.34375000
1,1403,11,11.97030000,-8.87067000,863.61240264,870.79384195,866.30468750,873.30468750
1,325,13,36.73720000,-16.89580000,1248.99973849,209.99946381,1243.36718750,213.69531250
1,3048,3,-99.38710000,33.98600000,709.00040935,992.99923231,712.90625000,992.97656250
1,1304,17,68.16220000,14.71030000,108.00072900,944.00114316,111.67187500,939.22656250
1,2938,5,-63.69900000,15.78460000,78.40046564,200.94503274,77.39843750,203.36718750
1,1749,5,-40.52830000,0.37121600,575.48984692,922.97366058,573.69531250,926.03906250
1,1673,11,-13.22000000,16.83500000,30.97030997,84.01684838,38.50781250,90.64062500
1,905,1,-58.99380000,-46.34700000,270.00170010,29.99829055,268.58593750,33.03125000
1,1576,11,-14.77840000,16.74190000,30.00133896,33.00229681,38.63281250,41.48437500
1,518,10,0.42199700,-17.38120000,29.99828454,513.00042836,30.70312500,514.97656250
1,615,7,-9.33752000,-28.01600000,870.00030651,29.99908601,870.17968750,24.51562500
1,1122,20,89.12540000,-20.65200000,30.00231399,272.99930547,28.76562500,276.32031250
1,2036,5,-66.89440000,14.66420000,110.49090104,98.79321706,113.45312500,103.46093750
1,1936,5,-58.45890000,-7.59692000,823.00026593,364.99932693,824.47656250,362.43750000
1,1015,4,-67.09110000,-34.47860000,592.58757589,157.70214072,589.27343750,155.66406250
1,2647,15,15.33650000,22.53940000,320.79237730,857.23764805,320.10156250,857.89062500
1,415,13,40.50550000,-34.19560000,679.99902810,163.99938621,680.14062500,161.61718750
1,2362,18,34.79490000,48.69010000,91.00028120,103.99935959,96.53906250,108.21093750
1,2162,20,70.03360000,13.69180000,1133.04358710,864.81926594,1129.89062500,863.91406250
1,1228,16,50.39520000,-20.72240000,137.68732351,390.62817869,138.47656250,390.63281250
1,702,4,-44.92530000,-44.43300000,886.39873594,706.29166820,890.63281250,705.82812500
1,126,19,88.61540000,-50.69890000,199.99871559,377.00008529,193.14843750,375.98437500
1,23,19,94.99900000,-17.29470000,1249.00044189,90.00156767,1238.31250000,94.53906250
1,2938,6,-63.69900000,15.78460000,1188.00090274,197.99848660,1184.13281250,201.44531250
1,1846,8,-38.38350000,-7.59320000,457.20753347,874.77554353,457.86718750,877.68750000
1,2465,15,21.55070000,14.09950000,30.00068085,693.00111206,34.32812500,692.24218750
1,3049,3,-98.97540000,32.13350000,648.99821206,993.00010652,652.39062500,993.30468750
1,808,8,-38.13760000,-19.35520000,71.81429215,867.35111569,77.38281250,866.60937500
1,2272,14,39.33100000,13.43880000,1124.66941014,136.57066617,1121.89062500,136.03906250
1,1750,8,-40.52980000,-3.42432000,588.00034390,944.00031268,590.17968750,945.71093750
1,1304,21,68.16220000,14.71030000,69.14821780,929.17765524,69.75781250,923.67187500
1,2560,9,-18.53380000,33.95810000,669.25439898,314.71800001,672.99218750,312.67968750
1,2848,9,-26.06230000,33.59280000,649.99964556,503.00151507,651.58593750,503.08593750
1,227,17,40.51560000,-18.88790000,1201.44348746,78.61729892,1201.63281250,81.75000000
1,325,14,36.73720000,-16.89580000,154.10623923,219.02796316,152.13281250,223.67187500
1,1576,8,-14.77840000,16.74190000,1242.05010743,140.28461608,1236.12500000,142.14843750
1,1673,8,-13.22000000,16.83500000,1248.99962553,89.99920724,1241.21093750,93.49218750
1,2754,9,-43.13320000,22.93770000,348.99859945,993.00165830,345.51562500,989.31250000
1,616,10,-9.68964000,-26.19480000,330.63994833,223.39249553,327.25781250,221.75000000
1,416,16,39.40140000,-26.65370000,352.36057244,80.98278981,353.64843750,81.71093750
1,1015,1,-67.09110000,-34.47860000,680.00163970,163.99864844,679.29687500,159.08593750
1,703,7,-45.86390000,-48.02500000,227.99786017,943.99958701,229.65625000,946.60937500
1,2036,2,-66.89440000,14.66420000,1171.00085735,78.00000749,1167.07031250,80.02343750
1,23,20,94.99900000,-17.29470000,134.40644803,85.93788908,132.00000000,90.37500000
1,2939,5,-59.86130000,15.94560000,78.27690551,321.12647125,75.72656250,321.98437500
1,2466,14,23.45730000,14.14250000,1138.37742258,629.42508090,1142.53125000,626.67968750
1,1404,14,11.97240000,-10.71840000,349.00136605,993.00029602,354.14843750,993.77343750
1,906,4,-59.53770000,-44.56500000,885.78908690,373.39738275,887.45312500,369.71875000
1,1123,19,91.03560000,-20.56270000,1145.05669727,229.19976593,1139.99218750,229.69531250
1,518,11,0.42199700,-17.38120000,1131.34380361,511.18195762,1136.48437500,511.06250000
1,1495,14,26.35130000,-0.47418200,676.00059082,540.00058434,675.75781250,539.99218750
1,1846,5,-38.38350000,-7.59320000,829.00041164,993.00088220,829.30468750,993.09375000
1,2647,12,15.33650000,22.53940000,947.99807250,944.00039106,950.85156250,942.34375000
1,2362,15,34.79490000,48.69010000,1131.00523961,363.70388882,1131.18750000,363.60937500
1,2272,18,39.33100000,13.43880000,1249.00149969,30.00032960,1242.39062500,38.48437500
1,1937,5,-48.99900000,-7.59674000,823.00087654,655.99877609,1123.75781250,103.45312500
1,809,7,-38.42580000,-17.65410000,1230.24203736,891.18933832,1230.25000000,885.21875000
1,3050,3,-98.58060000,30.27910000,588.99965852,993.00142076,592.38281250,993.45312500
1,2849,9,-26.74080000,33.59330000,649.99939618,520.00079739,651.37500000,520.21875000
1,1304,18,68.16220000,14.71030000,1207.09026866,945.51308348,1205.14843750,943.81250000
1,1750,5,-40.52980000,-3.42432000,695.16238199,922.93188545,695.26562500,925.76562500
1,227,14,40.51560000,-18.88790000,79.52900093,98.47846871,81.89843750,107.79687500
1,2162,21,70.03360000,13.69180000,30.00009532,872.99953912,33.71875000,868.89062500
1,1228,17,50.39520000,-20.72240000,1248.99979622,389.99919939,1251.00781250,391.17968750
1,2561,12,-18.12120000,32.10580000,630.00120600,30.00011276,627.96875000,29.78906250
1,127,19,92.98250000,-46.22320000,332.00039934,268.00063712,324.89062500,265.27343750
1,1576,12,-14.77840000,16.74190000,1139.19235233,43.98566931,1134.56250000,48.23437500
1,326,13,34.86410000,-16.96440000,1248.99826638,270.00115622,1244.49218750,272.67968750
1,703,4,-45.86390000,-48.02500000,997.79134253,675.39326589,1001.71875000,672.98437500
1,1016,4,-68.22890000,-26.94010000,358.87192011,92.35960433,355.27343750,94.96875000
1,2466,15,23.45730000,14.14250000,30.00027154,633.00111127,33.59375000,632.89843750
1,416,13,39.40140000,-26.65370000,919.99962411,163.99994582,921.12500000,163.21093750
1,2363,18,38.33290000,45.94480000,200.00110364,163.99986003,200.88281250,164.46875000
1,2939,6,-59.86130000,15.94560000,1187.99889739,317.99911456,1185.85937500,319.85156250
1,2648,15,15.97930000,26.22190000,436.17103184,825.26809696,434.79687500,827.13281250
1,2036,6,-66.89440000,14.66420000,1220.20495256,91.58470348,1216.03125000,98.51562500
1,24,19,93.16600000,-17.40680000,1248.99969780,149.99767754,1239.39843750,153.10937500
1,1123,20,91.03560000,-20.56270000,29.99960589,212.99939317,29.51562500,217.25000000
1,2850,9,-26.74280000,32.87650000,628.00128093,520.00038825,629.12500000,520.03125000
1,1847,8,-38.38450000,-5.72198000,516.27583483,874.79012277,517.10937500,877.73437500
1,616,7,-9.68964000,-26.19480000,929.99909873,29.99976840,930.01562500,24.89062500
1,2754,6,-43.13320000,22.93770000,951.99250728,809.12744574,952.57812500,810.54687500
1,2273,17,41.13480000,13.55320000,148.76843245,99.02814456,148.52343750,97.73437500
1,1938,5,-48.99930000,4.31116000,455.00029703,656.00167229,888.57031250,52.63281250
1,1751,8,-40.52950000,-7.20563000,468.00024588,943.99779265,469.57812500,945.74218750
1,2561,9,-18.12120000,32.10580000,613.08797412,299.24337498,615.84375000,296.53125000
1,809,4,-38.42580000,-17.65410000,48.99952565,992.99992115,61.05468750,990.54687500
1,1305,20,68.16330000,15.20430000,1188.25196679,925.05832230,1179.53906250,920.93750000
1,228,16,39.98260000,-22.38880000,211.00017304,77.99947151,214.39062500,80.88281250
1,906,1,-59.53770000,-44.56500000,329.99974900,30.00041041,327.75000000,31.49218750
1,326,14,34.86410000,-16.96440000,154.19165440,277.81578781,151.92187500,281.80468750
1,1404,11,11.97240000,-10.71840000,922.64999066,870.78925962,925.45312500,872.66406250
1,1229,16,52.34440000,-20.75370000,137.69817419,449.58805693,138.15625000,449.57031250
1,519,10,-1.49609000,-17.37270000,30.00105026,453.00057440,30.32031250,454.84375000
1,1673,12,-13.22000000,16.83500000,1140.13444066,93.93353619,1136.97656250,96.70312500
1,2648,12,15.97930000,26.22190000,827.99965168,943.99915710,831.24218750,943.89062500
1,2940,5,-55.96620000,16.03290000,78.15603783,441.34360721,74.48437500,441.43750000
1,1496,14,26.35140000,-2.88483000,601.99922200,540.00159511,602.78125000,540.51562500
1,24,20,93.16600000,-17.40680000,134.24105507,145.05468492,130.79687500,148.08593750
1,2363,15,38.33290000,45.94480000,1050.50942028,280.83825653,1051.03906250,280.64843750
1,128,19,90.85060000,-30.92990000,812.00050284,268.00178752,809.43750000,264.45312500
1,3051,3,-98.20150000,28.42680000,528.99892814,992.99875025,532.10937500,993.48437500
1,704,7,-46.90000000,-51.50670000,107.99943975,943.99989695,112.35156250,944.80468750
1,1576,9,-14.77840000,16.74190000,130.77371744,152.44727015,135.46875000,148.46093750
1,2755,9,-42.81050000,21.13360000,288.99908304,992.99849193,286.02343750,987.89062500
1,1016,1,-68.22890000,-26.94010000,920.00017593,164.00081174,921.57812500,159.19531250
1,2163,20,71.88880000,13.77720000,1132.97336546,805.95069376,1130.64843750,805.84375000
1,2467,14,25.37260000,14.16890000,1138.41066284,570.49918245,1142.35156250,567.78906250
1,2851,6,-77.21490000,50.02400000,30.00142548,30.00025659,39.75000000,37.40625000
1,617,10,-10.02780000,-24.39130000,273.33596911,207.65505681,270.39062500,206.82031250
1,2036,3,-66.89440000,14.66420000,63.40645396,82.70627553,65.30468750,89.32812500
1,1124,19,92.92440000,-20.45500000,1144.91306455,170.34091306,1138.87500000,171.33593750
1,2562,12,-17.72550000,30.25150000,690.00155964,30.00056384,688.30468750,29.70312500
1,2649,15,16.67930000,29.95180000,550.74555312,793.51799122,549.96875000,796.00000000
1,809,8,-38.42580000,-17.65410000,129.36016951,876.46277942,133.22656250,876.39843750
1,417,16,38.77080000,-21.83430000,195.99277095,37.41640139,201.04687500,41.92187500
1,1847,5,-38.38450000,-5.72198000,768.99919069,993.00129911,769.45312500,993.67968750
1,1405,14,11.97490000,-12.54740000,289.00118906,993.00117077,294.46093750,993.15625000
1,2364,18,39.85380000,38.60640000,439.99964567,164.00057285,438.82812500,161.75781250
1,2273,14,41.13480000,13.55320000,1132.07466995,78.29905758,1127.35156250,79.27343750
1,1229,17,52.34440000,-20.75370000,1249.00030757,449.99996817,1251.10937500,451.17187500
1,2940,6,-55.96620000,16.03290000,1187.99964379,438.00077651,1186.92968750,439.16406250
1,1751,5,-40.52950000,-7.20563000,814.87164630,922.89286366,815.75781250,924.81250000
1,1939,5,-56.09240000,1.34937000,547.00001094,438.00016670,544.67187500,436.80468750
1,1305,17,68.16330000,15.20430000,91.00019971,943.99965223,95.64843750,938.74218750
1,1673,9,-13.22000000,16.83500000,137.47875644,103.91325953,143.21093750,100.85937500
1,907,4,-60.05590000,-42.76120000,830.41114228,358.15695289,831.41406250,354.61718750
1,228,13,39.98260000,-22.38880000,1056.90659991,129.15740390,1056.01562500,130.96093750
1,704,4,-46.90000000,-51.50670000,1108.37306321,644.71872140,1110.90625000,640.47656250
1,1497,14,27.55680000,-2.03790000,627.99919037,503.00151221,627.32031250,502.94531250
1,2851,3,-77.21490000,50.02400000,1170.81508506,450.58374781,1170.71875000,449.21875000
1,327,13,32.97450000,-17.01770000,1249.00010772,329.99959189,1245.21875000,332.01562500
1,2649,12,16.67930000,29.95180000,707.99910756,944.00130688,710.89843750,944.70312500
1,3052,3,-97.83750000,26.58080000,469.00041763,993.00077359,471.93750000,993.40625000
1,1124,20,92.92440000,-20.45500000,30.00074296,152.99883892,30.51562500,158.45312500
1,2755,6,-42.81050000,21.13360000,1009.39109603,824.96700646,1009.35937500,825.69531250
1,2467,15,25.37260000,14.16890000,29.99909440,572.99886023,33.14062500,573.57031250
1,519,11,-1.49609000,-17.37270000,1131.34252072,452.31338857,1135.92968750,451.87500000
1,2037,5,-66.89340000,15.15810000,93.54308027,98.79492383,97.17187500,103.51562500
1,1577,11,-13.40940000,15.09810000,91.00037461,78.00006707,95.84375000,83.21875000
1,2562,9,-17.72550000,30.25150000,556.73142568,283.71682870,558.84375000,280.28125000
1,2364,15,39.85380000,38.60640000,823.54498314,217.47350716,824.07812500,215.88281250
1,2941,5,-52.04900000,16.04330000,78.03375647,561.59294973,246.41406250,615.47656250
1,25,19,91.30860000,-17.50460000,1249.00168693,210.00033402,1240.28125000,212.14062500
1,129,19,90.38800000,-26.70260000,945.99885566,267.99981031,943.65625000,265.46093750
1,1230,16,54.29820000,-20.76450000,137.70818296,508.54478974,137.96875000,508.42968750
1,907,1,-60.05590000,-42.76120000,389.99825800,29.99994053,387.36718750,30.26562500
1,1017,4,-68.87790000,-22.12260000,203.07623834,48.80517940,202.49218750,56.46875000
1,1305,21,68.16330000,15.20430000,86.23879770,926.89830188,85.82812500,921.84375000
1,1498,14,27.55680000,-1.32104000,649.99955729,503.00049623,648.62500000,502.85156250
1,1405,11,11.97490000,-12.54740000,981.68350220,870.78442040,984.60937500,871.92968750
1,417,13,38.77080000,-21.83430000,1077.99883794,164.00052277,1076.96093750,165.46875000
1,617,7,-10.02780000,-24.39130000,989.99994696,29.99869455,989.76562500,25.39843750
1,1848,8,-38.38510000,-3.84210000,575.35174430,874.80536708,576.50781250,877.62500000
1,2852,6,-76.58250000,48.36190000,90.00124820,29.99905648,95.32812500,36.37500000
1,2273,18,41.13480000,13.55320000,1248.99942083,89.99862957,1243.96875000,96.46875000
1,2650,15,17.44370000,33.69640000,664.52318792,761.99240465,664.92968750,764.32031250
1,1940,5,-56.09190000,-4.63556000,731.00006268,437.99811653,731.46875000,436.62500000
1,809,5,-38.42580000,-17.65410000,1161.95915255,991.17534790,1156.59375000,984.66406250
1,2365,18,41.11560000,31.03310000,680.00123757,164.00019544,681.08593750,161.29687500
1,3053,3,-97.48740000,24.74500000,408.99930873,992.99840394,412.25781250,992.77343750
1,1674,8,-15.08120000,16.96000000,1249.00184871,150.00017735,1242.82812500,151.85156250
1,2941,6,-52.04900000,16.04330000,1187.99904909,558.00023468,1186.90625000,558.87500000
1,2163,21,71.88880000,13.77720000,29.99972448,812.99975661,32.20312500,810.46093750
1,2468,14,27.29220000,14.17850000,1138.44479680,511.57245112,1141.95312500,508.73437500
1,520,10,-3.41003000,-17.34750000,30.00180542,393.00030567,30.67187500,395.16406250
1,1230,17,54.29820000,-20.76450000,1248.99995609,510.00087878,1251.04687500,511.13281250
1,2756,9,-42.49980000,19.35070000,228.99941476,993.00171875,227.06250000,986.22656250
1,2563,12,-17.34570000,28.39940000,749.99996329,30.00053317,748.47656250,29.71875000
1,130,19,73.47020000,-26.78620000,946.00041648,748.00049106,943.15625000,750.36718750
1,1406,14,11.97780000,-14.35420000,229.00199670,993.00208854,235.77343750,992.42187500
1,1125,19,94.78810000,-20.33000000,1144.76855877,111.50758839,1137.73437500,113.52343750
1,1577,8,-13.40940000,15.09810000,1188.13530685,96.04881298,1183.40625000,98.39843750
1,1752,8,-40.52760000,-10.94030000,348.00066632,943.99837446,349.76562500,945.14062500
1,705,7,-47.05550000,-51.98960000,91.00164626,943.99958036,96.17187500,944.42968750
1,229,16,39.40880000,-25.99300000,330.99918688,77.99867402,332.60937500,78.92968750
1,2037,2,-66.89340000,15.15810000,1188.00001164,77.99893095,1183.56250000,80.37500000
1,1305,18,68.16330000,15.20430000,1189.98685011,943.11737773,1188.94531250,941.82031250
1,2274,17,42.96580000,13.65440000,148.77701247,157.87521064,147.35156250,155.67187500
1,908,4,-60.55020000,-40.93920000,774.83025753,342.85997504,774.82812500,339.61718750
1,25,20,91.30860000,-17.50460000,134.07833383,204.15897014,129.74218750,206.19531250
1,327,14,32.97450000,-17.01770000,154.28024663,336.60535388,151.73437500,340.24218750
1,1848,5,-38.38510000,-3.84210000,708.99986298,993.00103885,709.38281250,994.24218750
1,2852,3,-76.58250000,48.36190000,1116.26445609,435.51940075,1119.38281250,434.18750000
1,1499,14,27.00290000,-1.32104000,650.00039172,519.99970086,648.96093750,519.94531250
1,1017,1,-68.87790000,-22.12260000,1077.99804526,163.99919912,1078.87500000,160.53906250
1,2650,12,17.44370000,33.69640000,587.99931910,943.99977884,590.17968750,944.88281250
1,418,13,30.82410000,-22.16580000,1078.00123792,404.00038494,1079.89843750,404.08593750
1,2365,15,41.11560000,31.03310000,593.16401995,153.15596326,591.35156250,151.53906250
1,2942,5,-48.14600000,15.97640000,77.91133527,681.87765913,299.58593750,12.77343750
1,1941,5,-51.33740000,-4.63525000,730.99996623,584.00059727,1191.28125000,210.63281250
1,1674,12,-15.08120000,16.96000000,1130.90099001,35.46908759,1126.53125000,39.69531250
1,2468,15,27.29220000,14.17850000,29.99883470,512.99929474,32.78906250,514.04687500
1,810,7,-38.51480000,-17.12210000,1248.65585047,896.27766280,1247.78125000,889.70312500
1,2756,6,-42.49980000,19.35070000,1066.99638129,840.85727361,1065.74218750,840.78125000
1,3054,3,-97.15070000,22.92330000,348.99813849,992.99993878,352.60937500,992.34375000
1,618,10,-10.35290000,-22.60900000,215.83965686,191.86221947,213.71875000,192.25000000
1,1406,11,11.97780000,-14.35420000,1040.71000230,870.77954620,1042.79687500,871.05468750
1,2853,6,-75.98150000,46.66580000,150.00127942,29.99918399,153.17187500,35.02343750
1,1231,16,56.25200000,-20.75480000,137.72080895,567.49633370,138.04687500,567.40625000
1,2563,9,-17.34570000,28.39940000,500.18506299,268.13845504,501.67187500,264.08593750
1,705,4,-47.05550000,-51.98960000,1123.97249693,640.39191109,1125.92968750,635.87500000
1,1577,12,-13.40940000,15.09810000,1199.20655449,79.69061928,1193.37500000,83.76562500
1,2164,20,73.76430000,13.84780000,1132.90355372,747.08204288,1131.15625000,747.33593750
1,520,11,-3.41003000,-17.34750000,1131.33931052,393.44073053,1135.55468750,393.01562500
1,908,1,-60.55020000,-40.93920000,450.00003806,30.00018201,447.57031250,28.98437500
1,2651,15,18.28140000,37.42200000,777.51195035,730.68463893,779.42968750,732.63281250
1,1752,5,-40.52760000,-10.94030000,934.61684238,922.85077018,935.24218750,923.10156250
1,1306,17,64.42210000,15.42580000,91.00176139,824.00208561,92.58593750,821.37500000
1,1018,1,-76.83910000,-22.47480000,1078.00046886,404.00158958,1082.76562500,400.60937500
1,2366,18,42.18020000,23.49370000,919.99997013,163.99991200,922.73437500,163.09375000
1,1500,14,27.00290000,-2.03790000,628.00002462,520.00080738,628.51562500,520.09375000
1,2942,6,-48.14600000,15.97640000,1187.99838538,678.00053752,1186.10937500,678.29687500
1,26,19,89.43060000,-17.58750000,1248.99832117,270.00033488,1241.02343750,271.55468750
1,1125,20,94.78810000,-20.33000000,30.00090291,92.99859257,31.74218750,100.22656250
1,131,19,73.29640000,-26.77700000,946.00176626,752.99932371,942.43750000,755.21093750
1,2274,18,42.96580000,13.65440000,1249.00043257,150.00089079,1245.34375000,154.89062500
1,1849,8,-38.38530000,-1.95752000,634.43672921,874.82134879,636.37500000,877.43750000
1,229,13,39.40880000,-25.99300000,941.12038351,161.16798322,942.12500000,160.73437500
1,419,13,22.73680000,-22.13220000,1078.00012312,643.99780341,1079.32812500,645.04687500
1,1674,9,-15.08120000,16.96000000,137.49916844,162.78734816,141.52343750,158.61718750
1,1942,5,-51.33780000,1.34979000,547.00085615,583.99812889,735.27343750,66.59375000
1,2469,14,29.21190000,14.17120000,1138.47935798,452.64182021,1141.38281250,449.67968750
1,2037,6,-66.89340000,15.15810000,1203.05816424,93.92316048,1199.52343750,100.36718750
1,328,13,31.07220000,-17.05540000,1248.99805405,389.99955665,1245.80468750,391.53125000
1,3055,3,-96.82650000,21.11950000,289.00066568,992.99988487,293.31250000,991.60937500
1,2757,9,-42.20010000,17.59220000,168.99923431,992.99986877,168.40625000,984.39062500
1,706,7,-41.54960000,-52.86650000,90.99905605,824.00061976,92.53125000,826.89062500
1,1577,9,-13.40940000,15.09810000,77.59007149,101.80254187,85.64062500,99.74218750
1,2853,3,-75.98150000,46.66580000,1061.53885468,420.40544748,1065.32031250,418.88281250
1,909,4,-61.02200000,-39.10300000,719.04976225,327.50919909,718.35156250,324.52343750
1,618,7,-10.35290000,-22.60900000,1050.00124338,30.00022189,1049.21875000,26.18750000
1,2564,12,-16.98080000,26.55350000,810.00011005,30.00137442,808.53906250,29.89062500
1,2164,21,73.76430000,13.84780000,29.99977118,753.00155208,30.95312500,751.53906250
1,2651,12,18.28140000,37.42200000,467.99951669,943.99903717,469.72656250,944.30468750
1,2943,5,-44.29290000,15.83480000,77.78984270,802.19524700,33.21875000,102.50000000
1,2366,15,42.18020000,23.49370000,359.29500639,87.86444015,357.55468750,89.09375000
1,1501,11,-14.86940000,16.73450000,29.99977688,30.00096163,40.35937500,38.56250000
1,1407,14,11.98120000,-16.13580000,168.99995353,992.99949794,177.96875000,991.52343750
1,1019,1,-84.94330000,-22.45610000,1078.00108848,643.99982347,1083.70312500,642.97656250
1,420,13,15.69540000,-21.79830000,1077.99942884,856.99839739,1076.40625000,856.96093750
1,810,4,-38.51480000,-17.12210000,30.00212975,993.00074328,43.07812500,990.18750000
1,230,16,38.78940000,-29.67460000,451.00213730,78.00026628,451.83593750,77.55468750
1,521,10,-5.31555000,-17.30580000,29.99927830,333.00064540,31.20312500,335.45312500
1,26,20,89.43060000,-17.58750000,133.91048599,263.24087949,128.78125000,264.60937500
1,132,19,71.74060000,-42.09700000,465.99975985,753.00006459,459.82812500,756.22656250
1,1943,5,-54.66030000,-0.43762200,602.00003050,481.99918249,736.76562500,176.32812500
1,2275,17,44.82060000,13.74160000,148.78601094,216.72206211,146.40625000,213.96875000
1,1849,5,-38.38530000,-1.95752000,649.00097094,993.00002742,1112.39062500,79.26562500
1,1231,17,56.25200000,-20.75480000,1249.00232510,569.99986815,1250.70312500,571.19531250
1,1753,8,-40.52400000,-14.59830000,228.00143960,943.99746868,231.51562500,943.88281250
1,1306,18,64.42210000,15.42580000,1190.00186427,823.10751309,1191.21875000,823.98437500
1,2469,15,29.21190000,14.17120000,29.99900693,452.99933653,32.80468750,454.51562500
1,1578,11,-13.41720000,11.55990000,211.00165000,77.99983909,212.21875000,80.62500000
1,3056,3,-96.51420000,19.33680000,228.99951675,993.00204560,234.60937500,990.74218750
1,2854,6,-75.40970000,44.93840000,209.99916850,30.00093127,211.46093750,33.77343750
1,2652,15,19.20280000,41.09550000,889.71907583,699.59012968,892.50781250,700.72656250
1,2165,20,75.65650000,13.90300000,1132.83575102,688.20891004,1131.54687500,688.64062500
1,2757,6,-42.20010000,17.59220000,1124.80781108,856.80945213,1122.03125000,855.68750000
1,909,1,-61.02200000,-39.10300000,509.99974380,29.99924999,507.60156250,28.03906250
1,2943,6,-44.29290000,15.83480000,1187.99871339,797.99927695,1184.27343750,796.84375000
1,328,14,31.07220000,-17.05540000,154.36509828,395.40090801,151.78906250,398.94531250
1,706,4,-41.54960000,-52.86650000,1167.22939312,749.45645374,1168.08593750,743.44531250
1,2564,9,-16.98080000,26.55350000,443.44473338,252.50578150,444.60937500,248.13281250
1,2037,3,-66.89340000,15.15810000,80.54405757,85.08262128,81.70312500,91.13281250
1,1020,1,-92.00010000,-22.13000000,1077.99947494,856.99841891,1082.37500000,856.04687500
1,1126,19,96.62330000,-20.18880000,1144.62250040,52.70118566,1136.43750000,56.17187500
1,619,10,-10.66550000,-20.85110000,158.15056283,176.01849546,157.39843750,177.58593750
1,1675,8,-16.96760000,17.06770000,1248.99945561,210.00069318,1244.34375000,210.39062500
1,1407,11,11.98120000,-16.13580000,1099.73367803,870.77807685,1100.28125000,870.07031250
1,132,16,71.74060000,-42.09700000,846.54561249,921.43412675,845.57812500,922.78125000
1,1753,5,-40.52400000,-14.59830000,1054.39835524,922.81016981,1053.14843750,920.74218750
1,2367,18,42.79500000,18.67570000,1077.99828827,163.99855773,1079.24218750,165.25781250
1,420,10,15.69540000,-21.79830000,200.17730815,975.46465887,202.29687500,976.13281250
1,2652,12,19.20280000,41.09550000,347.99980263,944.00167253,350.35156250,943.17187500
1,2275,18,44.82060000,13.74160000,1249.00188734,210.00104507,1246.55468750,213.75781250
1,1850,8,-38.38510000,-0.07220460,693.53400023,874.83809897,695.92968750,877.07812500
1,230,13,38.78940000,-29.67460000,826.01044628,192.98917491,827.44531250,191.19531250
1,27,19,87.53560000,-17.65450000,1249.00018759,330.00141414,1241.53125000,330.96875000
1,1232,16,58.20140000,-20.72450000,137.72961562,626.44683969,138.28125000,626.33593750
1,1501,8,-14.86940000,16.73450000,1241.59222464,143.20225303,1234.13281250,144.99218750
1,1578,8,-13.41720000,11.55990000,1068.36275528,96.14830167,1067.42968750,96.40625000
1,2944,8,-40.52250000,15.62380000,1207.66199089,944.60033205,1206.74218750,936.22656250
1,2470,14,31.12740000,14.14710000,1138.51520746,393.70726610,1140.69531250,390.83593750
1,1944,5,-54.66010000,-2.84821000,676.00022341,481.99923578,984.97656250,128.67187500
1,3057,3,-96.21300000,17.57860000,169.00165104,993.00002012,175.82812500,989.72656250
1,2165,21,75.65650000,13.90300000,30.00190142,693.00036798,29.95312500,692.43750000
1,707,7,-35.74220000,-53.48710000,91.00173328,703.99873451,89.82031250,707.81250000
1,910,4,-61.47280000,-37.25650000,663.06567262,312.10165859,661.72656250,309.40625000
1,2758,8,-41.91110000,15.86100000,1219.52479884,990.13007393,1217.23437500,979.84375000
1,1408,13,11.98490000,-17.88920000,1201.59310320,992.17165066,1195.70312500,987.22656250
1,810,8,-38.51480000,-17.12210000,147.17486884,879.28290722,150.50000000,879.46875000
1,329,13,29.16130000,-17.07690000,1248.99986023,450.00063934,1246.10156250,451.07812500
1,521,11,-5.31555000,-17.30580000,1131.33294863,334.56517107,1135.02343750,334.18750000
1,619,7,-10.66550000,-20.85110000,1110.00159048,29.99965927,1108.49218750,26.89843750
1,2565,12,-16.63010000,24.71780000,870.00157801,29.99846250,868.32031250,30.21093750
1,1126,20,96.62330000,-20.18880000,29.99937763,32.99992732,33.07812500,42.30468750
1,421,13,14.73300000,-29.17250000,838.00075942,856.99839494,837.93750000,859.13281250
1,2854,3,-75.40970000,44.93840000,1006.63964012,405.24197439,1010.77343750,403.52343750
1,133,19,71.19490000,-46.32130000,331.99971415,752.99988341,324.73437500,755.31250000
1,231,16,38.11860000,-33.40330000,570.99992993,77.99969236,572.14843750,76.92187500
1,1307,17,60.59180000,15.58110000,90.99982066,703.99969361,90.26562500,702.43750000
1,1754,7,-40.51890000,-18.15330000,1208.45371486,956.67787072,1201.61718750,850.57812500
1,1021,1,-92.95850000,-29.50490000,838.00043865,857.00082945,842.84375000,859.85156250
1,2944,5,-40.52250000,15.62380000,77.67064275,922.55026907,79.38281250,918.18750000
1,2276,17,46.69570000,13.81410000,148.79315156,275.56835277,145.39062500,272.53125000
1,1501,12,-14.86940000,16.73450000,1139.19042317,41.03978671,1136.14062500,45.16406250
1,2653,15,20.21980000,44.68610000,1001.15516513,668.71341437,1003.25000000,669.00000000
1,1232,17,58.20140000,-20.72450000,1249.00074679,630.00106440,1250.20312500,631.21093750
1,1408,10,11.98490000,-17.88920000,58.19372620,876.29267876,60.14843750,876.31250000
1,2166,20,77.56130000,13.94210000,1132.76430634,629.33590878,1131.89843750,629.95312500
1,1850,5,-38.38510000,-0.07220460,588.99929210,992.99823383,547.29687500,141.63281250
1,1675,9,-16.96760000,17.06770000,137.51512219,221.67314873,140.06250000,216.60156250
1,707,4,-35.74220000,-53.48710000,1212.73140767,864.19589757,1211.12500000,855.33593750
1,27,20,87.53560000,-17.65450000,133.74774125,322.30505850,128.05468750,323.20312500
1,2758,5,-41.91110000,15.86100000,72.50829095,877.83969069,242.21093750,724.64062500
1,910,1,-61.47280000,-37.25650000,570.00105892,29.99906568,567.70312500,27.41406250
1,1579,11,-13.42340000,7.91547000,330.99894886,78.00021325,330.42187500,78.50781250
1,133,16,71.19490000,-46.32130000,976.92643679,884.32683962,976.00781250,884.51562500
1,1127,19,95.24570000,-18.54530000,1204.77275532,88.24818224,1195.39062500,92.08593750
1,620,10,-10.96640000,-19.12050000,100.26840136,160.11966952,101.33593750,163.13281250
1,2038,2,-70.63310000,15.37900000,1187.99823023,198.00215082,1186.63281250,197.92968750
1,1945,5,-52.77040000,-2.84808000,676.00048929,539.99971067,676.01562500,540.28906250
1,2855,6,-74.86520000,43.18240000,270.00114154,29.99993095,270.28125000,32.67968750
1,329,14,29.16130000,-17.07690000,154.45365811,454.20239972,152.01562500,457.63281250
1,231,13,38.11860000,-33.40330000,711.58043164,224.62455597,712.32031250,222.10937500
1,810,5,-38.51480000,-17.12210000,1143.48308228,988.27545813,1138.89843750,982.28125000
1,2367,15,42.79500000,18.67570000,203.38779028,44.33946135,205.05468750,49.78125000
1,3058,2,-95.92250000,15.84750000,1215.46582559,988.66915736,1217.13281250,983.73437500
1,2944,9,-40.52250000,15.62380000,97.26141382,949.43713322,98.20312500,939.97656250
1,1754,4,-40.51890000,-18.15330000,61.55464678,922.22234202,70.47656250,922.12500000
1,1022,1,-94.08400000,-37.08830000,598.00052945,856.99809293,599.41406250,861.59375000
1,1307,18,60.59180000,15.58110000,1190.01340861,703.08374381,1192.58593750,705.01562500
1,2653,12,20.21980000,44.68610000,227.99985328,944.00015005,232.96093750,941.44531250
1,2470,15,31.12740000,14.14710000,30.00050366,392.99902064,33.00781250,395.20312500
1,421,10,14.73300000,-29.17250000,436.56787673,909.85800868,435.96093750,914.73437500
1,2855,3,-74.86520000,43.18240000,951.55883507,390.03100288,955.75000000,388.28125000
1,134,19,92.76370000,-46.24510000,331.99938066,273.00065013,325.49218750,270.18750000
1,522,10,-7.20856000,-17.24820000,30.00080935,273.00090281,31.89062500,276.12500000
1,2276,18,46.69570000,13.81410000,1249.00141959,269.99894552,1247.36718750,272.89843750
1,2166,21,77.56130000,13.94210000,30.00024075,633.00124565,29.29687500,633.17187500
1,911,4,-61.90390000,-35.40390000,606.87992418,296.63695774,604.45312500,294.33593750
1,28,19,85.62770000,-17.70530000,1248.99770508,389.99996859,1241.92968750,390.67968750
1,2758,9,-41.91110000,15.86100000,108.99985473,993.00187165,110.27343750,982.59375000
1,1579,8,-13.42340000,7.91547000,948.60867104,96.24715117,949.50000000,95.02343750
1,1851,8,-38.38430000,1.80963000,752.63906969,874.84920125,755.44531250,876.58593750
1,1233,16,60.14180000,-20.67400000,137.73813529,685.39244527,138.71093750,685.03906250
1,1127,20,95.24570000,-18.54530000,91.00231586,77.99891466,90.28125000,83.84375000
1,708,7,-29.73510000,-53.81820000,91.00142779,584.00045053,88.12500000,587.78125000
1,2944,6,-40.52250000,15.62380000,1188.00139411,918.00127659,1181.82031250,914.40625000
1,232,16,37.38980000,-37.14670000,690.99978109,78.00051344,692.95312500,76.94531250
1,620,7,-10.96640000,-19.12050000,1170.00097986,30.00118539,1167.10937500,27.98437500
1,3058,3,-95.92250000,15.84750000,108.99791692,993.00128110,117.89062500,988.46875000
1,1946,5,-52.77060000,-0.43743900,601.99936177,539.99844428,759.67187500,53.42187500
1,1501,9,-14.86940000,16.73450000,130.33073237,155.26390882,133.38281250,151.03906250
1,2565,9,-16.63010000,24.71780000,386.50887168,236.82292729,387.53125000,232.21875000
1,330,13,27.24610000,-17.08220000,1248.99772978,510.00031132,1246.18750000,510.82812500
1,2654,15,21.34720000,48.16640000,1111.82581369,638.04654024,1110.99218750,637.72656250
1,1676,8,-18.87550000,17.15730000,1248.99807105,269.99919146,1245.67187500,269.30468750
1,1408,14,11.98490000,-17.88920000,109.00004801,992.99969866,119.98437500,990.45312500
1,2856,6,-74.34610000,41.40120000,330.00075892,29.99874455,329.38281250,31.72656250
1,911,1,-61.90390000,-35.40390000,630.00094952,30.00057402,628.35156250,26.80468750
1,2471,14,33.03440000,14.10630000,1138.54784378,334.77049641,1139.78906250,332.03125000
1,1754,8,-40.51890000,-18.15330000,108.00140842,943.99964825,114.74218750,942.13281250
1,2038,3,-70.63310000,15.37900000,80.69017221,205.10377947,80.28125000,208.64062500
1,1308,17,56.70460000,15.66420000,91.00242123,584.00012727,89.84375000,582.63281250
1,2167,20,79.47470000,13.96480000,1132.69193561,570.45944362,1131.97656250,570.87500000
1,811,7,-40.32070000,-17.23850000,1240.90071241,954.66673129,1239.17968750,946.57812500
1,28,20,85.62770000,-17.70530000,133.58084317,381.34726384,127.49218750,382.10937500
1,1023,1,-95.42620000,-44.61210000,357.99930496,856.99922576,357.36718750,861.20312500
1,135,19,88.27110000,-42.66710000,454.99879837,365.00071173,448.00781250,362.43750000
1,1233,17,60.14180000,-20.67400000,1248.99888052,690.00051717,1249.51562500,690.94531250
1,620,11,-10.96640000,-19.12050000,1200.52009914,156.99754894,1199.13281250,159.51562500
1,1128,20,95.23900000,-15.00730000,210.99781940,77.99869877,206.70312500,81.01562500
1,2945,8,-39.71940000,15.56970000,1203.89999567,918.52644862,1203.70312500,911.14062500
1,422,13,13.60470000,-36.75520000,598.00044468,857.00018652,596.18750000,859.23437500
1,522,11,-7.20856000,-17.24820000,1131.33050133,275.68566760,1134.27343750,275.63281250
1,2758,6,-41.91110000,15.86100000,1182.82669166,872.81504511,1177.81250000,870.35937500
1,2654,12,21.34720000,48.16640000,108.00007448,944.00093100,118.29687500,939.38281250
1,1851,5,-38.38430000,1.80963000,528.99923403,993.00227117,528.71093750,994.32812500
1,232,13,37.38980000,-37.14670000,597.81674263,256.07430950,597.10156250,253.39843750
1,1580,11,-13.42800000,4.19031000,451.00023033,77.99916110,449.93750000,77.05468750
1,709,7,-23.65350000,-53.84070000,91.00026455,464.00030075,87.17187500,467.28125000
1,912,4,-62.31630000,-33.54930000,550.48929357,281.11967800,547.25000000,279.38281250
1,3059,2,-95.64200000,14.14640000,1155.81433520,979.32486105,1159.28906250,976.12500000
1,2368,18,50.75450000,19.02340000,1077.99876177,404.00201767,1081.85156250,404.42187500
1,2277,17,48.58750000,13.87120000,148.80003947,334.41840832,144.64843750,331.31250000
1,2471,15,33.03440000,14.10630000,29.99865969,332.99989737,33.39062500,335.72656250
1,1676,9,-18.87550000,17.15730000,137.53204413,280.56981327,138.69531250,274.96093750
1,1408,11,11.98490000,-17.88920000,1158.74895021,870.77390986,1157.78125000,868.98437500
1,1502,11,-14.87390000,15.02190000,90.00119801,30.00007214,96.14843750,37.08593750
1,1754,5,-40.51890000,-18.15330000,1174.21686726,922.76651082,1169.39843750,917.75000000
1,2856,3,-74.34610000,41.40120000,896.30234961,374.77169164,900.08593750,372.78125000
1,1947,5,-53.97610000,-1.28442000,627.99995549,503.00009808,896.48437500,50.46093750
1,2566,12,-16.29250000,22.89630000,930.00100581,30.00150577,928.03125000,30.86718750
1,2945,5,-39.71940000,15.56970000,77.64294018,948.63126142,239.46875000,962.64062500
1,621,10,-11.25610000,-17.41970000,42.18900270,144.16903054,45.91406250,148.98437500
1,811,4,-40.32070000,-17.23850000,29.99833789,933.00243751,41.15625000,932.23437500
1,1308,18,56.70460000,15.66420000,1190.02953154,583.05431618,1194.32031250,585.26562500
1,2655,15,21.51680000,48.64920000,1127.44474881,633.71900563,1126.17187500,633.21875000
1,330,14,27.24610000,-17.08220000,154.53843293,513.00714645,152.42187500,516.49218750
1,1024,1,-96.46100000,-49.40500000,200.00088071,856.99984153,200.76562500,859.90625000
1,2759,8,-41.63200000,14.15970000,1159.78251348,980.79170820,1159.99218750,972.71093750
1,29,19,83.71090000,-17.73920000,1249.00036318,449.99965860,1242.28125000,450.50781250
1,1234,16,62.06890000,-20.60390000,137.75035487,744.33432899,139.39062500,743.66406250
1,2167,21,79.47470000,13.96480000,29.99761414,573.00025224,28.68750000,573.67187500
1,422,10,13.60470000,-36.75520000,669.35438512,845.24984288,671.43750000,850.46875000
1,523,10,-9.08514000,-17.17500000,29.99853051,212.99926374,32.81250000,216.77343750
1,1852,8,-38.38320000,3.68396000,811.75221226,874.86419733,815.01562500,875.90625000
1,3059,3,-95.64200000,14.14640000,48.99858057,992.99928207,60.64843750,987.40625000
1,1580,8,-13.42800000,4.19031000,828.86495398,96.34738631,830.22656250,94.23437500
1,912,1,-62.31630000,-33.54930000,690.00021784,29.99818623,688.75781250,26.42187500
1,2039,2,-74.46170000,15.53390000,1187.99954682,317.99862888,1188.94531250,316.78906250
1,136,19,87.26930000,-30.78450000,822.99946408,365.00166852,820.46875000,362.57812500
1,1129,20,95.23380000,-11.36270000,331.00154204,78.00113327,324.57031250,78.67187500
1,1502,8,-14.87390000,15.02190000,1182.43458512,143.25074737,1179.07031250,144.12500000
1,2857,6,-73.85060000,39.59820000,390.00003904,29.99956550,388.89062500,31.02343750
1,1409,13,11.98900000,-19.61190000,1142.16827607,982.90070321,1138.43750000,979.37500000
1,710,10,-17.63260000,-53.55300000,1227.19824627,146.78875805,1227.35937500,146.15625000
1,1677,8,-20.80110000,17.22800000,1248.99819477,329.99955991,1246.74218750,328.56250000
1,1755,7,-40.51810000,-18.64730000,1191.31902784,954.24888437,1185.50000000,850.66406250
1,2945,9,-39.71940000,15.56970000,93.51766608,923.93473389,94.29687500,915.08593750
1,2369,18,58.85440000,19.00150000,1078.00152640,644.00048545,1081.28125000,645.37500000
1,811,8,-40.32070000,-17.23850000,139.68733942,937.50916725,144.70312500,936.10156250
1,621,7,-11.25610000,-17.41970000,1230.00202279,30.00032966,1225.26562500,28.85937500
1,2472,14,34.92880000,14.04940000,1138.58432115,275.83054001,1138.75781250,273.33593750
1,29,20,83.71090000,-17.73920000,133.41895801,440.37157945,127.23437500,441.17187500
1,1025,1,-85.34580000,-50.43990000,200.00166107,617.00090928,196.85156250,620.34375000
1,1948,5,-53.97610000,-2.00128000,650.00031479,502.99841917,881.80468750,44.05468750
1,2655,12,21.51680000,48.64920000,90.99814614,944.00055771,102.10156250,939.00000000
1,2759,5,-41.63200000,14.15970000,130.09704289,886.90308195,330.25781250,763.69531250
1,1309,17,52.79530000,15.67220000,90.99967894,463.99781083,89.96875000,462.33593750
1,233,16,36.59500000,-40.87100000,810.99906065,77.99928970,812.95312500,77.60156250
1,1852,5,-38.38320000,3.68396000,469.00068141,993.00230316,442.54687500,289.65625000
1,2857,3,-73.85060000,39.59820000,840.86812068,359.46133923,844.22656250,357.36718750
1,1234,17,62.06890000,-20.60390000,1249.00085611,749.99972456,1248.61718750,750.55468750
1,2277,18,48.58750000,13.87120000,1249.00069710,329.99879653,1248.14062500,332.17968750
1,1581,11,-13.43080000,0.41418500,570.99956434,78.00172797,570.28906250,76.20312500
1,913,4,-62.71140000,-31.69680000,493.89153051,265.54160977,490.14843750,264.43750000
1,523,11,-9.08514000,-17.17500000,1131.32439395,216.80094650,1133.38281250,217.25000000
1,1677,9,-20.80110000,17.22800000,137.55041794,339.48113331,137.54687500,333.66406250
1,2945,6,-39.71940000,15.56970000,1188.00011615,944.00099814,1181.21875000,939.53906250
1,137,19,76.49490000,-30.83200000,822.99882601,656.00162198,819.91406250,658.14062500
1,423,13,12.26250000,-44.27830000,358.00084429,857.00046982,355.28125000,857.11718750
1,3060,2,-95.55520000,13.61440000,1137.40431518,976.44076169,1141.57812500,973.74218750
1,2566,9,-16.29250000,22.89630000,329.38165915,221.08148623,330.64843750,216.36718750
1,1130,20,95.23030000,-7.63763000,451.00035936,78.00175492,444.10937500,77.00000000
1,1755,4,-40.51810000,-18.64730000,78.67310245,919.94052376,86.78125000,920.16406250
1,2370,21,65.90560000,18.67400000,209.90817883,981.64283362,209.87500000,977.82031250
1,2168,20,81.39240000,13.97110000,1132.62638435,511.58171119,1131.76562500,511.75781250
1,1502,12,-14.87390000,15.02190000,1198.19542182,31.79100432,1191.20312500,37.62500000
1,1409,10,11.98900000,-19.61190000,117.27120847,869.39336931,117.10156250,870.63281250
1,2656,15,16.03270000,49.53360000,1170.62227501,742.76437406,1167.78906250,740.92968750
1,2472,15,34.92880000,14.04940000,30.00078686,273.00134177,34.07031250,276.59375000
1,710,7,-17.63260000,-53.55300000,90.99935157,343.99982448,86.83593750,346.75000000
1,621,11,-11.25610000,-17.41970000,1143.10211298,147.84040085,1143.47656250,149.61718750
1,811,5,-40.32070000,-17.23850000,1143.41603528,929.24743038,1139.96875000,925.25000000
1,331,13,25.33080000,-17.07100000,1248.99955723,570.00069633,1246.00000000,570.64062500
1,1026,4,-73.85490000,-50.36960000,1125.90645701,79.10297684,1119.16406250,78.61718750
1,1949,5,-53.42210000,-2.00122000,649.99981873,520.00078040,883.69531250,42.57031250
1,1853,8,-38.38180000,5.54694000,870.87633502,874.88298947,874.24218750,875.14843750
1,2946,9,-39.16900000,19.07100000,210.34914735,891.49648696,207.39062500,886.50000000
1,2759,9,-41.63200000,14.15970000,49.00109883,992.99951468,52.43750000,980.68750000
1,1581,8,-13.43080000,0.41418500,709.13773665,96.44397967,709.97656250,94.09375000
1,2858,6,-73.37730000,37.77700000,450.00016300,29.99822646,448.64062500,30.38281250
1,1678,8,-22.74020000,17.27910000,1248.99861853,390.00036945,1247.64062500,387.92187500
1,913,1,-62.71140000,-31.69680000,750.00204494,29.99965371,749.12500000,26.28125000
1,524,10,-10.94140000,-17.08710000,30.00064459,153.00089543,34.09375000,157.81250000
1,1309,18,52.79530000,15.67220000,1190.04034386,463.01327311,1194.60937500,465.06250000
1,30,19,81.78950000,-17.75620000,1248.99866927,509.99924201,1242.25000000,510.34375000
1,3060,3,-95.55520000,13.61440000,30.00168844,992.99844155,42.82031250,986.68750000
1,1235,16,63.97860000,-20.51460000,137.75779338,803.27528370,140.27343750,802.07812500
1,1755,8,-40.51810000,-18.64730000,91.00046134,944.00149778,98.45312500,941.81250000
1,2656,12,16.03270000,49.53360000,91.00153459,824.00026935,98.81250000,822.13281250
1,233,13,36.59500000,-40.87100000,484.71692080,287.34255295,483.03125000,284.92187500
1,2278,17,50.49200000,13.91240000,148.80558285,393.27060297,144.15625000,390.29687500
1,2039,3,-74.46170000,15.53390000,80.83942218,325.17554461,79.26562500,327.32812500
1,423,10,12.26250000,-44.27830000,898.61715993,781.62130051,904.41406250,784.71875000
1,1131,20,95.22860000,-3.86151000,570.99959806,77.99874336,564.36718750,75.98437500
1,1409,14,11.98900000,-19.61190000,49.00120636,992.99907672,62.51562500,989.36718750
1,1502,9,-14.87390000,15.02190000,71.86722062,148.35711943,78.59375000,145.05468750
1,138,19,75.79280000,-42.72320000,455.00038321,656.00113134,448.34375000,658.17187500
1,622,7,-11.34560000,-16.88780000,1248.99920599,30.00014907,1243.50781250,29.26562500
1,812,4,-42.15390000,-17.34170000,30.00152029,873.00084076,39.33593750,873.85156250
1,2946,6,-39.16900000,19.07100000,1068.00103612,944.00055648,1065.28125000,942.02343750
1,2759,6,-41.63200000,14.15970000,1241.05309065,888.88223617,1233.32812500,884.78125000
1,2567,12,-15.96760000,21.09260000,989.99913420,30.00019036,987.36718750,31.60156250
1,2168,21,81.39240000,13.97110000,30.00206242,512.99957781,28.40625000,514.07812500
1,2370,18,65.90560000,18.67400000,1077.99862506,856.99843505,1078.40625000,857.68750000
1,331,14,25.33080000,-17.07100000,154.62700959,571.81729310,152.97656250,575.44531250
1,711,10,-11.79990000,-52.97130000,1181.50859359,262.62087500,1185.11718750,260.14843750
1,914,4,-63.09000000,-29.85070000,437.09106394,249.90887273,432.94531250,249.52343750
1,1950,5,-53.42220000,-1.28436000,627.99945903,519.99928449,627.18750000,519.98437500
1,2473,14,36.80670000,13.97670000,1138.61699963,216.88524039,1137.50000000,215.11718750
1,524,11,-10.94140000,-17.08710000,1131.32252371,157.91537211,1132.28906250,159.19531250
1,1582,11,-13.43200000,-3.38086000,690.99986176,78.00061990,691.14062500,76.01562500
1,1026,1,-73.85490000,-50.36960000,199.99933882,376.99977775,195.93750000,378.77343750
1,2657,15,10.23900000,50.16200000,1216.03269482,857.43358772,1210.22656250,852.80468750
1,1235,17,63.97860000,-20.51460000,1248.99788748,810.00091005,1247.56250000,809.96093750
1,2947,9,-38.57300000,22.67580000,326.40286665,859.27466787,321.96875000,857.49218750
1,424,13,11.23000000,-49.07090000,200.00026264,857.00057437,199.33593750,854.43750000
1,1310,17,48.90030000,15.60460000,90.99807353,343.99949914,89.37500000,342.30468750
1,1409,11,11.98900000,-19.61190000,1217.75728166,870.77054591,1214.74218750,867.77343750
1,1853,5,-38.38180000,5.54694000,409.00086336,992.99843221,408.46875000,993.43750000
1,622,11,-11.34560000,-16.88780000,1125.32466320,145.00512433,1126.24218750,146.49218750
1,2858,3,-73.37730000,37.77700000,785.25295084,344.10311108,787.76562500,341.78906250
1,234,16,35.72500000,-44.54320000,930.99940356,78.00042085,932.77343750,78.92187500
1,1503,11,-14.87800000,13.27800000,149.99887329,30.00010801,153.93750000,35.60937500
1,914,1,-63.09000000,-29.85070000,809.99928504,29.99997341,809.39843750,26.39843750
1,2169,20,83.31010000,13.96050000,1132.55356778,452.70308379,1131.43750000,452.82031250
1,2278,18,50.49200000,13.91240000,1248.99858553,389.99896904,1248.64843750,391.77343750
1,1132,20,95.22850000,-0.06646730,690.99973125,77.99938131,684.79687500,75.71875000
1,1678,9,-22.74020000,17.27910000,137.56907727,398.40558041,136.55468750,392.57031250
1,30,20,81.78950000,-17.75620000,133.25291048,499.37645629,127.04687500,500.16406250
1,139,19,84.98990000,-39.83350000,547.00054193,437.99892777,539.62500000,436.69531250
1,2657,12,10.23900000,50.16200000,90.99924507,704.00011236,96.16406250,703.81250000
1,812,5,-42.15390000,-17.34170000,1143.35574198,870.22507831,1141.11718750,867.39843750
1,2947,6,-38.57300000,22.67580000,947.99942032,943.99965649,947.28125000,943.72656250
1,3061,2,-93.75000000,13.73070000,1137.46850510,917.64122974,1142.23437500,916.18750000
1,2760,8,-41.54570000,13.62750000,1141.34150990,977.91185576,1142.51562500,970.46093750
1,2567,9,-15.96760000,21.09260000,272.05935539,205.29058958,273.89843750,200.73437500
1,2040,2,-78.34770000,15.61690000,1187.99817336,438.00114361,1190.45312500,436.68750000
1,1951,4,-65.41930000,-20.17770000,128.71847793,147.97782228,129.20312500,155.09375000
1,1027,4,-69.46630000,-45.91560000,959.08169709,151.10487087,957.21093750,147.60156250
1,2473,15,36.80670000,13.97670000,29.99896462,213.00063397,34.89843750,217.80468750
1,623,10,-13.14940000,-17.00630000,31.54911417,80.81263799,37.27343750,87.53906250
1,2371,21,66.91380000,26.04890000,445.98948908,915.88887602,441.42968750,916.73437500
1,332,13,23.41970000,-17.04350000,1249.00141243,630.00097068,1245.54687500,630.25781250
1,1582,8,-13.43200000,-3.38086000,589.42387594,96.54419304,589.29687500,94.60937500
1,1236,16,65.86680000,-20.40720000,137.76965148,862.20954762,141.30468750,859.99218750
1,711,7,-11.79990000,-52.97130000,90.99956936,224.00109430,87.62500000,226.86718750
1,1410,13,11.99040000,-20.15070000,1123.81863952,980.03714388,1120.01562500,976.85156250
1,1756,7,-36.77450000,-18.86940000,1191.31652573,833.93003399,1194.11718750,830.31250000
1,525,10,-12.77400000,-16.98500000,29.99797687,92.99962898,35.38281250,99.36718750
1,2279,17,52.40510000,13.93720000,148.81342906,452.12535787,143.89062500,449.55468750
1,2658,12,4.23529000,50.50050000,90.99895008,583.99992265,92.32812500,584.60937500
1,2948,9,-37.92580000,26.35780000,441.68070972,827.26808426,437.57031250,827.71093750
1,424,10,11.23000000,-49.07090000,1047.66451927,740.25550841,1054.45312500,741.26562500
1,1310,18,48.90030000,15.60460000,1190.05232861,342.96764002,1192.52343750,345.25781250
1,915,4,-63.45310000,-28.01480000,380.08049526,234.21927312,375.50000000,234.76562500
1,1133,20,95.23010000,3.71436000,810.99987828,78.00046418,805.32812500,76.17968750
1,2760,5,-41.54570000,13.62750000,147.93078349,889.70711296,362.17968750,254.76562500
1,2859,6,-72.92460000,35.94150000,510.00070668,29.99934753,508.75781250,29.92187500
1,1951,1,-65.41930000,-20.17770000,1134.61638826,47.11198255,1131.39843750,46.77343750
1,1854,8,-38.37980000,7.39478000,930.01128012,874.89583425,933.17968750,874.22656250
1,2568,12,-15.65450000,19.31010000,1049.99789603,30.00081138,1046.38281250,32.36718750
1,2169,21,83.31010000,13.96050000,29.99895834,452.99971630,28.17187500,454.63281250
1,234,13,35.72500000,-44.54320000,372.27244463,318.42725623,369.67968750,316.67187500
1,813,4,-44.01110000,-17.43050000,30.00067337,813.00038250,37.58593750,815.17968750
1,2371,18,66.91380000,26.04890000,837.99980557,856.99922352,839.82031250,859.64843750
1,31,19,79.86770000,-17.75600000,1248.99904772,570.00201275,1241.84375000,570.24218750
1,623,7,-13.14940000,-17.00630000,1249.00003842,90.00092105,1245.15625000,87.90625000
1,1679,8,-24.68840000,17.31010000,1248.99894688,449.99966585,1248.31250000,447.39843750
1,140,19,84.70150000,-33.85220000,730.99839740,437.99972609,726.89843750,436.59375000
1,1410,10,11.99040000,-20.15070000,135.51512636,867.26355839,135.45312500,868.75000000
1,1027,1,-69.46630000,-45.91560000,332.00224800,267.99971044,327.57031250,267.35937500
1,2948,6,-37.92580000,26.35780000,828.00127182,943.99895956,827.64062500,944.88281250
1,332,14,23.41970000,-17.04350000,154.71561146,630.63196359,153.68750000,634.21875000
1,2279,18,52.40510000,13.93720000,1248.99887542,449.99973953,1248.94531250,451.55468750
1,3061,3,-93.75000000,13.73070000,30.00062250,933.00028283,40.68750000,928.77343750
1,2040,3,-78.34770000,15.61690000,80.98601795,445.31025598,79.21093750,446.85937500
1,2659,12,-1.85370000,50.52980000,90.99940629,463.99991059,91.38281250,465.26562500
1,712,10,-6.25983000,-52.12690000,1138.05410814,372.78673842,1143.96093750,370.06250000
1,1236,17,65.86680000,-20.40720000,1248.99950672,869.99901794,1246.23437500,868.93750000
1,915,1,-63.45310000,-28.01480000,869.99864382,29.99931147,869.77343750,26.62500000
1,1583,11,-13.43150000,-7.16168000,811.00022830,77.99902760,811.77343750,76.50781250
1,2760,9,-41.54570000,13.62750000,29.99965939,993.00149659,34.40625000,980.09375000
1,2474,14,38.66430000,13.88900000,1138.65045648,157.93590117,1136.17187500,157.14062500
1,525,7,-12.77400000,-16.98500000,1248.92374302,77.60213628,1244.77343750,75.84375000
1,1311,17,45.05480000,15.46390000,91.00136773,223.99891712,90.63281250,223.08593750
1,425,13,22.27220000,-50.11510000,200.00104965,616.99863260,197.63281250,616.48437500
1,1134,20,95.23350000,7.44861000,931.00073540,77.99806318,924.90625000,77.29687500
1,1756,8,-36.77450000,-18.86940000,91.00234934,824.00063449,95.26562500,824.80468750
1,813,5,-44.01110000,-17.43050000,1143.29157199,811.21131739,1141.85937500,809.46093750
1,2170,20,85.22350000,13.93340000,1132.48390240,393.82397980,1130.96875000,393.85937500
1,1951,5,-65.41930000,-20.17770000,1241.01488194,145.91515467,1232.89843750,149.07812500
1,2949,9,-37.22080000,30.08720000,556.19701594,795.47127720,553.42187500,797.59375000
1,2859,3,-72.92460000,35.94150000,729.45767182,328.69274082,731.04687500,326.29687500
1,2568,9,-15.65450000,19.31010000,214.54031772,189.44357567,217.32031250,185.19531250
1,623,11,-13.14940000,-17.00630000,1132.80942506,86.85263868,1132.18750000,89.85937500
1,1028,1,-71.46670000,-30.61250000,811.99968109,268.00100178,813.85156250,263.24218750
1,1410,14,11.99040000,-20.15070000,30.00022924,992.99805502,43.77343750,989.02343750
1,1237,19,67.73000000,-20.28250000,1147.69282124,943.66076129,1137.64843750,941.06250000
1,31,20,79.86770000,-17.75600000,133.08890301,558.36529696,126.88281250,559.23437500
1,1854,5,-38.37980000,7.39478000,348.99937792,993.00070037,348.87500000,992.51562500
1,1504,11,-14.88170000,11.50500000,210.00112566,30.00076313,212.13281250,34.26562500
1,712,7,-6.25983000,-52.12690000,90.99965689,104.00012801,89.12500000,108.06250000
1,916,4,-63.80160000,-26.19300000,322.86006861,218.47210427,318.67968750,220.18750000
1,235,16,34.76850000,-48.13240000,1051.00036280,78.00018051,1049.09375000,80.55468750
1,1583,8,-13.43150000,-7.16168000,469.72445859,96.64484965,468.82031250,95.85156250
1,2761,8,-39.74020000,13.74240000,1141.34655515,919.05356694,1143.32031250,913.38281250
1,2372,21,68.11430000,33.63230000,678.72515691,851.06774710,674.84375000,853.10937500
1,2041,2,-82.25590000,15.62490000,1187.99789781,558.00146630,1191.14062500,556.98437500
1,333,13,21.51700000,-17.00010000,1248.99777006,690.00130874,1244.83593750,689.79687500
1,2660,12,-7.89240000,50.24810000,91.00100900,343.99998389,91.28125000,346.22656250
1,141,19,79.09140000,-33.87620000,731.00026848,583.99912980,726.60937500,585.18750000
1,2474,15,38.66430000,13.88900000,29.99793854,152.99941712,36.03906250,159.31250000
1,525,11,-12.77400000,-16.98500000,1131.31605715,99.02384388,1130.92187500,101.64062500
1,2280,17,54.32250000,13.94540000,148.82225886,510.98042730,143.71093750,508.61718750
1,3062,2,-91.91760000,13.83370000,1137.53160959,858.82336467,1143.01562500,858.29687500
1,1311,18,45.05480000,15.46390000,1190.06925182,222.91065320,1190.71875000,226.35937500
1,1757,7,-32.94210000,-19.02500000,1191.31071785,713.69015775,1195.41406250,710.83593750
1,2949,6,-37.22080000,30.08720000,707.99928279,943.99994311,707.28125000,945.24218750
1,1679,9,-24.68840000,17.31010000,137.58763980,457.34121520,135.75781250,451.53906250
1,425,10,22.27220000,-50.11510000,1133.56882416,974.47919831,1135.82812500,972.18750000
1,2569,12,-15.35270000,17.55190000,1109.99935695,29.99882717,1104.89062500,33.36718750
1,1410,11,11.99040000,-20.15070000,1236.44345113,870.77028065,1233.49218750,867.39062500
1,1029,1,-71.90170000,-26.38300000,946.00061186,268.00122904,949.59375000,263.31250000
1,32,19,77.95010000,-17.73870000,1248.99986009,629.99913020,1241.31250000,630.00000000
1,713,10,-9.88379000,-49.39030000,1057.37006814,289.92761175,1062.91406250,286.64843750
1,1135,20,95.23840000,11.10620000,1051.00027089,78.00058779,1043.52343750,79.07812500
1,2761,5,-39.74020000,13.74240000,140.42143177,948.08065671,590.20312500,744.80468750
1,2660,9,-7.89240000,50.24810000,1226.07981408,145.18262667,1225.53125000,156.77343750
1,1237,16,67.73000000,-20.28250000,137.78098764,921.14275543,142.46875000,917.65625000
1,916,1,-63.80160000,-26.19300000,929.99883799,29.99845714,929.45312500,27.03906250
1,1951,2,-65.41930000,-20.17770000,30.00006589,30.00189467,36.98437500,39.34375000
1,1584,11,-13.42920000,-10.89590000,931.00066814,78.00086637,932.15625000,77.66406250
1,525,8,-12.77400000,-16.98500000,147.58758016,75.87795657,148.17187500,81.39062500
1,814,4,-45.88880000,-17.50420000,29.99881310,753.00066500,36.21875000,756.10156250
1,2372,18,68.11430000,33.63230000,598.00106478,856.99913980,597.75781250,859.31250000
1,1855,8,-38.37750000,9.22375000,989.15325552,874.91214753,991.78125000,873.18750000
1,2860,6,-72.49130000,34.09580000,569.99803106,30.00076974,568.76562500,29.74218750
1,333,14,21.51700000,-17.00010000,154.79893080,689.45164321,154.58593750,692.88281250
1,1504,8,-14.88170000,11.50500000,1064.13309219,143.34530885,1064.34375000,142.41406250
1,2950,9,-36.45060000,33.83120000,669.95520988,763.88766699,669.17968750,767.08593750
1,2041,3,-82.25590000,15.62490000,81.13374793,565.49997106,79.68750000,566.84375000
1,235,13,34.76850000,-48.13240000,260.47910384,349.33329366,260.29687500,348.17187500
1,623,8,-13.14940000,-17.00630000,147.65876592,88.08201785,148.03906250,93.26562500
1,1757,8,-32.94210000,-19.02500000,91.00090233,703.99825039,92.84375000,706.21875000
1,426,16,33.69230000,-50.06710000,1120.29870276,66.90041656,1118.32812500,71.60156250
1,2569,9,-15.35270000,17.55190000,156.82076166,173.54389541,161.09375000,169.89843750
1,2661,12,-13.75180000,49.67160000,90.99941890,224.00130135,92.31250000,227.96875000
1,142,19,78.95070000,-39.85960000,546.99883454,584.00073545,541.30468750,585.17968750
1,917,4,-64.13640000,-24.38900000,265.42994791,202.66477430,262.05468750,205.62500000
1,2280,18,54.32250000,13.94540000,1249.00019604,509.99895587,1249.02343750,511.24218750
1,1030,1,-88.77120000,-26.39890000,946.00108014,747.99916563,951.53906250,749.21875000
1,1312,17,41.29170000,15.25560000,91.00160519,104.00065332,1088.10937500,662.35156250
1,1952,4,-65.42350000,-18.46510000,70.18582254,140.88798982,72.68750000,149.75000000
1,2171,20,87.12850000,13.89000000,1132.41608991,334.94037783,1130.31250000,334.90625000
1,1237,20,67.73000000,-20.28250000,30.90681783,939.15731269,33.80468750,934.76562500
1,2761,9,-39.74020000,13.74240000,29.99819051,933.00000656,33.31250000,921.94531250
1,713,7,-9.88379000,-49.39030000,199.99934146,163.99985626,195.21875000,164.60156250
1,32,20,77.95010000,-17.73870000,132.92537553,617.32935775,127.06250000,618.28125000
1,3062,3,-91.91760000,13.83370000,29.99840142,873.00033487,38.94531250,870.62500000
1,1680,8,-26.64130000,17.32070000,1248.99911140,509.99935762,1248.70312500,507.01562500
1,2475,14,40.49800000,13.78720000,1138.68872581,98.98552905,1134.60937500,99.38281250
1,526,10,-14.57960000,-16.86980000,29.99853108,33.00034848,37.01562500,41.32812500
1,1505,11,-14.88510000,9.70587000,270.00015126,29.99842224,270.96875000,32.97656250
1,1855,5,-38.37750000,9.22375000,289.00066092,992.99940222,289.75000000,991.47656250
1,1136,20,95.24500000,14.66080000,1170.99942249,77.99957248,1162.31250000,81.46093750
1,2950,6,-36.45060000,33.83120000,587.99886383,943.99824605,586.50000000,944.91406250
1,2373,21,69.56390000,41.15620000,908.18779264,787.15745037,905.78125000,787.98437500
1,1584,8,-13.42920000,-10.89590000,350.03922470,96.74205399,348.71093750,97.71875000
1,814,5,-45.88880000,-17.50420000,1143.22644032,752.20621231,1142.56250000,751.29687500
1,1411,13,13.82450000,-20.29250000,1123.89756932,921.28913995,1119.96093750,919.67187500
1,2042,2,-86.15010000,15.55760000,1187.99936963,677.99809480,1191.08593750,677.14062500
1,1312,14,41.29170000,15.25560000,1190.71604113,73.30578266,1183.34375000,74.27343750
1,1031,1,-88.94450000,-26.38920000,946.00134095,753.00017754,952.07812500,754.28906250
1,236,16,33.71220000,-51.61120000,1170.99999295,78.00006546,1165.44531250,82.93750000
1,2860,3,-72.49130000,34.09580000,673.48416084,313.23284430,674.12500000,310.69531250
1,334,13,19.62690000,-16.94090000,1248.99867597,749.99911626,1243.98437500,749.25781250
1,426,13,33.69230000,-50.06710000,199.99965833,376.99876815,198.47656250,376.36718750
1,2661,9,-13.75180000,49.67160000,1180.28504361,260.99599508,1182.69531250,268.84375000
1,1758,7,-29.05310000,-19.10820000,1191.30578941,593.53497937,1196.17968750,590.54687500
1,2171,21,87.12850000,13.89000000,30.00120007,332.99969075,28.88281250,335.60937500
1,526,11,-14.57960000,-16.86980000,1131.31270015,40.13022576,1129.59375000,44.47656250
1,2281,17,56.24010000,13.93700000,148.82935381,569.84148913,143.79687500,567.77343750
1,33,19,76.04060000,-17.70450000,1249.00147524,690.00194136,1240.50000000,689.60937500
1,1237,17,67.73000000,-20.28250000,1249.00059368,929.99936174,1244.88281250,927.62500000
1,2475,18,40.49800000,13.78720000,1239.39881182,70.25649338,1234.19531250,77.23437500
1,1952,1,-65.42350000,-18.46510000,1193.49929079,38.06662300,1188.77343750,38.89843750
1,2373,18,69.56390000,41.15620000,357.99988873,856.99988759,356.44531250,856.60156250
1,917,1,-64.13640000,-24.38900000,989.99898994,30.00007750,988.96875000,27.75000000
1,143,19,83.12070000,-38.08490000,601.99912269,482.00134159,595.52343750,481.42968750
1,1680,9,-26.64130000,17.32070000,137.60603996,516.28992180,135.14843750,510.67968750
1,624,7,-14.98030000,-17.11170000,1248.99938182,149.99853425,1246.67187500,147.06250000
1,2570,8,-15.06150000,15.82100000,1209.50831690,149.30304330,1206.27343750,151.32031250
1,3063,2,-90.06130000,13.92270000,1137.59970576,799.99009154,1143.78125000,799.92187500
1,1505,8,-14.88510000,9.70587000,1004.98828858,143.39518475,1006.20312500,141.78125000
1,2951,9,-35.60610000,37.55600000,782.95971724,732.50987409,784.36718750,736.50781250
1,2762,8,-37.90770000,13.84410000,1141.35534993,860.18611813,1143.97656250,855.77343750
1,714,10,-11.57560000,-42.05580000,830.25065553,226.64702797,834.14062500,222.18750000
1,815,4,-47.78330000,-17.56230000,30.00181332,692.99967423,34.92968750,696.88281250
1,1856,8,-38.37480000,11.03060000,1048.30632058,874.92851717,1050.07812500,871.98437500
1,1585,11,-13.42540000,-14.55350000,1051.00176988,77.99771325,1051.71093750,79.50781250
1,2662,12,-19.32510000,48.83140000,90.99823958,104.00025652,94.11718750,110.97656250
1,2861,6,-72.07620000,32.24380000,629.99856036,30.00106208,629.05468750,29.60156250
1,1312,18,41.29170000,15.25560000,1190.08315008,102.84737998,1188.49218750,108.43750000
1,236,13,33.71220000,-51.61120000,149.33262852,380.06035718,151.31250000,379.59375000
1,2042,3,-86.15010000,15.55760000,81.28326263,685.74305787,81.39062500,686.63281250
1,334,14,19.62690000,-16.94090000,154.88661466,748.27333617,155.65625000,751.43750000
1,427,16,38.08280000,-45.62510000,953.48397322,139.24045957,956.09375000,139.43750000
1,1411,10,13.82450000,-20.29250000,144.44085478,924.20213881,146.68750000,924.46875000
1,2281,18,56.24010000,13.93700000,1248.99972154,570.00241156,1248.78125000,571.07812500
1,2475,15,40.49800000,13.78720000,30.00189169,93.00135672,37.20312500,100.92187500
1,714,7,-11.57560000,-42.05580000,439.99940735,163.99960827,434.93750000,160.27343750
1,918,4,-64.45810000,-22.60620000,207.78750619,186.80162086,205.46875000,191.25781250
1,2374,21,70.69160000,45.94920000,1057.49375222,745.57183842,1054.07812500,745.12500000
1,3063,3,-90.06130000,13.92270000,30.00133428,813.00091464,37.25000000,812.09375000
1,33,20,76.04060000,-17.70450000,132.76265331,676.27975585,127.34375000,677.14843750
1,2951,6,-35.60610000,37.55600000,468.00164381,944.00002219,465.81250000,943.78125000
1,526,8,-14.57960000,-16.86980000,155.06651680,134.21794735,154.53125000,138.19531250
1,1032,1,-90.55880000,-41.70430000,465.99921891,753.00026952,464.50781250,757.33593750
1,1758,8,-29.05310000,-19.10820000,91.00029571,583.99964936,91.43750000,586.64062500
1,144,19,83.05670000,-35.67460000,676.00087276,481.99987752,670.59375000,481.39843750
1,2172,20,89.02080000,13.83060000,1132.34691652,276.05789805,1129.58593750,276.42968750
1,2570,12,-15.06150000,15.82100000,1170.00017454,29.99828749,1162.79687500,34.51562500
1,1952,5,-65.42350000,-18.46510000,1181.88518732,145.91646565,1175.54687500,148.22656250
1,1681,8,-28.59440000,17.31080000,1248.99926283,570.00026000,1248.86718750,566.59375000
1,815,5,-47.78330000,-17.56230000,1143.16602044,693.20817237,1142.87500000,692.39062500
1,2861,3,-72.07620000,32.24380000,617.32517452,297.72281986,617.12500000,295.34375000
1,624,8,-14.98030000,-17.11170000,147.64678432,147.07493776,147.20312500,151.06250000
1,1506,11,-14.88800000,7.88354000,329.99985493,29.99942234,330.10156250,31.92968750
1,2662,9,-19.32510000,48.83140000,1136.73473291,371.13212939,1140.92187500,377.02343750
1,1312,15,41.29170000,15.25560000,82.99568643,74.39003479,87.35156250,80.58593750
1,1238,19,69.56480000,-20.14150000,1156.60371054,886.34934966,1147.62500000,884.84375000
1,2762,9,-37.90770000,13.84410000,30.00059917,873.00207916,32.28125000,863.36718750
1,427,13,38.08280000,-45.62510000,332.00100921,267.99854411,329.85937500,266.59375000
1,2043,2,-89.99520000,15.41750000,1187.99985004,797.99999901,1190.18750000,796.49218750
1,2952,9,-34.67690000,41.22880000,895.22724300,701.33720838,898.10156250,705.77343750
1,1411,14,13.82450000,-20.29250000,29.99903548,932.99849621,40.50000000,931.28906250
1,1585,8,-13.42540000,-14.55350000,230.36816429,96.84418821,229.17968750,100.17187500
1,1856,5,-38.37480000,11.03060000,229.00039176,992.99805543,230.86718750,990.39062500
1,237,16,33.55360000,-52.09380000,1188.00254120,78.00073966,1182.06250000,83.39843750
1,527,10,-13.48440000,-18.69040000,91.00041937,77.99951823,93.83593750,82.87500000
1,335,13,17.75320000,-16.86650000,1249.00148475,809.99889888,1242.84375000,808.29687500
1,715,10,-12.96200000,-34.48580000,600.02898412,162.50069076,599.91406250,158.27343750
1,2476,17,42.30470000,13.67190000,147.00960259,136.71858637,145.80468750,134.86718750
1,2374,18,70.69160000,45.94920000,200.00139624,857.00108911,200.67968750,853.60937500
1,145,19,80.77810000,-35.68440000,676.00067486,539.99908785,670.53125000,540.37500000
1,1033,1,-91.12330000,-45.92690000,332.00031403,753.00092708,329.81250000,757.19531250
1,2570,9,-15.06150000,15.82100000,98.90354882,157.58832811,105.48437500,154.74218750
1,918,1,-64.45810000,-22.60620000,1049.99964625,29.99905211,1048.13281250,28.57812500
1,1759,7,-25.14240000,-19.11580000,1191.30171982,473.46001040,1195.83593750,469.92968750
1,1681,9,-28.59440000,17.31080000,137.62442350,575.25251234,134.75000000,569.75781250
1,2282,17,58.15330000,13.91200000,148.83733682,628.69890327,143.94531250,626.86718750
1,3064,2,-88.18450000,13.99660000,1137.66193747,741.13841035,1144.31250000,741.39062500
1,816,4,-49.69060000,-17.60400000,30.00077902,632.99920903,33.92187500,637.51562500
1,1137,20,95.24600000,15.15470000,1187.99835364,78.00136443,1178.46875000,81.81250000
1,2663,12,-15.76620000,46.09200000,200.00152379,164.00057859,198.84375000,166.93750000
1,2952,6,-34.67690000,41.22880000,347.99873922,944.00132517,346.14843750,942.10937500
1,1952,2,-65.42350000,-18.46510000,90.00216139,30.00207367,94.96093750,37.53906250
1,1313,17,43.15520000,12.13010000,200.00039402,164.00001193,198.11718750,161.77343750
1,625,7,-16.83530000,-17.20310000,1248.99843362,209.99927299,1248.09375000,206.35937500
1,1506,8,-14.88800000,7.88354000,945.84666651,143.44180743,947.48437500,141.26562500
1,34,19,74.14370000,-17.65390000,1248.99962705,749.99921941,1239.46875000,748.91406250
1,1238,16,69.56480000,-20.14150000,137.78922569,980.07412721,143.67968750,975.06250000
1,2763,8,-36.05110000,13.93150000,1141.35963049,801.29950964,1144.64843750,797.95312500
1,2172,21,89.02080000,13.83060000,30.00185837,273.00111731,29.53125000,276.52343750
1,428,13,36.15850000,-30.31670000,812.00083641,268.00028576,813.61718750,265.82031250
1,1411,11,13.82450000,-20.29250000,1245.66797407,929.77984803,1242.28125000,924.53125000
1,2375,21,59.61790000,46.98580000,1144.26515670,980.33691447,1135.74218750,972.85156250
1,2571,11,-14.78030000,14.12000000,121.39573346,33.15941372,125.22656250,38.55468750
1,715,7,-12.96200000,-34.48580000,679.99879904,164.00062144,678.73437500,157.91406250
1,2862,6,-71.67820000,30.38970000,690.00097843,30.00018920,689.15625000,29.78125000
1,2476,14,42.30470000,13.67190000,1138.72282910,40.03018188,1132.95312500,42.14843750
1,919,4,-64.76760000,-20.84780000,149.93284216,170.87671028,149.25781250,176.92187500
1,527,7,-13.48440000,-18.69040000,1191.15688468,108.82286289,1189.84375000,105.76562500
1,2043,3,-89.99520000,15.41750000,81.43182559,806.04860586,83.82031250,805.54687500
1,2663,9,-15.76620000,46.09200000,1056.15067064,288.20801721,1061.81250000,292.79687500
1,1857,8,-38.37160000,12.81210000,1107.46673228,874.94148476,1108.06250000,870.70312500
1,335,14,17.75320000,-16.86650000,154.97612836,807.10145606,156.86718750,809.62500000
1,2953,9,-33.65080000,44.81840000,1006.75554987,670.37345586,1010.11718750,675.28906250
1,1034,4,-69.68420000,-45.93640000,960.74370224,146.20383131,959.05468750,142.87500000
1,237,13,33.55360000,-52.09380000,133.63612401,384.39906054,135.75000000,383.99218750
1,2763,9,-36.05110000,13.93150000,29.99831869,812.99857381,31.63281250,804.60156250
1,1314,17,43.14700000,4.70380000,439.99977284,163.99926759,437.03906250,159.40625000
1,1682,8,-30.54310000,17.28050000,1248.99956778,630.00018836,1248.84375000,626.05468750
1,1137,21,95.24600000,15.15470000,86.97946699,79.26262223,86.23437500,84.92187500
1,34,20,74.14370000,-17.65390000,132.59664440,735.20572986,127.83593750,735.72656250
1,1953,5,-65.42720000,-16.72120000,1122.76124299,145.92186098,1118.75000000,146.90625000
1,625,8,-16.83530000,-17.20310000,147.63451729,206.05155308,146.53906250,209.14062500
1,1586,10,-13.41990000,-18.10800000,70.68187148,77.28297571,74.34375000,82.68750000
1,146,19,80.77350000,-38.09500000,601.99943730,540.00023334,597.34375000,540.41406250
1,1238,20,69.56480000,-20.14150000,40.22426782,879.94935734,41.34375000,877.21875000
1,1412,13,15.68710000,-20.41810000,1123.97760686,862.53412100,1122.60156250,862.05468750
1,2571,8,-14.78030000,14.12000000,1151.89380242,140.20450257,1150.50781250,141.46875000
1,919,1,-64.76760000,-20.84780000,1110.00055205,30.00139987,1107.08593750,29.50781250
1,2375,18,59.61790000,46.98580000,199.99833275,617.00050024,197.84375000,615.42187500
1,2282,18,58.15330000,13.91200000,1249.00017901,630.00027984,1248.35156250,630.87500000
1,2476,18,42.30470000,13.67190000,1247.16742049,128.65170323,1242.92968750,134.12500000
1,2862,3,-71.67820000,30.38970000,560.98105982,282.16280330,559.89843750,279.85156250
1,2173,20,90.89660000,13.75570000,1132.27537424,217.17174756,1128.71875000,218.09375000
1,3064,3,-88.18450000,13.99660000,29.99815294,753.00013675,36.09375000,753.11718750
1,1759,8,-25.14240000,-19.11580000,91.00050949,464.00053334,90.64062500,466.91406250
1,816,5,-49.69060000,-17.60400000,1143.10171959,634.21835096,1143.28125000,633.75000000
1,1507,11,-14.89050000,6.04132000,389.99969000,30.00022550,389.63281250,31.04687500
1,527,11,-13.48440000,-18.69040000,1191.20991330,75.86358119,1188.06250000,80.14843750
1,716,10,-14.11560000,-26.94900000,366.63841048,97.47216559,364.82031250,96.19531250
1,2953,6,-33.65080000,44.81840000,228.00149456,943.99894825,227.88281250,939.61718750
1,2664,12,-14.21970000,38.75610000,439.99919894,163.99910790,437.03125000,163.18750000
1,238,16,39.06640000,-52.98340000,1187.99985311,197.99964796,1185.40625000,200.66406250
1,2764,8,-34.17430000,14.00400000,1141.36600269,742.40655280,1145.25000000,739.84375000
1,429,13,35.73920000,-26.08610000,946.00142071,267.99960678,947.73437500,266.96875000
1,35,19,72.26310000,-17.58720000,1249.00158994,810.00053552,1238.27343750,808.09375000
1,2044,2,-93.75820000,15.20980000,1187.99810152,917.99964216,1188.78906250,914.88281250
1,920,4,-65.06530000,-19.11670000,91.86465161,154.89786675,93.42187500,162.92968750
1,1238,17,69.56480000,-20.14150000,1248.99847931,990.00070683,1243.22656250,985.97656250
1,1034,1,-69.68420000,-45.93640000,332.00073871,273.00031384,327.25000000,272.42968750
1,336,13,15.89970000,-16.77770000,1249.00112110,869.99807633,1241.57031250,867.12500000
1,626,7,-18.71080000,-17.27960000,1249.00096305,269.99897964,1249.19531250,265.86718750
1,1857,5,-38.37160000,12.81210000,169.00194477,993.00022217,172.14843750,989.38281250
1,1412,10,15.68710000,-20.41810000,153.59047124,982.57620751,155.69531250,982.15625000
1,1315,17,43.14570000,-2.94183000,680.00007590,163.99972786,680.21093750,159.18750000
1,1138,20,91.50650000,15.37630000,1187.99949298,198.00136939,1181.25781250,198.95312500
1,2376,18,48.14310000,46.92010000,200.00056972,377.00071536,198.17187500,375.54687500
1,1953,2,-65.42720000,-16.72120000,150.00005692,29.99803858,152.79687500,35.79687500
1,147,19,82.25690000,-37.24680000,628.00153047,502.99975672,621.71875000,502.90625000
1,527,8,-13.48440000,-18.69040000,90.86845870,99.08171289,93.13281250,105.69531250
1,1760,7,-21.24620000,-19.04750000,1191.29829129,353.46439759,1194.68750000,349.35937500
1,1507,8,-14.89050000,6.04132000,886.70839274,143.48861250,888.62500000,140.86718750
1,2863,6,-71.29630000,28.53780000,750.00081378,29.99825377,749.46875000,30.22656250
1,2476,15,42.30470000,13.67190000,30.00151580,33.00130534,38.58593750,43.07031250
1,2954,9,-32.51260000,48.29770000,1117.55953461,639.60767415,1119.96093750,645.07031250
1,2283,17,60.05810000,13.87070000,148.84399633,687.55971042,144.37500000,685.78125000
1,1682,9,-30.54310000,17.28050000,137.64295066,634.22683875,134.51562500,628.75000000
1,3065,2,-86.29100000,14.05510000,1137.73072497,682.27004467,1144.63281250,682.53906250
1,238,13,39.06640000,-52.98340000,90.04535679,275.00673612,94.46875000,276.38281250
1,1586,7,-13.41990000,-18.10800000,1211.12883648,104.03730460,1209.26562500,101.32812500
1,2173,21,90.89660000,13.75570000,30.00005291,213.00029787,30.52343750,217.62500000
1,2764,9,-34.17430000,14.00400000,29.99819711,753.00175346,31.20312500,745.55468750
1,920,1,-65.06530000,-19.11670000,1170.00049229,29.99887467,1165.46093750,30.54687500
1,2571,12,-14.78030000,14.12000000,1229.99991520,30.00102878,1220.48437500,35.76562500
1,817,4,-51.60650000,-17.62900000,29.99910651,573.00113220,33.15625000,577.78906250
1,2664,9,-14.21970000,38.75610000,829.11104144,224.73880434,835.17187500,224.79687500
1,430,13,18.91180000,-26.07010000,946.00148956,748.00111453,947.33593750,749.83593750
1,1412,14,15.68710000,-20.41810000,29.99897752,872.99965140,39.92968750,872.81250000
1,716,7,-14.11560000,-26.94900000,919.99958351,164.00082080,921.92187500,157.77343750
1,2376,15,48.14310000,46.92010000,1126.82947235,74.19375505,1121.78906250,78.53906250
1,626,8,-18.71080000,-17.27960000,147.62559630,265.00809237,145.99218750,267.46875000
1,2044,3,-93.75820000,15.20980000,81.57818544,926.40938848,87.26562500,923.45312500
1,148,19,82.24520000,-36.53000000,650.00080574,503.00073998,644.17968750,502.88281250
1,1316,17,43.15140000,-10.54190000,920.00089317,164.00080262,923.06250000,161.13281250
1,2765,8,-32.28070000,14.06100000,1141.37609103,683.49628252,1145.64843750,681.35937500
1,1954,5,-65.43070000,-14.94830000,1063.63866916,145.92143197,1061.09375000,146.19531250
1,2863,3,-71.29630000,28.53780000,504.45518441,266.55362948,502.41406250,264.42187500
1,2954,6,-32.51260000,48.29770000,107.99930745,943.99976130,111.35937500,936.50000000
1,35,20,72.26310000,-17.58720000,132.43435249,794.11622996,128.43750000,794.19531250
1,1508,11,-14.89260000,4.18274000,449.99986184,30.00063094,449.47656250,30.26562500
1,1760,8,-21.24620000,-19.04750000,91.00132687,344.00021542,90.64062500,347.23437500
1,920,5,-65.06530000,-19.11670000,1203.53354294,157.32185864,1197.23437500,159.49218750
1,1239,19,69.65570000,-20.13410000,1157.04145494,883.52245016,1147.98437500,882.04687500
1,336,14,15.89970000,-16.77770000,155.06259245,865.93394039,158.28906250,867.53906250
1,2283,18,60.05810000,13.87070000,1248.99926922,689.99966003,1247.69531250,690.42187500
1,1858,8,-38.36810000,14.56560000,1166.64114749,874.95718653,1165.23437500,869.26562500
1,239,16,44.88530000,-53.61660000,1187.99902963,317.99988730,1186.02343750,318.89843750
1,3065,3,-86.29100000,14.05510000,30.00174504,692.99866730,34.93750000,693.99218750
1,2665,12,-12.93810000,31.18480000,679.99975563,163.99968092,679.12500000,161.61718750
1,431,13,18.73900000,-26.06030000,945.99913639,753.00093305,946.67187500,754.75000000
1,1413,13,17.57490000,-20.52640000,1124.05951090,803.77048327,1122.60937500,803.90625000
1,1035,1,-74.12130000,-42.33670000,455.00067353,365.00121084,451.70312500,363.60937500
1,1683,8,-32.48300000,17.23010000,1249.00037706,690.00125340,1248.64062500,685.46875000
1,528,10,-14.01650000,-22.19130000,211.00029900,77.99979802,210.37500000,80.04687500
1,2377,18,43.66190000,42.46880000,331.99823521,268.00060044,329.93750000,266.09375000
1,627,7,-20.60310000,-17.34080000,1248.99755479,329.99957474,1250.10156250,325.73437500
1,817,5,-51.60650000,-17.62900000,1143.03682173,575.23887092,1143.38281250,574.46875000
1,2864,6,-70.92940000,26.69220000,809.99900237,29.99955095,809.32812500,30.78125000
1,1138,21,91.50650000,15.37630000,86.83985198,199.29523147,84.09375000,201.92968750
1,1586,11,-13.41990000,-18.10800000,1170.99871969,77.99802723,1168.58593750,81.83593750
1,2174,20,92.75210000,13.66610000,1132.20603714,158.28366466,1127.60156250,160.03906250
1,1317,17,43.15880000,-15.39470000,1078.00001381,163.99960301,1081.30468750,163.43750000
1,2765,9,-32.28070000,14.06100000,30.00191553,693.00047949,30.96875000,686.12500000
1,2477,14,41.21610000,15.49250000,1198.72736716,75.78627043,1191.68750000,77.60156250
1,2955,9,-32.34130000,48.78030000,1133.19877571,635.26504170,1135.51562500,640.75781250
1,1508,8,-14.89260000,4.18274000,827.57326393,143.53579498,829.52343750,140.64062500
1,717,10,-14.77370000,-22.13240000,211.22726043,54.17271333,211.41406250,56.86718750
1,36,19,70.40280000,-17.50520000,1249.00246741,869.99852061,1236.79687500,866.98437500
1,1761,7,-17.40000000,-18.90600000,1191.29313628,233.55049022,1192.60156250,229.35937500
1,2571,9,-14.78030000,14.12000000,40.78827237,141.57492721,49.85156250,139.65625000
1,921,4,-65.35210000,-17.41550000,33.58286506,138.85605428,38.37500000,149.07031250
1,1239,16,69.65570000,-20.13410000,137.79140184,983.01910153,143.89062500,977.81250000
1,2284,17,61.95040000,13.81340000,148.85211147,746.42449675,144.94531250,744.57812500
1,3066,2,-84.38480000,14.09730000,1137.79406670,623.38623940,1144.87500000,623.39062500
1,2045,2,-94.55980000,15.15660000,1187.99835210,943.99870159,1189.98437500,940.21875000
1,149,19,81.57030000,-36.53280000,650.00060216,520.00098777,644.21875000,519.95312500
1,1858,5,-38.36810000,14.56560000,108.99926490,992.99958147,676.35937500,254.60937500
1,1954,2,-65.43070000,-14.94830000,209.99950827,29.99999819,211.19531250,34.21093750
1,1413,14,17.57490000,-20.52640000,30.00084282,812.99987365,37.31250000,814.21093750
1,239,13,44.88530000,-53.61660000,44.16287967,159.86833275,54.28906250,164.44531250
1,2864,3,-70.92940000,26.69220000,447.74673930,250.89085658,445.44531250,249.30468750
1,432,13,17.10880000,-41.37370000,465.99838787,752.99854542,463.07031250,754.64843750
1,1036,1,-75.03580000,-30.45000000,823.00105061,365.00001227,825.89062500,361.41406250
1,1683,9,-32.48300000,17.23010000,137.66196094,693.21495113,134.49218750,687.73437500
1,2477,18,41.21610000,15.49250000,1181.76468631,101.49042023,1179.70312500,106.23437500
1,337,13,14.06980000,-16.67520000,1248.99952197,929.99951922,1240.33593750,925.65625000
1,2665,9,-12.93810000,31.18480000,598.90208223,160.38139497,602.77343750,157.25000000
1,2955,6,-32.34130000,48.78030000,90.99839251,944.00013005,94.81250000,936.03125000
1,1586,8,-13.41990000,-18.10800000,110.71537208,96.94283274,112.44531250,103.12500000
1,627,8,-20.60310000,-17.34080000,147.61095148,323.94570886,145.64062500,326.11718750
1,2377,15,43.66190000,42.46880000,959.87123166,146.37054727,959.33593750,146.33593750
1,1139,20,87.67790000,15.53180000,1187.99907647,318.00030418,1183.32031250,317.74218750
1,1509,11,-14.89430000,2.31152000,510.00090438,30.00047729,509.28906250,29.72656250
1,921,1,-65.35210000,-17.41550000,1229.99973481,30.00055263,1223.36718750,31.66406250
1,2766,8,-30.37440000,14.10170000,1141.38124310,624.57308313,1145.81250000,622.64843750
1,1318,17,50.83840000,-15.62450000,1078.00108460,404.00090128,1083.64843750,403.90625000
1,2174,21,92.75210000,13.66610000,30.00053143,152.99941080,31.63281250,158.90625000
1,528,7,-14.01650000,-22.19130000,1074.26555360,141.08362305,1076.02343750,135.99218750
1,1761,8,-17.40000000,-18.90600000,91.00038190,224.00098146,91.38281250,228.27343750
1,150,19,81.57600000,-37.24970000,627.99902482,520.00052392,621.75000000,520.00000000
1,818,4,-53.52690000,-17.63710000,29.99821612,513.00085198,32.69531250,518.37500000
1,1955,5,-65.43380000,-13.14920000,1004.51889522,145.92129019,1002.96093750,145.19531250
1,1414,13,19.48420000,-20.61660000,1124.13771753,744.99894461,1124.23437500,745.78906250
1,1239,20,69.65570000,-20.13410000,40.68067133,877.03769206,41.53906250,874.39062500
1,2865,6,-70.57670000,24.85680000,869.99857535,30.00152417,869.29687500,31.41406250
1,36,20,70.40280000,-17.50520000,132.27106602,853.00434885,129.26562500,852.34375000
1,2284,18,61.95040000,13.81340000,1248.99988005,750.00129048,1246.75781250,749.89062500
1,2956,9,-37.83900000,49.66970000,1176.58766351,744.40206943,1175.53125000,748.93750000
1,2045,3,-94.55980000,15.15660000,81.61053249,952.49416774,89.65625000,948.30468750
1,2572,11,-14.69340000,13.58800000,139.84326407,36.06383240,142.78125000,40.91406250
1,1858,9,-38.36810000,14.56560000,55.99203966,884.93629262,54.36718750,875.73437500
1,240,16,50.90870000,-53.95940000,1187.99911900,437.99993868,1186.75781250,438.18750000
1,2477,15,41.21610000,15.49250000,91.00036304,78.00168396,95.45312500,84.71093750
1,432,10,17.10880000,-41.37370000,826.74452707,911.10693791,830.81250000,915.27343750
1,3066,3,-84.38480000,14.09730000,29.99966192,632.99865500,34.12500000,634.34375000
1,2666,12,-11.85790000,23.64690000,920.00124577,164.00093380,920.54687500,162.17968750
1,1587,10,-13.41890000,-18.60200000,87.79237515,79.68523564,90.64843750,84.53125000
1,921,5,-65.35210000,-17.41550000,1146.04315397,148.27836894,1141.56250000,149.71093750
1,1037,1,-85.77340000,-30.45440000,822.99965732,655.99855204,827.39843750,657.43750000
1,717,7,-14.77370000,-22.13240000,1078.00142283,163.99896826,1079.78906250,158.79687500
1,628,7,-22.50820000,-17.38580000,1249.00041658,389.99857897,1250.95312500,385.77343750
1,337,14,14.06980000,-16.67520000,155.14787195,924.77352738,160.07812500,925.12500000
1,151,16,39.32980000,-17.06120000,30.00107855,29.99878756,40.00781250,38.32031250
1,2766,9,-30.37440000,14.10170000,30.00050921,632.99978740,31.00781250,626.49218750
1,2865,3,-70.57670000,24.85680000,390.85132401,235.17577175,388.15625000,234.21875000
1,2956,6,-37.83900000,49.66970000,90.99977256,823.99985756,92.49218750,819.29687500
1,1684,8,-34.40970000,17.16000000,1248.99891151,750.00182491,1248.17968750,744.57031250
1,1414,14,19.48420000,-20.61660000,29.99883844,753.00045398,36.59375000,755.29687500
1,2572,8,-14.69340000,13.58800000,1134.05699934,137.39148260,1133.33593750,138.33593750
1,2378,18,45.44760000,27.16410000,811.99856873,267.99878080,814.59375000,265.76562500
1,1139,21,87.67790000,15.53180000,86.69862661,319.34449585,82.47656250,320.43750000
1,1509,8,-14.89430000,2.31152000,768.44076636,143.58351188,770.00781250,140.57812500
1,2478,18,41.76620000,18.99340000,1065.09357339,133.78544547,1066.50000000,135.32031250
1,1319,17,58.64470000,-15.61160000,1078.00109191,644.00188917,1082.70312500,646.03125000
1,818,5,-53.52690000,-17.63710000,1142.97269415,516.26525282,1143.22656250,515.64062500
1,2046,2,-94.56620000,11.61810000,1068.00077557,943.99961108,1070.95312500,942.94531250
1,1762,10,-13.63650000,-18.69650000,91.57708328,73.13018425,94.71093750,78.02343750
1,2285,17,63.82610000,13.74070000,148.85939974,805.28872894,145.73437500,803.13281250
1,2666,9,-11.85790000,23.64690000,365.45827354,95.11884861,368.90625000,91.72656250
1,529,10,-14.58910000,-25.79560000,331.00031862,77.99809736,328.89062500,77.54687500
1,3067,2,-82.47000000,14.12300000,1137.85848731,564.48623440,1144.87500000,564.36718750
1,718,7,-22.73500000,-22.49730000,1077.99852390,403.99997957,1083.14843750,399.85156250
1,1955,2,-65.43380000,-13.14920000,269.99819614,30.00165570,269.88281250,32.78906250
1,241,16,57.01040000,-53.99220000,1187.99991569,558.00072718,1186.34375000,557.75000000
1,1859,8,-38.36420000,16.28830000,1225.82064039,874.97209617,1222.34375000,867.78906250
1,922,1,-65.44070000,-16.88340000,1248.99903281,30.00064175,1241.49218750,32.07031250
1,2767,8,-28.45950000,14.12590000,1141.38785098,565.63617632,1145.78125000,563.85937500
1,37,19,68.56610000,-17.40880000,1248.99724600,929.99985395,1235.30468750,925.32031250
1,1587,7,-13.41890000,-18.60200000,1194.05297175,106.31432111,1192.73437500,103.42187500
1,2175,20,94.58370000,13.56250000,1132.13624155,99.39707805,1126.25781250,102.37500000
1,2957,9,-43.64920000,50.30190000,1222.22962100,859.20182563,1216.64062500,861.36718750
1,151,13,39.32980000,-17.06120000,1238.99461701,127.04657903,1233.57031250,132.28906250
1,1415,13,21.41110000,-20.68770000,1124.21810941,686.21899825,1124.38281250,687.13281250
1,1239,17,69.65570000,-20.13410000,1249.00020189,992.99951818,1243.32031250,988.90625000
1,1038,1,-86.53320000,-42.34300000,454.99809945,656.00013879,452.81250000,659.35937500
1,2572,12,-14.69340000,13.58800000,1248.99774403,29.99802151,1238.58593750,36.23437500
1,2866,6,-70.23750000,23.03540000,930.00103795,30.00070562,928.68750000,32.25781250
1,628,8,-22.50820000,-17.38580000,147.60234121,382.86279289,145.49218750,384.99218750
1,1510,11,-14.89560000,0.43164100,570.00007427,29.99964255,569.67968750,29.32031250
1,2478,15,41.76620000,18.99340000,210.99961923,78.00184697,211.52343750,82.15625000
1,2047,2,-94.57100000,7.97314000,948.00075817,943.99996879,951.98437500,945.21093750
1,1762,7,-13.63650000,-18.69650000,1191.28914561,113.71635595,1190.03906250,110.74218750
1,337,11,14.06980000,-16.67520000,1121.70951842,938.02677917,1122.89843750,935.57031250
1,819,4,-55.44740000,-17.62830000,30.00098388,453.00144964,32.32812500,458.68750000
1,1140,20,83.79210000,15.61550000,1187.99890561,437.99830045,1184.55468750,437.30468750
1,3067,3,-82.47000000,14.12300000,29.99867096,572.99887261,33.41406250,574.74218750
1,1320,17,65.45010000,-15.39760000,1077.99948594,857.00181352,1080.06250000,858.99218750
1,2957,6,-43.64920000,50.30190000,90.99949495,703.99932316,90.65625000,701.05468750
1,2379,18,45.84650000,22.93430000,945.99909865,268.00067358,949.69531250,266.78125000
1,529,7,-14.58910000,-25.79560000,958.17914479,173.12420655,960.96875000,167.06250000
1,2767,9,-28.45950000,14.12590000,30.00060111,572.99846824,31.16406250,566.90625000
1,922,5,-65.44070000,-16.88340000,1128.24224299,145.47863732,1124.39062500,146.62500000
1,2667,12,-11.23460000,18.82980000,1077.99903346,164.00026867,1076.64062500,163.75000000
1,1415,14,21.41110000,-20.68770000,29.99908924,693.00030072,34.78125000,696.10156250
1,1684,9,-34.40970000,17.16000000,137.67876979,752.21543513,134.66406250,746.44531250
1,151,17,39.32980000,-17.06120000,1141.39757795,39.94499694,1141.15625000,42.61718750
1,2866,3,-70.23750000,23.03540000,333.76589010,219.41095101,331.35156250,219.39843750
1,1859,5,-38.36420000,16.28830000,49.00098802,992.99976411,873.28125000,33.62500000
1,1587,11,-13.41890000,-18.60200000,1188.00119318,78.00119428,1184.92187500,82.19531250
1,2285,18,63.82610000,13.74070000,1248.99964011,810.00041148,1245.64843750,809.19531250
1,1956,5,-65.43640000,-11.32680000,945.39746481,145.92438316,944.62500000,144.38281250
1,242,19,63.05380000,-53.71300000,56.94485538,893.65545870,56.81250000,890.42187500
1,2573,11,-12.88840000,13.70500000,139.83177703,95.03555883,141.88281250,98.13281250
1,433,10,16.54030000,-45.59580000,956.79778547,874.53903327,962.21875000,877.01562500
1,1240,19,69.65220000,-18.42160000,1215.76404219,890.51772215,1204.50000000,887.71875000
1,2479,18,42.36180000,22.59770000,949.16747298,165.87554844,952.32812500,165.21093750
1,2175,21,94.58370000,13.56250000,30.00052384,93.00170803,32.85156250,100.60937500
1,719,7,-30.84080000,-22.49090000,1077.99979082,644.00045042,1084.06250000,642.42187500
1,629,7,-24.42210000,-17.41450000,1248.99911759,450.00021984,1251.49218750,445.78906250
1,3068,2,-80.55080000,14.13200000,1137.92543574,505.56884950,1144.86718750,505.11718750
1,37,16,68.56610000,-17.40880000,40.61289629,962.20054955,50.28125000,955.56250000
1,1140,21,83.79210000,15.61550000,86.55759331,439.41077892,81.64062500,439.76562500
1,2048,2,-94.57420000,4.24750000,827.99943383,944.00181105,831.85156250,946.82031250
1,1510,8,-14.89560000,0.43164100,709.31362639,143.63187936,710.41406250,140.63281250
1,2768,8,-26.54030000,14.13330000,1141.39390222,506.68742668,1145.63281250,504.90625000
1,2867,6,-69.91100000,21.23190000,989.99906502,29.99984191,987.94531250,33.38281250
1,922,2,-65.44070000,-16.88340000,144.49552389,30.45449444,146.98437500,36.28125000
1,2667,9,-11.23460000,18.82980000,209.97878546,51.65385444,216.67187500,50.17968750
1,1762,11,-13.63650000,-18.69650000,1191.78725115,70.90719454,1188.65625000,75.28125000
1,819,5,-55.44740000,-17.62830000,1142.91211771,457.30042462,1142.89843750,456.64062500
1,2958,6,-49.67140000,50.64280000,91.00167820,584.00154457,89.71093750,581.92187500
1,1039,1,-77.36510000,-39.48860000,546.99898555,437.99955393,545.35156250,437.25000000
1,530,10,-15.20680000,-29.47720000,450.99990240,78.00035941,448.74218750,75.53906250
1,338,13,12.26680000,-16.55980000,1248.99871403,990.00036314,1238.92968750,983.87500000
1,1859,9,-38.36420000,16.28830000,115.15696152,877.85082189,111.89843750,870.42187500
1,2573,8,-12.88840000,13.70500000,1141.59232707,79.05408973,1138.85156250,81.64062500
1,151,14,39.32980000,-17.06120000,144.34505872,136.58373418,144.95312500,142.87500000
1,1587,8,-13.41890000,-18.60200000,93.76238262,96.95370049,96.13281250,103.64062500
1,1321,17,65.44200000,-7.96844000,838.00055562,856.99969121,840.57031250,861.38281250
1,434,16,37.86580000,-45.64530000,955.14444998,134.32631396,956.93750000,134.49218750
1,2479,15,42.36180000,22.59770000,330.99933208,78.00069938,329.17968750,79.85937500
1,1416,13,23.35140000,-20.73910000,1124.29842827,627.43148573,1126.17968750,628.42187500
1,2380,18,62.70560000,22.94350000,945.99897239,747.99887456,948.67968750,750.27343750
1,1685,8,-36.31900000,17.07100000,1249.00010805,810.00094565,1247.53906250,803.42968750
1,1240,16,69.65220000,-18.42160000,78.74435465,992.29906933,87.26562500,985.41406250
1,720,7,-37.90000000,-22.17490000,1078.00031178,857.00090273,1082.50000000,855.24218750
1,3068,3,-80.55080000,14.13200000,30.00027263,512.99818776,33.07812500,515.37500000
1,2867,3,-69.91100000,21.23190000,276.49708315,203.59552915,274.45312500,204.37500000
1,629,8,-24.42210000,-17.41450000,147.58971914,441.76293641,145.46093750,443.86718750
1,37,20,68.56610000,-17.40880000,132.10192403,911.87735639,130.22656250,910.09375000
1,2176,20,96.38840000,13.44570000,1132.06408680,40.50520381,1124.72656250,45.21093750
1,2286,17,65.68150000,13.65320000,148.86768015,864.15375993,146.67968750,861.17187500
1,1511,11,-14.89640000,-1.45300000,630.00087233,30.00135223,629.67187500,29.16406250
1,1956,2,-65.43640000,-11.32680000,330.00041709,29.99997410,329.06250000,31.55468750
1,2768,9,-26.54030000,14.13330000,30.00010649,512.99851057,31.65625000,507.11718750
1,242,16,63.05380000,-53.71300000,1188.00045251,677.99903544,1185.56250000,677.05468750
1,923,1,-67.24460000,-16.99900000,1249.00033157,89.99944113,1243.30468750,90.34375000
1,1762,8,-13.63650000,-18.69650000,91.00056469,104.00115311,93.10937500,110.60937500
1,2959,6,-55.78010000,50.67310000,90.99923744,464.00011005,89.73437500,462.50000000
1,2668,12,-3.26733000,19.18690000,1078.00024070,404.00061323,1080.58593750,402.34375000
1,152,16,39.05270000,-18.75240000,90.00081323,30.00094622,98.69531250,36.92187500
1,2573,12,-12.88840000,13.70500000,1248.99920771,89.99866033,1240.44531250,94.26562500
1,2049,2,-94.57560000,0.47088600,708.00037604,944.00007845,710.92187500,947.78906250
1,434,13,37.86580000,-45.64530000,331.99877092,273.00031217,330.50781250,271.45312500
1,1141,20,79.88390000,15.62420000,1187.99933374,557.99942765,1184.87500000,557.15625000
1,1322,17,65.44090000,-0.32080100,598.00003963,857.00201433,597.58593750,861.45312500
1,1859,6,-38.36420000,16.28830000,1159.80224792,983.83987245,1155.82812500,979.48437500
1,3069,2,-78.63160000,14.12410000,1137.99109162,446.63724337,1144.59375000,445.84375000
1,530,7,-15.20680000,-29.47720000,842.88879957,204.94107576,845.36718750,198.72656250
1,720,4,-37.90000000,-22.17490000,205.47553350,985.05710895,211.75000000,985.42187500
1,1685,9,-36.31900000,17.07100000,137.69814519,811.22701154,135.03125000,804.89843750
1,2480,18,43.00840000,26.27930000,833.97890099,197.76044039,837.16406250,195.66406250
1,820,4,-57.36380000,-17.60250000,30.00126250,392.99958163,32.41406250,399.07812500
1,1588,10,-9.67706000,-18.82440000,87.78717402,199.69906437,88.25781250,202.11718750
1,2868,6,-69.59640000,19.44950000,1050.00070230,30.00091837,1046.67968750,34.67187500
1,630,7,-26.34050000,-17.42650000,1248.99865302,510.00205691,1251.80468750,506.02343750
1,1416,14,23.35140000,-20.73910000,29.99924475,633.00049517,35.11718750,636.61718750
1,2769,8,-24.62110000,14.12380000,1141.39868936,447.72691852,1145.21875000,445.89062500
1,1040,1,-77.61330000,-33.50620000,730.99970700,438.00089188,732.89843750,436.08593750
1,2960,6,-61.83820000,50.39070000,91.00088950,343.99978011,90.41406250,343.35156250
1,2381,18,62.87870000,22.93370000,946.00137719,752.99953036,949.27343750,755.29687500
1,338,14,12.26680000,-16.55980000,155.23390995,983.61717398,162.01562500,982.34375000
1,1240,20,69.65220000,-18.42160000,99.75641385,877.02934621,98.30468750,875.41406250
1,2286,18,65.68150000,13.65320000,1249.00043930,869.99856897,1244.32812500,868.07031250
1,2669,12,4.84161000,19.17140000,1078.00162573,644.00046204,1081.27343750,643.10937500
1,37,17,68.56610000,-17.40880000,1151.47572859,957.40436689,1150.06250000,956.59375000
1,1957,5,-65.43870000,-9.48462000,886.28176250,145.92406785,885.82812500,143.74218750
1,152,13,39.05270000,-18.75240000,1181.07991731,142.98453809,1176.99218750,146.79687500
1,1511,8,-14.89640000,-1.45300000,650.18843026,143.67776823,650.72656250,140.80468750
1,243,19,68.91020000,-53.13780000,103.14059612,777.60093593,99.42968750,777.23437500
1,2050,2,-94.57530000,-3.32465000,588.00052085,943.99879834,590.00781250,948.17968750
1,1763,8,-15.51390000,-15.57170000,199.99808440,163.99886134,198.17968750,166.67968750
1,1686,8,-38.20700000,16.96380000,1249.00004753,869.99987606,1246.64062500,862.04687500
1,435,13,33.46750000,-42.03380000,455.00055480,364.99995003,452.06250000,363.05468750
1,2960,3,-61.83820000,50.39070000,1231.00653579,143.85434959,1225.10156250,146.89843750
1,3069,3,-78.63160000,14.12410000,30.00050889,452.99989884,32.84375000,455.60156250
1,923,5,-67.24460000,-16.99900000,1135.62283187,87.30256941,1130.21875000,89.94531250
1,630,8,-26.34050000,-17.42650000,147.57789613,500.64399589,145.64843750,502.85937500
1,2176,21,96.38840000,13.44570000,29.99806512,32.99994823,34.16406250,42.77343750
1,1141,21,79.88390000,15.62420000,86.41710076,559.49812519,81.78906250,559.36718750
1,1240,17,69.65220000,-18.42160000,1189.00165558,993.00046993,1185.44531250,990.31250000
1,1860,8,-38.36290000,16.82710000,1244.56420833,874.97719438,1241.06250000,867.28906250
1,531,10,-15.87540000,-33.20610000,570.99960807,78.00057900,569.96875000,74.36718750
1,2868,3,-69.59640000,19.44950000,219.03663616,187.72525826,218.20312500,189.35937500
1,721,7,-38.84630000,-29.55120000,837.99978922,857.00161009,842.89062500,859.67968750
1,2287,20,67.51320000,13.55170000,1133.16237319,946.05690976,1128.99218750,943.54687500
1,1417,13,25.30080000,-20.77030000,1124.37903040,568.63501663,1125.59375000,569.59375000
1,2769,9,-24.62110000,14.12380000,29.99829288,452.99995578,32.28125000,447.26562500
1,1323,17,65.44670000,7.28015000,357.99929943,857.00173893,355.96875000,859.04687500
1,2573,9,-12.88840000,13.70500000,30.15618321,78.16242122,41.67968750,78.07812500
1,1041,1,-83.20170000,-33.50780000,730.99936408,583.99879858,733.63281250,584.82031250
1,2670,15,11.90090000,18.84660000,209.50237372,977.78200500,213.59375000,973.80468750
1,1512,11,-14.89690000,-3.33826000,690.00084824,29.99897528,690.00000000,29.17968750
1,1588,11,-9.67706000,-18.82440000,1188.00035770,198.00063928,1187.72656250,199.39062500
1,38,19,66.75640000,-17.29850000,1248.99906640,990.00112690,1233.62500000,983.40625000
1,2480,15,43.00840000,26.27930000,450.99946657,78.00057866,448.37500000,78.28906250
1,243,16,68.91020000,-53.13780000,1188.00183380,798.00035935,1183.66406250,795.78906250
1,152,17,39.05270000,-18.75240000,1200.45141569,30.68886979,1199.61718750,34.98437500
1,1686,9,-38.20700000,16.96380000,137.71630230,870.25122070,135.58593750,863.10937500
1,631,7,-28.25900000,-17.42170000,1248.99921419,570.00073042,1251.89062500,566.23437500
1,2961,6,-67.71550000,49.81200000,90.99955332,224.00084571,92.14062500,225.07812500
1,338,11,12.26680000,-16.55980000,1114.40537409,879.88729007,1116.74218750,878.65625000
1,820,5,-57.36380000,-17.60250000,1142.84915114,398.34112395,1142.62500000,397.45312500
1,3070,2,-76.71660000,14.09940000,1138.05623355,387.68841672,1144.10937500,386.70312500
1,1860,5,-38.36290000,16.82710000,30.00016343,992.99943586,887.66406250,21.63281250
1,1957,2,-65.43870000,-9.48462000,389.99926523,30.00179769,388.46093750,30.40625000
1,2382,21,64.65530000,38.24880000,836.44538537,916.93599448,833.60156250,917.03906250
1,1142,20,75.98960000,15.55760000,1188.00158219,677.99906849,1184.57031250,676.94531250
1,531,7,-15.87540000,-33.20610000,728.38695672,236.54236109,729.03906250,230.79687500
1,1764,8,-15.52670000,-8.14539000,439.99949792,163.99975718,436.36718750,162.74218750
1,721,4,-38.84630000,-29.55120000,441.80364696,918.82423517,443.85937500,922.21875000
1,1417,14,25.30080000,-20.77030000,29.99967386,572.99960736,33.14843750,577.16406250
1,2051,2,-94.57340000,-7.10596000,468.00045701,944.00127932,468.90625000,947.84375000
1,436,13,32.60020000,-30.14510000,823.00106898,364.99818946,824.80468750,363.52343750
1,923,2,-67.24460000,-16.99900000,144.57098363,89.47710078,145.89843750,93.50781250
1,2770,8,-22.70610000,14.09760000,1141.40616501,388.75165807,1144.65625000,387.16406250
1,1042,1,-83.37520000,-39.49040000,547.00066455,584.00090685,546.18750000,585.87500000
1,2177,20,95.30260000,15.26720000,1192.01697816,76.16621046,1183.28125000,80.78125000
1,1512,8,-14.89690000,-3.33826000,591.06756510,143.72761506,591.13281250,141.15625000
1,2869,6,-69.29320000,17.69150000,1110.00137600,30.00021699,1105.08593750,35.92187500
1,2961,3,-67.71550000,49.81200000,1185.00583111,259.76757226,1183.66406250,259.90625000
1,152,14,39.05270000,-18.75240000,87.33637701,145.57625015,88.68750000,153.26562500
1,2574,11,-11.05620000,13.80880000,139.81920683,154.00427753,140.84375000,155.61718750
1,1589,10,-5.84625000,-18.98050000,87.78377243,319.72917435,86.71093750,321.23437500
1,1241,20,69.64900000,-16.67760000,158.83804733,877.02329324,155.46875000,876.41406250
1,244,19,74.47320000,-52.29770000,147.03335875,667.34494336,140.94531250,668.02343750
1,631,8,-28.25900000,-17.42170000,147.56705656,559.50263542,145.97656250,561.90625000
1,1860,9,-38.36290000,16.82710000,133.42636956,875.66328509,130.28125000,868.72656250
1,2287,17,67.51320000,13.55170000,148.87568157,923.02260790,147.91406250,918.74218750
1,1686,6,-38.20700000,16.96380000,1136.25237129,985.20661832,1131.18750000,981.32812500
1,3070,3,-76.71660000,14.09940000,30.00018394,393.00091079,33.03906250,395.85156250
1,38,16,66.75640000,-17.29850000,32.81828277,903.70256225,41.49218750,898.55468750
1,339,13,12.17740000,-16.55360000,1249.00248834,993.00128459,1238.67968750,986.71093750
1,1324,17,65.45420000,12.13290000,200.00051740,857.00069203,199.68750000,856.17187500
1,2670,12,11.90090000,18.84660000,1078.00115369,856.99888963,1079.50781250,854.71875000
1,2382,18,64.65530000,38.24880000,465.99907548,752.99965654,463.85156250,754.18750000
1,1142,21,75.98960000,15.55760000,86.27837788,679.60178526,82.87500000,678.78906250
1,532,10,-16.60140000,-36.94970000,691.00011931,78.00086501,691.37500000,73.71093750
1,2052,2,-94.56970000,-10.84060000,348.00198026,944.00033868,348.82031250,946.92187500
1,2962,6,-73.30430000,48.96830000,91.00018220,103.99921815,94.63281250,107.92968750
1,1513,11,-14.89690000,-5.22009000,750.00082747,29.99912433,750.33593750,29.32031250
1,2481,18,43.71250000,30.00820000,719.52084449,229.44315115,721.65625000,226.78125000
1,1958,5,-65.44050000,-7.62604000,827.16653528,145.92656143,826.60156250,143.34375000
1,2869,3,-69.29320000,17.69150000,161.38733486,171.80458443,161.82031250,174.71875000
1,1765,8,-15.53260000,-0.49975600,680.00038827,163.99954774,678.56250000,160.94531250
1,722,7,-39.95790000,-37.13620000,597.99924012,856.99953650,599.33593750,861.94531250
1,153,16,38.76560000,-20.47420000,150.00016043,30.00064602,156.38281250,35.46093750
1,437,13,21.89470000,-30.12920000,823.00097405,655.99894418,824.21875000,657.74218750
1,1043,1,-79.21390000,-37.73210000,601.99950141,482.00045686,601.53125000,481.76562500
1,244,16,74.47320000,-52.29770000,1187.99819964,918.00074864,1181.19531250,913.37500000
1,1418,13,27.25480000,-20.78100000,1124.45983414,509.83046196,1125.77343750,510.52343750
1,2770,9,-22.70610000,14.09760000,29.99925340,392.99984503,33.24218750,387.67968750
1,821,4,-59.27170000,-17.56000000,30.00102093,332.99989517,32.57031250,339.67187500
1,632,7,-30.17340000,-17.40020000,1248.99965869,629.99917219,1251.74218750,626.12500000
1,2177,21,95.30260000,15.26720000,90.99915791,77.99779997,91.01562500,84.32031250
1,1589,11,-5.84625000,-18.98050000,1188.00135375,318.00066375,1189.67968750,318.10156250
1,2574,12,-11.05620000,13.80880000,1248.99955647,150.00111083,1242.20312500,152.48437500
1,1860,6,-38.36290000,16.82710000,1141.35253517,980.96853911,1137.32031250,977.05468750
1,1687,8,-40.07010000,16.83940000,1249.00051813,930.00086588,1245.58593750,920.32812500
1,339,14,12.17740000,-16.55360000,155.24187801,986.55976710,161.92187500,985.19531250
1,3071,2,-74.81000000,14.05820000,1138.12305802,328.72108481,1143.44531250,327.78125000
1,2383,21,65.29050000,42.47140000,966.70085243,880.21576963,963.17968750,879.28125000
1,2053,2,-94.56440000,-14.49870000,227.99946126,944.00113902,230.19531250,945.31250000
1,2962,3,-73.30430000,48.96830000,1141.26801321,369.97365136,1142.88281250,368.76562500
1,2671,15,12.90910000,26.22170000,445.39534563,911.77497016,445.21875000,912.62500000
1,438,13,21.11370000,-42.01670000,454.99868856,655.99958326,451.72656250,657.23437500
1,2870,2,-69.00070000,15.96080000,1211.03163483,146.07078637,1210.86718750,148.00000000
1,924,1,-69.07570000,-17.10150000,1248.99918620,150.00012094,1245.03125000,149.14062500
1,1325,17,57.77060000,12.36260000,200.00013862,617.00069089,197.15625000,616.70312500
1,38,20,66.75640000,-17.29850000,131.93963075,970.73032861,131.35937500,967.33593750
1,2287,21,67.51320000,13.55170000,30.02331922,955.79782536,36.22656250,949.07812500
1,245,19,75.63200000,-52.08480000,156.25330432,644.17710752,149.50000000,644.83593750
1,532,7,-16.60140000,-36.94970000,614.66451002,267.92845372,613.23437500,263.22656250
1,722,4,-39.95790000,-37.13620000,674.59985655,853.58417894,677.65625000,856.13281250
1,1143,20,72.14450000,15.41810000,1187.99966001,798.00004673,1183.41406250,796.03125000
1,1513,8,-14.89690000,-5.22009000,531.95021426,143.77499996,531.31250000,141.63281250
1,1766,8,-15.53160000,7.10028000,919.99941805,164.00190483,919.81250000,161.44531250
1,1241,17,69.64900000,-16.67760000,1128.99988178,992.99906349,1127.25781250,991.58593750
1,632,8,-30.17340000,-17.40020000,147.55610004,618.34172542,146.50781250,620.72656250
1,1044,1,-79.26260000,-35.32170000,675.99897544,481.99929368,677.32031250,481.31250000
1,1590,10,-1.95850000,-19.06440000,87.77815614,439.77350962,85.72656250,441.11718750
1,153,13,38.76560000,-20.47420000,1123.33562829,158.87803378,1121.35937500,161.28125000
1,1958,2,-65.44050000,-7.62604000,449.99960097,30.00072059,448.48437500,29.53906250
1,1418,14,27.25480000,-20.78100000,30.00029271,512.99854392,32.62500000,517.46093750
1,2575,11,-9.20020000,13.89850000,139.80603441,212.96386132,139.89843750,213.48437500
1,2481,15,43.71250000,30.00820000,571.00020820,78.00040677,568.60937500,77.34375000
1,2963,6,-69.73130000,46.23140000,199.99936572,164.00055063,199.09375000,164.49218750
1,3071,3,-74.81000000,14.05820000,30.00157301,333.00002225,33.18750000,336.67968750
1,1687,5,-40.07010000,16.83940000,34.23626587,937.12477511,364.49218750,978.84375000
1,1861,5,-40.19680000,16.96920000,30.00131831,933.00104149,36.32031250,927.72656250
1,821,5,-59.27170000,-17.56000000,1142.78570129,339.39194502,1141.86718750,338.65625000
1,2671,12,12.90910000,26.22170000,838.00131156,857.00094128,841.46093750,857.99218750
1,339,11,12.17740000,-16.55360000,1114.04222039,877.02540742,1116.63281250,875.83593750
1,2870,6,-69.00070000,15.96080000,1170.00100618,30.00098070,1162.99218750,37.43750000
1,2178,21,95.85490000,18.76770000,210.99928396,77.99946642,207.10937500,81.75781250
1,533,10,-17.39260000,-40.67430000,811.00143581,77.99963923,812.53906250,73.82031250
1,2383,18,65.29050000,42.47140000,332.00055401,753.00063307,329.78125000,752.83593750
1,723,7,-41.28380000,-44.66180000,358.00069380,856.99921110,356.78125000,861.92187500
1,1767,8,-15.52710000,11.95320000,1078.00146420,163.99912171,1077.97656250,163.02343750
1,2054,1,-94.55740000,-18.05370000,1210.36038560,955.14954806,1211.12500000,950.03906250
1,439,13,30.24880000,-39.17820000,546.99995734,438.00167736,544.99218750,436.85156250
1,245,16,75.63200000,-52.08480000,1188.00049513,944.00101375,1180.85156250,938.59375000
1,633,7,-32.07950000,-17.36220000,1249.00079559,689.99862605,1251.26562500,686.03125000
1,2771,8,-20.79960000,14.05490000,1141.41497674,329.76345910,1143.85156250,328.39843750
1,1959,5,-65.44190000,-5.75482000,768.05265861,145.92850515,767.36718750,142.94531250
1,1514,11,-14.89650000,-7.09442000,809.99956250,29.99855982,810.50000000,29.71875000
1,1419,13,29.20880000,-20.77110000,1124.54070670,451.01978414,1125.59375000,451.60937500
1,1590,11,-1.95850000,-19.06440000,1188.00017158,437.99951578,1190.68750000,437.57812500
1,1326,17,49.96160000,12.34750000,200.00041731,376.99933063,197.03906250,374.73437500
1,924,2,-69.07570000,-17.10150000,144.64405828,148.48349814,145.05468750,151.32812500
1,1143,21,72.14450000,15.41810000,86.13542090,799.72493116,84.78125000,797.37500000
1,2287,18,67.51320000,13.55170000,1249.00095622,929.99872228,1243.03906250,926.60156250
1,3072,2,-72.91600000,14.00070000,1138.18524209,269.73740178,1142.63281250,269.01562500
1,2963,3,-69.73130000,46.23140000,1060.67334964,286.93550412,1062.60937500,285.60937500
1,38,17,66.75640000,-17.29850000,1143.92949602,898.73880833,1144.17187500,899.32031250
1,2575,12,-9.20020000,13.89850000,1248.99928729,209.99902478,1243.69531250,211.21875000
1,1242,20,69.64620000,-14.90470000,217.92043492,877.01665604,213.40625000,877.33593750
1,154,16,38.46800000,-22.22410000,209.99867276,29.99916013,214.53125000,34.17968750
1,533,7,-17.39260000,-40.67430000,501.71396729,299.10298923,498.21875000,295.72656250
1,1045,1,-81.53190000,-35.32230000,676.00090591,540.00162450,677.60937500,540.27343750
1,440,13,30.02120000,-33.19540000,730.99948740,438.00035565,731.58593750,437.03125000
1,723,4,-41.28380000,-44.66180000,903.93982997,789.31100574,908.38281250,788.67187500
1,2870,3,-69.00070000,15.96080000,103.54885817,155.83020734,105.81250000,160.70312500
1,2672,15,14.11080000,33.80530000,677.94620375,846.70528927,678.84375000,848.85156250
1,1861,9,-40.19680000,16.96920000,142.45160081,932.69267077,139.64843750,924.60937500
1,2384,18,43.87990000,42.48940000,331.99850162,273.00005232,329.62500000,271.14062500
1,2054,2,-94.55740000,-18.05370000,107.99977312,943.99846395,113.28906250,943.24218750
1,822,4,-61.16710000,-17.50120000,30.00052596,272.99801246,33.09375000,280.54687500
1,2179,21,96.45250000,22.37160000,331.00001424,78.00093248,324.92187500,79.63281250
1,1419,14,29.20880000,-20.77110000,30.00096581,452.99931716,32.21875000,457.87500000
1,340,13,11.90110000,-18.24490000,1189.00049378,993.00069010,1181.42968750,987.93750000
1,1768,8,-23.20370000,12.18110000,1078.00084647,403.99900425,1081.78125000,401.49218750
1,1959,2,-65.44190000,-5.75482000,510.00078317,30.00020342,508.37500000,28.77343750
1,2482,18,44.48160000,33.75170000,605.78823928,260.92460075,606.24218750,257.96093750
1,1687,9,-40.07010000,16.83940000,137.73496921,929.29011380,136.20312500,921.03125000
1,1591,10,1.95129000,-19.07300000,87.77449949,559.83516358,85.67187500,561.68750000
1,2771,9,-20.79960000,14.05490000,30.00158707,333.00010763,34.32812500,328.12500000
1,1327,17,46.44520000,8.18060000,331.99973558,267.99966830,327.45312500,264.46093750
1,246,19,74.47470000,-48.62380000,266.65974716,674.92740361,256.91406250,676.23437500
1,925,1,-70.93070000,-17.18990000,1248.99999280,209.99885614,1246.57812500,208.12500000
1,633,8,-32.07950000,-17.36220000,147.54580490,677.16245780,147.22656250,679.42968750
1,2964,6,-68.17350000,38.89630000,439.99995172,163.99960812,437.56250000,161.98437500
1,1514,8,-14.89650000,-7.09442000,472.83763288,143.82306737,471.50781250,142.29687500
1,2576,11,-7.32367000,13.97330000,139.79324136,271.92141114,139.16406250,271.85156250
1,441,13,24.45170000,-33.18640000,731.00089478,583.99973883,731.16406250,584.89062500
1,1144,20,68.38140000,15.21110000,1187.99961356,918.00114502,1181.58593750,913.89843750
1,154,13,38.46800000,-22.22410000,1065.76131163,174.72591543,1065.44531250,175.91406250
1,1046,1,-81.55050000,-37.73280000,601.99968027,539.99966684,602.09375000,540.70312500
1,724,7,-42.30650000,-49.45620000,199.99984414,857.00135750,199.90625000,860.60156250
1,39,19,66.66670000,-17.29260000,1249.00070178,993.00065515,1233.35937500,986.24218750
1,534,10,-18.25800000,-44.34670000,930.99842033,78.00030388,933.27343750,74.50781250
1,1861,6,-40.19680000,16.96920000,1141.29170808,922.06503030,1138.62500000,920.11718750
1,1242,17,69.64620000,-14.90470000,1069.00052975,992.99826518,1068.28125000,992.77343750
1,2672,12,14.11080000,33.80530000,598.00068710,857.00098173,599.56250000,858.92968750
1,3072,3,-72.91600000,14.00070000,29.99812574,272.99903164,33.82812500,277.25000000
1,1591,11,1.95129000,-19.07300000,1188.00098210,558.00009220,1190.78125000,557.75781250
1,2384,15,43.87990000,42.48940000,961.53247286,141.46385893,961.20312500,141.57812500
1,2055,1,-94.55630000,-18.54770000,1193.22033672,952.69585645,1194.35156250,947.92968750
1,2482,15,44.48160000,33.75170000,690.99945510,78.00066596,689.25000000,77.25000000
1,1420,13,31.15830000,-20.74070000,1124.62153014,392.20193245,1125.44531250,392.84375000
1,2288,20,69.31800000,13.43710000,1125.73317384,887.71063710,1122.74218750,886.58593750
1,822,5,-61.16710000,-17.50120000,1142.72202121,280.44859419,1140.94531250,280.25000000
1,1515,11,-14.89560000,-8.95740000,869.99968335,30.00068289,870.06250000,30.25000000
1,1328,17,46.44260000,-7.19733000,811.99963532,267.99932504,813.91406250,264.67968750
1,2180,21,97.10100000,26.05270000,450.99865712,77.99911513,444.27343750,78.01562500
1,246,16,74.47470000,-48.62380000,1068.00127537,943.99838758,1066.57031250,941.02343750
1,340,10,11.90110000,-18.24490000,70.32719372,872.15459052,73.82812500,872.34375000
1,925,2,-70.93070000,-17.18990000,144.71898283,207.47048649,144.33593750,209.36718750
1,2871,2,-68.71840000,14.25990000,1153.38836784,136.91469486,1154.83593750,137.88281250
1,155,16,38.15940000,-23.99950000,270.00255555,30.00001154,273.24218750,33.18750000
1,1687,6,-40.07010000,16.83940000,1145.38870498,926.67602505,1141.37500000,924.40625000
1,442,13,24.26430000,-39.16870000,547.00066653,584.00008720,544.62500000,584.68750000
1,2576,12,-7.32367000,13.97330000,1248.99941904,269.99951217,1244.80468750,270.28906250
1,2772,8,-18.90570000,13.99590000,1141.41868620,270.76142536,1142.95312500,269.75781250
1,1144,17,68.38140000,15.21110000,90.24617148,951.10272263,92.91406250,945.67187500
1,1862,5,-42.05940000,17.09520000,29.99863410,873.00004876,34.71093750,869.42968750
1,1047,1,-80.06860000,-36.89060000,627.99887762,502.99916188,628.38281250,502.97656250
1,1960,5,-65.44290000,-3.87494000,708.94280629,145.92978254,707.81250000,142.89843750
1,724,4,-42.30650000,-49.45620000,1053.07449553,747.51322405,1056.54687500,744.19531250
1,634,7,-33.97320000,-17.30820000,1248.99830416,749.99973302,1250.61718750,745.67187500
1,1243,20,69.64390000,-13.10550000,277.00856811,877.00651505,271.34375000,878.15625000
1,2673,15,15.56350000,41.32930000,907.22580121,782.55299825,909.92187500,783.53906250
1,1592,10,5.84686000,-19.00590000,87.77061653,679.91204922,87.30468750,681.73437500
1,1769,8,-31.00780000,12.16750000,1077.99839923,644.00228234,1082.82031250,642.08593750
1,3073,2,-71.03860000,13.92770000,1138.25166925,210.73847349,1141.65625000,210.40625000
1,2483,18,45.32460000,37.47620000,492.77132116,292.20900151,491.69531250,289.45312500
1,534,7,-18.25800000,-44.34670000,389.53135823,330.06368210,384.25781250,328.44531250
1,2385,18,48.24690000,38.88700000,454.99865334,365.00034221,452.78125000,362.68750000
1,2288,17,69.31800000,13.43710000,148.88198965,981.89575993,149.28125000,976.22656250
1,2055,2,-94.55630000,-18.54770000,90.99895958,943.99861856,96.87500000,942.97656250
1,340,11,11.90110000,-18.24490000,1170.68482259,868.06986699,1171.67187500,866.03125000
1,1515,8,-14.89560000,-8.95740000,413.72706226,143.86851752,412.61718750,143.04687500
1,1420,14,31.15830000,-20.74070000,30.00156892,393.00085496,32.15625000,398.42968750
1,2871,6,-68.71840000,14.25990000,1230.00240781,30.00095587,1220.47656250,38.94531250
1,823,4,-63.04580000,-17.42660000,29.99811726,213.00093081,33.79687500,221.50781250
1,2181,21,97.80660000,29.78120000,571.00099767,78.00028664,564.32812500,77.22656250
1,1329,17,46.44700000,-11.44330000,946.00098542,268.00129958,950.39062500,265.77343750
1,2964,3,-68.17350000,38.89630000,833.48510518,223.30573414,835.11718750,220.57812500
1,443,13,28.41350000,-37.41790000,601.99964220,481.99853910,600.40625000,481.50781250
1,155,13,38.15940000,-23.99950000,1008.34971849,190.52669022,1008.99218750,190.65625000
1,926,1,-72.80620000,-17.26350000,1249.00025802,269.99871883,1247.92187500,267.47656250
1,39,16,66.66670000,-17.29260000,32.43233840,900.81773092,41.20312500,895.71093750
1,725,7,-31.17860000,-50.47550000,200.00010179,616.99914788,195.28125000,620.76562500
1,2577,11,-5.43042000,14.03250000,139.78169465,330.87482187,138.44531250,330.38281250
1,247,19,73.43160000,-45.04870000,377.89342539,705.90461057,368.28125000,708.07031250
1,1862,9,-42.05940000,17.09520000,151.71076775,991.17609554,149.39843750,981.76562500
1,1048,1,-80.07590000,-36.17370000,650.00057152,503.00077303,650.72656250,502.85156250
1,634,8,-33.97320000,-17.30820000,147.53201417,735.96574526,148.10937500,738.04687500
1,1243,17,69.64390000,-13.10550000,1008.99878547,993.00108344,1009.40625000,993.80468750
1,1960,2,-65.44290000,-3.87494000,570.00007403,30.00036611,568.57812500,28.23437500
1,2871,3,-68.71840000,14.25990000,45.51719297,139.80325324,50.62500000,146.22656250
1,3073,3,-71.03860000,13.92770000,29.99904981,212.99967201,34.64062500,218.22656250
1,1592,11,5.84686000,-19.00590000,1188.00160141,678.00041590,1190.89062500,677.48437500
1,823,5,-63.04580000,-17.42660000,1142.65651520,221.51811456,1139.77343750,221.71093750
1,1770,8,-37.81190000,11.95410000,1078.00015437,857.00070162,1081.60937500,853.39062500
1,926,2,-72.80620000,-17.26350000,144.79335635,266.44079584,143.77343750,267.89843750
1,156,16,37.83910000,-25.79690000,329.99834647,29.99854261,332.39843750,32.14843750
1,2673,12,15.56350000,41.32930000,357.99923073,856.99910219,358.71875000,857.67187500
1,1516,11,-14.89430000,-10.80520000,930.00002991,30.00234029,930.14843750,30.93750000
1,725,4,-31.17860000,-50.47550000,1140.08787611,982.11990923,1139.64843750,972.44531250
1,1330,17,61.98930000,-11.44840000,945.99930365,748.00022163,949.89062500,751.42187500
1,2386,18,49.01270000,26.99960000,822.99961948,364.99988490,826.00781250,363.45312500
1,2483,15,45.32460000,37.47620000,811.00070655,77.99984284,809.60937500,77.67968750
1,2056,1,-90.81470000,-18.76820000,1193.39118646,832.39508573,1195.80468750,829.72656250
1,2772,9,-18.90570000,13.99590000,29.99862775,272.99940045,35.77343750,268.67187500
1,1421,13,33.09890000,-20.69010000,1124.70200237,333.37472061,1125.03906250,334.07031250
1,2288,18,69.31800000,13.43710000,1248.99972100,990.00112739,1241.44531250,984.84375000
1,341,13,11.61510000,-19.96680000,1128.99973105,992.99923212,1123.27343750,989.16406250
1,2965,6,-66.88400000,31.32570000,679.99880528,164.00104115,679.49218750,161.72656250
1,444,13,28.37210000,-35.00740000,676.00037679,482.00158359,675.63281250,481.61718750
1,2577,12,-5.43042000,14.03250000,1249.00084983,330.00040064,1245.77343750,329.50781250
1,535,10,-19.20870000,-47.93630000,1050.99969215,77.99970696,1052.69531250,75.94531250
1,1688,8,-41.90480000,16.69890000,1249.00226026,989.99949068,1244.37500000,978.23437500
1,2872,5,-68.63110000,13.72800000,138.58411561,42.20076037,1022.93750000,949.32812500
1,39,20,66.66670000,-17.29260000,131.93301045,973.67171947,131.25000000,970.21875000
1,2182,21,98.57680000,33.52420000,690.99890529,78.00062476,685.12500000,77.23437500
1,1144,21,68.38140000,15.21110000,85.99428821,919.86604478,87.54687500,914.55468750
1,824,4,-64.90430000,-17.33700000,29.99864620,153.00068688,34.74218750,162.83593750
1,1862,6,-42.05940000,17.09520000,1141.22717452,863.15249995,1139.80468750,862.55468750
1,1244,20,69.64190000,-11.28320000,336.09671838,876.99954241,329.74218750,878.84375000
1,927,1,-74.69850000,-17.32170000,1248.99779694,330.00095163,1248.88281250,327.15625000
1,247,16,73.43160000,-45.04870000,947.99925627,943.99929994,948.72656250,943.21875000
1,635,7,-35.85050000,-17.23850000,1248.99977495,810.00194649,1249.70312500,804.90625000
1,2674,15,16.69500000,46.12230000,1056.41228894,740.80869604,1056.72656250,740.64062500
1,726,10,-19.68210000,-50.38760000,1133.58194573,83.45606508,1134.77343750,82.43750000
1,1961,5,-65.44350000,-1.99036000,649.83551155,145.93032288,648.17187500,142.73437500
1,3074,2,-69.18150000,13.83970000,1138.31700428,151.72258123,1140.51562500,152.21093750
1,1593,10,9.69275000,-18.86570000,87.76666492,800.00283188,89.13281250,801.19531250
1,156,13,37.83910000,-25.79690000,951.11376635,206.28141057,952.50781250,205.53125000
1,2289,20,69.40740000,13.43100000,1125.36631860,884.84184678,1122.29687500,883.68750000
1,1771,8,-37.82310000,4.52484000,837.99941917,856.99952190,842.30468750,857.62500000
1,2578,11,-3.52448000,14.07570000,139.76662655,389.82181877,138.00781250,389.07031250
1,2484,18,46.25180000,41.14850000,380.46694852,323.29560327,378.30468750,321.03906250
1,824,5,-64.90430000,-17.33700000,1142.59385886,162.59223960,1138.67968750,163.64843750
1,2965,3,-66.88400000,31.32570000,603.25384946,158.82114090,602.09375000,156.28125000
1,2387,18,59.74240000,26.99970000,822.99922697,656.00064314,825.75000000,657.96093750
1,1331,17,62.14920000,-11.44480000,946.00025288,752.99892259,950.40625000,756.47656250
1,341,10,11.61510000,-19.96680000,128.54169430,856.26204305,129.89062500,857.60937500
1,2872,2,-68.63110000,13.72800000,1135.54527890,134.08167430,1137.53906250,134.81250000
1,1049,1,-80.74790000,-36.17380000,650.00027875,520.00058491,650.83593750,520.09375000
1,1688,5,-41.90480000,16.69890000,43.47911635,877.97822800,362.91406250,905.46875000
1,535,7,-19.20870000,-47.93630000,278.10179031,360.81777068,272.12500000,360.92968750
1,1516,8,-14.89430000,-10.80520000,354.61975572,143.91441092,353.15625000,143.94531250
1,1863,5,-43.94730000,17.20380000,29.99951689,812.99826239,144.53125000,967.46093750
1,726,7,-19.68210000,-50.38760000,199.99872073,376.99911459,193.74218750,378.44531250
1,635,8,-35.85050000,-17.23850000,147.52203074,794.75056932,149.14062500,796.25000000
1,2674,12,16.69500000,46.12230000,200.00054082,856.99987803,204.53125000,855.96875000
1,3074,3,-69.18150000,13.83970000,29.99881440,152.99981942,35.57812500,159.46875000
1,445,13,26.11120000,-35.00380000,675.99979443,540.00020658,675.46875000,540.25781250
1,2183,21,99.42030000,37.24820000,810.99861075,78.00057837,805.38281250,77.83593750
1,1593,11,9.69275000,-18.86570000,1188.00218660,797.99914078,1189.42968750,796.42187500
1,39,17,66.66670000,-17.29260000,1143.55683852,895.85319189,1143.94531250,896.50000000
1,2056,2,-90.81470000,-18.76820000,91.00203930,824.00064230,94.08593750,825.27343750
1,1421,14,33.09890000,-20.69010000,30.00178456,333.00090757,32.26562500,338.98437500
1,2773,8,-17.02840000,13.92140000,1141.42604573,211.74668389,1141.94531250,211.45312500
1,927,2,-74.69850000,-17.32170000,144.86507465,325.39556054,143.20312500,326.64843750
1,1244,17,69.64190000,-11.28320000,948.99976015,993.00064252,950.12500000,994.67968750
1,1144,18,68.38140000,15.21110000,1189.23182626,950.11359712,1185.82812500,948.55468750
1,2578,12,-3.52448000,14.07570000,1248.99863840,389.99964393,1246.60937500,388.83593750
1,1772,8,-37.82750000,-3.12280000,597.99915330,857.00028850,599.53906250,859.65625000
1,248,19,72.48740000,-41.38650000,489.95655046,737.11431540,481.42968750,739.89062500
1,1332,17,62.14690000,3.93610000,465.99977968,752.99892809,463.47656250,756.13281250
1,2872,6,-68.63110000,13.72800000,1248.99846905,29.99973398,1238.43750000,39.50000000
1,536,10,-20.25760000,-51.41560000,1170.99891669,78.00067717,1170.46875000,77.71093750
1,2484,15,46.25180000,41.14850000,930.99966322,77.99956125,929.21093750,78.85156250
1,157,16,37.50650000,-27.61340000,390.00075178,29.99935204,391.84375000,31.32031250
1,1863,6,-43.94730000,17.20380000,1141.16608430,804.23362859,1140.27343750,804.49218750
1,1688,9,-41.90480000,16.69890000,137.75486034,988.33919857,137.04687500,978.42187500
1,2289,17,69.40740000,13.43100000,148.88389827,984.83688973,149.52343750,978.96093750
1,1517,11,-14.89270000,-12.63420000,990.00025696,30.00041980,990.82812500,31.89062500
1,825,4,-66.73900000,-17.23320000,30.00260992,93.00026557,35.81250000,104.54687500
1,1961,2,-65.44350000,-1.99036000,629.99893099,30.00128157,628.93750000,27.92187500
1,2388,18,60.64440000,38.88820000,455.00154140,655.99946503,452.53906250,656.55468750
1,727,10,-15.30730000,-45.92660000,966.57221295,155.60078939,970.53125000,151.60156250
1,636,7,-37.70750000,-17.15390000,1249.00021531,870.00033552,1248.70312500,863.84375000
1,2675,15,5.58344000,47.15590000,1143.24297917,975.19808973,1140.25781250,968.32031250
1,2966,6,-65.79830000,23.78830000,919.99926981,163.99930022,920.62500000,163.53906250
1,1594,13,13.45630000,-18.65760000,1178.68197808,940.57944286,1172.57031250,937.46875000
1,3075,5,-67.34820000,13.73750000,141.12094219,84.12786769,139.53125000,87.87500000
1,928,1,-76.60350000,-17.36380000,1248.99813311,390.00040894,1249.81250000,386.89843750
1,341,11,11.61510000,-19.96680000,1229.27435445,858.80737980,1228.25000000,855.77343750
1,1422,13,35.02620000,-20.61980000,1124.78152550,274.53970824,1124.51562500,275.50781250
1,1245,20,69.64030000,-9.44098000,395.18896451,876.99276086,388.75000000,879.39062500
1,2579,11,-1.60986000,14.10230000,139.75480185,448.76590022,137.73437500,448.07812500
1,40,19,66.39430000,-18.98460000,1188.99957308,993.00128855,1176.50781250,987.86718750
1,536,7,-20.25760000,-51.41560000,167.42263873,391.36318754,162.20312500,393.08593750
1,2485,18,47.27550000,44.73790000,268.86338045,354.18646569,266.71875000,352.32812500
1,446,13,26.08610000,-37.41420000,601.99960037,540.00017055,600.35937500,540.17187500
1,1050,1,-80.74650000,-36.89060000,628.00168747,519.99955531,628.60937500,520.21875000
1,2184,21,100.34700000,40.92010000,930.99752756,78.00729313,924.95312500,79.13281250
1,1333,17,62.15140000,8.18201000,332.00078783,753.00149017,329.05468750,754.73437500
1,2773,9,-17.02840000,13.92140000,29.99943772,212.99944424,37.34375000,209.66406250
1,727,7,-15.30730000,-45.92660000,332.00167628,267.99896227,325.91406250,266.60937500
1,1773,8,-37.82490000,-10.72370000,357.99916559,857.00058609,358.32031250,859.51562500
1,1688,6,-41.90480000,16.69890000,1154.29928387,869.58380157,1151.21093750,868.53906250
1,1962,5,-65.44360000,-0.10504200,590.72750208,145.93329920,588.54687500,143.10937500
1,157,13,37.50650000,-27.61340000,894.03785844,221.98982623,895.60156250,220.63281250
1,2289,18,69.40740000,13.43100000,1249.00131528,992.99887431,1241.50781250,987.89062500
1,2675,12,5.58344000,47.15590000,200.00230758,617.00040875,198.78125000,617.84375000
1,1422,14,35.02620000,-20.61980000,30.00099290,273.00099956,32.57812500,279.88281250
1,636,8,-37.70750000,-17.15390000,147.51105237,853.51243813,150.31250000,854.13281250
1,2057,1,-86.98440000,-18.92270000,1193.55573206,712.15104300,1197.30468750,710.14062500
1,825,1,-66.73900000,-17.23320000,1239.67293230,74.59930832,1233.97656250,75.18750000
1,248,16,72.48740000,-41.38650000,828.00021605,943.99871911,829.46093750,944.82812500
1,537,10,-20.41500000,-51.89830000,1188.00198761,78.00175362,1186.87500000,77.96875000
1,2485,15,47.27550000,44.73790000,1051.00127334,78.00103132,1047.57812500,80.76562500
1,1145,20,67.57980000,15.15800000,1187.99850775,943.99972416,1180.90625000,939.34375000
1,1517,8,-14.89270000,-12.63420000,295.51635043,143.96376838,292.95312500,145.07812500
1,2966,3,-65.79830000,23.78830000,369.91325346,93.46888817,367.86718750,94.09375000
1,1594,10,13.45630000,-18.65760000,87.76114035,920.11094461,91.84375000,919.41406250
1,1245,17,69.64030000,-9.44098000,888.99965609,993.00001055,890.30468750,995.37500000
1,2389,18,51.44390000,36.03710000,547.00040031,437.99987321,545.81250000,436.57812500
1,2873,2,-66.82500000,13.84590000,1143.17759188,75.69028058,1143.32031250,77.82812500
1,342,13,11.31880000,-21.71680000,1069.00036082,992.99959687,1064.96875000,990.28125000
1,3075,2,-67.34820000,13.73750000,1138.38208794,92.68958385,1139.28906250,94.40625000
1,1864,6,-45.85670000,17.29410000,1141.10592679,745.31242735,1140.65625000,746.15625000
1,2579,12,-1.60986000,14.10230000,1248.99979609,450.00045019,1247.18750000,448.61718750
1,40,16,66.39430000,-18.98460000,90.50717519,884.69655021,95.86718750,881.31250000
1,1051,19,96.71420000,-20.18130000,1144.61652733,49.76316959,1142.67968750,52.44531250
1,447,13,27.56460000,-36.57470000,628.00025733,502.99914526,626.89062500,502.80468750
1,928,2,-76.60350000,-17.36380000,144.93945555,384.33009704,142.93750000,385.52343750
1,1689,8,-41.99570000,16.69140000,1248.99970273,992.99823897,1244.47656250,981.12500000
1,728,7,-17.34630000,-30.62650000,812.00085801,267.99988977,813.77343750,262.33593750
1,2185,21,101.37000000,44.50900000,1050.99974719,77.99609647,1043.26562500,81.17968750
1,1962,2,-65.44360000,-0.10504200,690.00068286,29.99968022,689.24218750,27.78125000
1,1423,13,36.93600000,-20.53050000,1124.85874645,215.69797513,1123.75000000,217.45312500
1,1334,17,46.60520000,8.18427000,332.00079500,273.00154705,329.46875000,269.50781250
1,2676,12,-5.92926000,47.08070000,199.99948918,377.00044647,197.84375000,377.96875000
1,1774,8,-37.81950000,-15.57640000,200.00076011,857.00154972,201.94531250,858.27343750
1,2486,18,48.41050000,48.21690000,157.95896312,384.88558213,158.14062500,383.42187500
1,825,5,-66.73900000,-17.23320000,1142.53453434,103.67366698,1137.24218750,106.10156250
1,158,16,37.16080000,-29.44510000,450.00015385,29.99847892,451.25781250,30.50000000
1,2290,20,69.69020000,15.12240000,1182.22758784,875.89475625,1177.40625000,873.69531250
1,2774,8,-15.17140000,13.83200000,1141.43495482,152.71754351,1140.70312500,153.56250000
1,1246,20,69.63920000,-7.58240000,454.28459864,876.98316444,448.10156250,879.82812500
1,537,7,-20.41500000,-51.89830000,151.79997634,395.67383199,146.91406250,397.67187500
1,2057,2,-86.98440000,-18.92270000,90.99887688,703.99952722,92.17968750,706.14843750
1,637,7,-39.54080000,-17.05520000,1248.99818857,929.99806423,1247.51562500,922.48437500
1,2390,18,51.61840000,30.05450000,731.00056755,438.00026170,733.10937500,436.89062500
1,2967,6,-65.17210000,18.97140000,1077.99889507,164.00118209,1076.71875000,165.96093750
1,1594,14,13.45630000,-18.65760000,86.07179848,944.83668656,94.23437500,943.69531250
1,3075,3,-67.34820000,13.73750000,29.99829086,92.99938809,36.72656250,101.28125000
1,1051,20,96.71420000,-20.18130000,30.00067321,30.00188481,39.69531250,39.22656250
1,1145,17,67.57980000,15.15800000,93.93846569,925.06303578,95.96875000,920.34375000
1,2873,6,-66.82500000,13.84590000,1248.99935223,89.99837398,1240.18750000,97.46093750
1,1865,5,-47.78390000,17.36540000,30.00012858,692.99846191,1204.18750000,38.40625000
1,1518,11,-14.89060000,-14.44100000,1049.99932418,30.00174259,1049.77343750,32.94531250
1,1689,5,-41.99570000,16.69140000,43.93628581,875.06936495,355.35156250,899.68750000
1,2580,11,0.30908200,14.11220000,139.74128610,507.70332028,137.93750000,507.22656250
1,40,20,66.39430000,-18.98460000,72.83626999,982.73262552,75.24218750,977.76562500
1,929,1,-78.51720000,-17.38950000,1248.99811062,450.00097850,1250.44531250,446.89843750
1,1963,5,-65.44340000,1.77679000,531.62341871,145.93232259,529.08593750,143.28906250
1,729,7,-17.78970000,-26.39770000,946.00078853,267.99822018,949.81250000,262.29687500
1,342,10,11.31880000,-21.71680000,186.53561246,840.42791263,186.21093750,842.89843750
1,158,13,37.16080000,-29.44510000,837.13118079,237.65331722,838.83593750,235.87500000
1,825,2,-66.73900000,-17.23320000,135.52833407,73.04778132,137.45312500,77.75781250
1,1335,17,49.56360000,4.32269000,454.99932117,364.99957163,450.64062500,361.89062500
1,1775,8,-30.13280000,-15.80660000,200.00011474,617.00096910,197.97656250,619.70312500
1,538,10,-14.92470000,-52.78610000,1188.00171159,198.00014421,1189.81250000,196.00000000
1,2774,9,-15.17140000,13.83200000,30.00184146,152.99849017,39.17968750,150.96875000
1,2676,9,-5.92926000,47.08070000,1132.54971833,81.75210214,1134.21875000,91.66406250
1,1423,14,36.93600000,-20.53050000,29.99778770,213.00204486,33.14843750,221.01562500
1,1246,17,69.63920000,-7.58240000,828.99934999,993.00228555,830.14062500,995.86718750
1,1052,19,96.71040000,-18.46880000,1203.63760576,40.42433392,1193.45312500,45.54687500
1,2186,21,102.50200000,47.98760000,1170.99700095,78.00556858,1159.89062500,83.85156250
1,448,13,27.55940000,-35.85780000,650.00184492,503.00098466,648.95312500,502.82812500
1,249,19,71.62950000,-37.66750000,602.86345224,768.55757289,595.85937500,771.92187500
1,1518,8,-14.89060000,-14.44100000,236.41732379,144.00996767,234.51562500,146.25000000
1,2391,18,57.20210000,30.05390000,730.99964263,583.99844894,732.82031250,584.85937500
1,637,8,-39.54080000,-17.05520000,147.49769766,912.25470515,151.74218750,911.71875000
1,2290,21,69.69020000,15.12240000,80.25031615,878.38864326,81.67968750,874.99218750
1,40,17,66.39430000,-18.98460000,1200.78997956,886.99595531,1199.12500000,886.66406250
1,929,2,-78.51720000,-17.38950000,145.01346167,443.24801455,142.85156250,444.57812500
1,1145,21,67.57980000,15.15800000,85.96260652,945.89747777,88.02343750,939.93750000
1,2486,15,48.41050000,48.21690000,1171.00145152,78.00068223,1163.38281250,82.86718750
1,1963,2,-65.44340000,1.77679000,750.00054904,30.00214546,749.46093750,27.85937500
1,2580,12,0.30908200,14.11220000,1248.99920831,509.99920492,1247.83593750,508.43750000
1,1336,17,49.56420000,-7.58411000,823.00005900,364.99982945,826.64843750,362.82031250
1,1689,9,-41.99570000,16.69140000,137.75329903,991.29122628,137.23437500,981.26562500
1,2967,3,-65.17210000,18.97140000,214.57206251,49.95888970,215.32031250,54.41406250
1,2873,3,-66.82500000,13.84590000,34.93798164,76.41361269,41.25781250,84.67968750
1,730,7,-34.66300000,-26.43930000,945.99973098,748.00167452,951.64062500,748.85156250
1,1594,11,13.45630000,-18.65760000,1188.00123461,917.99948977,1187.38281250,914.32812500
1,3076,5,-65.54190000,13.62210000,148.56830861,142.40939519,146.10156250,144.65625000
1,1776,8,-22.32150000,-15.79080000,199.99818516,376.99923886,196.78125000,378.86718750
1,1865,6,-47.78390000,17.36540000,1141.04279931,686.38143162,1143.14062500,687.78906250
1,2775,11,-13.33830000,13.72830000,138.09655066,80.41992846,140.27343750,83.88281250
1,2058,1,-83.09750000,-19.00510000,1193.72626024,591.96857995,1197.82031250,589.89062500
1,1424,16,38.82450000,-20.42280000,148.07892549,31.60555358,154.62500000,37.03906250
1,826,4,-68.54660000,-17.11580000,29.99998111,33.00069523,1025.47656250,621.72656250
1,538,7,-14.92470000,-52.78610000,108.84662511,286.70551207,104.94531250,289.14062500
1,2187,21,102.67300000,48.47020000,1188.00496276,77.99073523,1176.21875000,84.20312500
1,343,13,11.01170000,-23.49220000,1008.99941406,992.99945624,1006.17968750,991.31250000
1,449,13,26.89000000,-35.85670000,649.99951629,519.99889286,648.95312500,520.00000000
1,1052,20,96.71040000,-18.46880000,89.99901255,29.99904727,90.49218750,37.66406250
1,1247,20,69.63840000,-5.71124000,513.38209967,876.97731318,507.26562500,880.10937500
1,159,16,36.80130000,-31.28830000,509.99950843,29.99880728,511.44531250,30.17968750
1,2677,12,-10.41220000,42.62380000,332.00103779,268.00003968,328.50000000,267.90625000
1,637,5,-39.54080000,-17.05520000,1138.85112113,954.63198772,1135.10156250,949.75000000
1,1519,11,-14.88820000,-16.22250000,1109.99826310,29.99996882,1108.21093750,34.15625000
1,930,1,-80.43530000,-17.39850000,1248.99966446,510.00044316,1250.85937500,506.98437500
1,41,19,66.11210000,-20.70720000,1128.99989386,993.00125228,1118.76562500,989.29687500
1,1145,18,67.57980000,15.15800000,1192.93156180,924.57325178,1190.21875000,923.44531250
1,2392,18,57.44760000,36.03660000,546.99943250,583.99950251,545.88281250,584.27343750
1,2290,18,69.69020000,15.12240000,1188.99997581,992.99771583,1183.96875000,989.12500000
1,2775,8,-13.33830000,13.72830000,1141.43918099,93.67711985,1139.32031250,95.85156250
1,2874,5,-64.99160000,13.95040000,138.47659601,159.98633722,135.91406250,161.96093750
1,2487,18,48.58130000,48.69940000,142.30524439,389.21978196,143.70312500,387.74218750
1,3076,2,-65.54190000,13.62210000,1138.45139132,33.63879358,1137.77343750,36.93750000
1,731,7,-34.83630000,-26.42990000,945.99849139,753.00048396,952.23437500,753.96093750
1,1689,6,-41.99570000,16.69140000,1154.74143603,866.76734983,1151.46875000,865.72656250
1,1777,8,-18.81760000,-11.62310000,331.99994398,268.00179465,328.11718750,267.92968750
1,1964,5,-65.44260000,3.65112000,472.52291805,145.93705763,469.76562500,143.66406250
1,1337,17,59.02390000,-7.58466000,822.99920846,655.99964727,825.75781250,658.85156250
1,2581,11,2.22821000,14.10520000,139.72980885,566.63898233,138.08593750,565.92968750
1,2968,6,-57.19740000,19.33020000,1077.99908039,404.00073944,1079.62500000,404.45312500
1,1424,13,38.82450000,-20.42280000,1124.94069993,156.84443446,1122.74218750,159.43750000
1,249,16,71.62950000,-37.66750000,707.99978704,943.99960068,709.27343750,945.66406250
1,450,13,26.88930000,-36.57350000,628.00068227,519.99994967,626.94531250,519.99218750
1,539,10,-9.13104000,-53.41930000,1188.00101648,318.00025505,1192.06250000,315.36718750
1,826,1,-68.54660000,-17.11580000,1247.51601378,132.93001732,1243.10937500,132.27343750
1,2188,21,97.21330000,49.36220000,1188.00007874,197.99892260,1179.17187500,201.02343750
1,2058,2,-83.09750000,-19.00510000,91.00173502,583.99910989,90.96875000,586.32031250
1,1053,20,96.70680000,-16.72480000,150.00084891,30.00187471,148.15625000,36.08593750
1,1519,8,-14.88820000,-16.22250000,177.32226684,144.05916372,176.64062500,147.50781250
1,638,7,-41.34730000,-16.94310000,1248.99898120,989.99996019,1246.17187500,980.74218750
1,1247,17,69.63840000,-5.71124000,769.00003205,993.00070727,770.14843750,996.22656250
1,159,13,36.80130000,-31.28830000,780.38961449,253.27017545,781.57812500,251.11718750
1,1595,13,14.25800000,-18.60420000,1182.38792592,915.12842821,1176.75000000,912.57812500
1,343,10,11.01170000,-23.49220000,244.31338882,824.65330056,242.61718750,827.92187500
1,2291,20,69.98390000,16.84440000,1241.06246658,866.63343146,1234.17187500,863.40625000
1,2677,9,-10.41220000,42.62380000,965.49082353,153.78037666,971.64843750,157.21875000
1,930,2,-80.43530000,-17.39850000,145.08895445,502.14716524,142.95312500,503.77343750
1,3076,3,-65.54190000,13.62210000,30.00210923,32.99837947,37.85937500,42.94531250
1,2969,6,-49.08070000,19.31360000,1077.99906501,644.00100729,1079.34375000,645.05468750
1,41,16,66.11210000,-20.70720000,148.39314082,868.62846897,151.33593750,866.62500000
1,732,7,-36.42020000,-41.74730000,465.99898389,753.00069928,463.94531250,757.78125000
1,1338,17,59.02470000,4.32318000,455.00056491,655.99917469,452.34375000,657.84375000
1,1964,2,-65.44260000,3.65112000,809.99912302,29.99871822,809.58593750,28.12500000
1,2874,6,-64.99160000,13.95040000,1249.00171499,150.00018339,1241.70312500,155.65625000
1,2581,12,2.22821000,14.10520000,1249.00074152,570.00086885,1248.14843750,567.81250000
1,1146,20,67.57280000,11.61940000,1067.99741024,943.99878397,1064.57812500,941.95312500
1,2775,12,-13.33830000,13.72830000,1247.19900825,75.38009985,1238.18750000,80.06250000
1,451,10,-14.66910000,-16.86380000,30.00169285,30.00149674,38.57031250,38.62500000
1,250,19,70.84720000,-33.92460000,716.62275648,800.23705430,711.16406250,803.64062500
1,1778,8,-18.82710000,3.75482000,812.00028985,267.99964366,812.39062500,264.78906250
1,2487,15,48.58130000,48.69940000,1188.00003993,77.99947241,1178.82812500,83.10156250
1,2393,18,53.26700000,34.27980000,601.99912370,481.99855344,601.83593750,481.29687500
1,539,7,-9.13104000,-53.41930000,63.69651297,172.16308282,62.05468750,176.17187500
1,1054,20,96.70370000,-14.95190000,210.00003571,30.00080374,206.57031250,34.55468750
1,1424,14,38.82450000,-20.42280000,29.99948231,152.99954447,33.81250000,162.36718750
1,2189,21,91.44440000,50.00040000,1188.00043877,317.99938272,1181.10156250,319.26562500
1,3077,5,-66.63010000,15.44280000,84.32702917,107.29219619,85.39843750,112.07031250
1,160,16,36.42710000,-33.13910000,570.00105214,29.99904684,571.46875000,29.96875000
1,1690,8,-42.00040000,14.97880000,1188.99831004,992.99916661,1186.96093750,982.89843750
1,1595,10,14.25800000,-18.60420000,87.75807291,946.13674628,92.51562500,944.85937500
1,826,5,-68.54660000,-17.11580000,1142.46886286,44.76472820,1135.70312500,48.92187500
1,1248,20,69.63810000,-3.83136000,572.48269431,876.96891876,566.76562500,880.24218750
1,638,8,-41.34730000,-16.94310000,147.48704936,970.98146354,153.32031250,968.89062500
1,2291,21,69.98390000,16.84440000,138.31396445,862.45797542,137.05468750,860.52343750
1,1866,6,-49.72450000,17.41690000,1140.98083085,627.44817592,1141.81250000,628.93750000
1,2059,1,-79.18900000,-19.01250000,1193.89324482,471.84765998,1197.65625000,469.34375000
1,1339,17,51.93130000,1.36200000,547.00032617,438.00021513,546.15625000,436.41406250
1,2970,9,-42.01500000,18.98540000,215.30471650,979.82254154,213.16406250,973.06250000
1,2678,12,-8.59198000,27.32160000,812.00042068,268.00036563,813.49218750,265.32031250
1,451,11,-14.66910000,-16.86380000,1131.31555009,37.18606812,1131.01562500,41.60156250
1,732,4,-36.42020000,-41.74730000,832.38832189,919.22707605,836.93750000,919.01562500
1,344,13,10.69320000,-25.28980000,949.00073512,992.99951381,947.11718750,992.11718750
1,2582,11,4.14307000,14.08150000,139.71616669,625.56804571,138.33593750,624.97656250
1,2875,5,-63.13430000,14.04080000,138.41837247,218.89038345,134.88281250,219.85937500
1,931,1,-82.35360000,-17.39080000,1248.99988183,570.00164169,1251.09375000,567.03906250
1,1520,11,-14.88540000,-17.97600000,1170.00167972,29.99867674,1166.13281250,35.46093750
1,1965,5,-65.44150000,5.51416000,413.42121172,145.93799911,410.07812500,144.24218750
1,250,16,70.84720000,-33.92460000,587.99877068,944.00166057,588.67968750,945.87500000
1,1055,20,96.70100000,-13.15280000,269.99851283,29.99942705,265.14062500,33.24218750
1,540,10,-3.13434000,-53.76420000,1188.00025881,438.00026982,1193.21875000,435.63281250
1,42,19,65.81960000,-22.45790000,1069.00215958,992.99947718,1060.32031250,990.50000000
1,2488,18,43.09430000,49.58870000,98.94912440,280.04432786,103.51562500,279.87500000
1,3077,2,-66.63010000,15.44280000,1198.47545928,69.43588776,1196.46875000,72.71093750
1,2190,21,85.46390000,50.35100000,1188.00255609,437.99999453,1182.24218750,438.28906250
1,1425,16,40.68780000,-20.29790000,138.83672917,90.15753826,144.46875000,94.07812500
1,2775,9,-13.33830000,13.72830000,29.99938862,92.99893017,41.20312500,92.46093750
1,160,13,36.42710000,-33.13910000,723.81059232,268.84237891,724.45312500,266.40625000
1,1146,17,67.57280000,11.61940000,213.59315506,925.07526909,211.67187500,923.44531250
1,638,5,-41.34730000,-16.94310000,1131.37529193,896.11414282,1129.06250000,892.93750000
1,1248,17,69.63810000,-3.83136000,709.00074681,993.00175603,709.86718750,996.39062500
1,2394,18,53.28640000,31.86930000,675.99979576,482.00088782,677.18750000,481.39843750
1,1340,17,51.93140000,-4.62292000,731.00007947,437.99959804,731.96093750,436.88281250
1,2970,6,-42.01500000,18.98540000,1078.00134148,857.00037298,1076.65625000,856.68750000
1,1690,5,-42.00040000,14.97880000,102.94426361,875.04430454,103.48437500,872.94531250
1,1595,14,14.25800000,-18.60420000,89.75495953,918.81911968,96.97656250,918.43750000
1,1779,8,-18.82470000,8.00073000,945.99919959,267.99927658,947.69531250,265.14062500
1,2291,18,69.98390000,16.84440000,1128.99942778,993.00021730,1126.01562500,990.28125000
1,826,2,-68.54660000,-17.11580000,143.19192732,131.52195311,143.85156250,134.65625000
1,451,8,-14.66910000,-16.86380000,155.43150239,137.08827359,153.32031250,141.10937500
1,344,10,10.69320000,-25.28980000,301.87243709,808.93821540,299.28125000,812.87500000
1,2582,12,4.14307000,14.08150000,1249.00003801,630.00047228,1247.89843750,627.62500000
1,2679,12,-8.18610000,23.09230000,946.00149735,268.00046787,947.68750000,265.71875000
1,931,2,-82.35360000,-17.39080000,145.16313112,561.03030829,143.24218750,562.82812500
1,1867,5,-51.67440000,17.44810000,30.00175380,572.99854856,260.30468750,865.78906250
1,733,7,-36.97410000,-45.97080000,331.99825123,752.99954239,329.01562500,757.82031250
1,1056,20,96.69870000,-11.33040000,330.00072524,29.99800727,324.14843750,32.05468750
1,541,10,2.94086000,-53.80130000,1187.99964436,558.00048374,1193.93750000,556.30468750
1,2191,21,79.39480000,50.39420000,1188.00143913,558.00071226,1182.60937500,557.57812500
1,2059,2,-79.18900000,-19.01250000,91.00110873,463.99998500,90.64062500,466.21875000
1,1425,13,40.68780000,-20.29790000,1125.01973422,97.98708588,1121.67187500,101.85156250
1,2971,9,-40.99990000,26.35990000,450.96934988,913.78113678,446.68750000,913.78125000
1,161,16,36.03740000,-34.99330000,630.00050259,30.00159054,631.67968750,29.84375000
1,2875,6,-63.13430000,14.04080000,1248.99873497,209.99978072,1242.82031250,214.27343750
1,2488,15,43.09430000,49.58870000,1187.99975976,197.99982241,1181.13281250,199.91406250
1,1147,20,67.56730000,7.97455000,948.00106347,944.00054241,946.03906250,944.14843750
1,2776,11,-11.53230000,13.61140000,145.62716989,138.77199294,146.32031250,140.65625000
1,3077,6,-66.63010000,15.44280000,1193.82211141,103.68567234,1187.80468750,109.72656250
1,1520,8,-14.88540000,-17.97600000,118.22630323,144.10788694,119.13281250,148.92968750
1,1341,17,56.68580000,-4.62299000,730.99965182,584.00063276,731.60937500,585.64062500
1,1965,2,-65.44150000,5.51416000,870.00096155,29.99919363,869.75000000,28.56250000
1,452,10,-14.94580000,-18.55500000,90.00020508,29.99969116,94.09375000,36.46875000
1,1249,20,69.63810000,-1.94672000,631.58775829,876.96445769,626.47656250,880.25000000
1,42,16,65.81960000,-22.45790000,206.09088001,852.61436572,207.44531250,851.92187500
1,639,7,-41.43680000,-16.93710000,1249.00137080,992.99824058,1246.23437500,983.64062500
1,251,19,70.13130000,-30.19170000,831.23855940,832.15842079,826.56250000,835.14062500
1,932,1,-84.26760000,-17.36650000,1248.99798151,629.99792843,1251.03125000,627.03906250
1,2292,21,70.28890000,18.59450000,196.17366478,846.58602303,192.88281250,845.97656250
1,2395,18,55.55350000,31.86910000,675.99861193,539.99938985,677.10937500,540.18750000
1,1690,6,-42.00040000,14.97880000,1213.31790134,873.60456053,1207.85937500,871.40625000
1,1595,11,14.25800000,-18.60420000,1187.99916466,943.99962098,1186.86718750,939.75781250
1,733,4,-36.97410000,-45.97080000,962.54183453,882.28735361,966.61718750,879.84375000
1,345,13,10.36260000,-27.10640000,888.99909643,993.00063722,887.05468750,992.59375000
1,827,4,-67.45230000,-18.93760000,90.99816676,78.00014553,93.72656250,87.87500000
1,1425,14,40.68780000,-20.29790000,29.99812577,93.00088957,34.71093750,104.13281250
1,2971,6,-40.99990000,26.35990000,838.00071703,857.00027607,838.52343750,858.96093750
1,542,13,8.95984000,-53.52850000,40.68600425,880.03603259,46.00781250,873.59375000
1,1057,20,96.69670000,-9.48822000,389.99956060,30.00008825,383.39062500,31.02343750
1,2583,11,6.04950000,14.04130000,139.70141151,684.49292178,138.75000000,683.78906250
1,161,13,36.03740000,-34.99330000,667.39685659,284.36682738,667.42968750,281.82812500
1,2680,12,8.69556000,23.11520000,945.99998880,747.99986774,949.42968750,748.42187500
1,3077,3,-66.63010000,15.44280000,90.99986746,78.00155166,95.10156250,84.63281250
1,2060,1,-75.29500000,-18.94450000,1194.06008544,351.78655412,1196.28906250,348.92187500
1,1780,8,-34.36380000,8.00452000,946.00061312,747.99823020,949.20312500,747.73437500
1,2776,8,-11.53230000,13.61140000,1141.44633944,34.62490796,1137.89062500,38.55468750
1,452,7,-14.94580000,-18.55500000,1198.91844154,154.84673288,1198.45312500,151.13281250
1,2192,21,73.37140000,50.12780000,1188.00048878,678.00022908,1182.43750000,676.60937500
1,1147,17,67.56730000,7.97455000,333.25655075,925.08484270,329.96093750,925.94531250
1,1249,17,69.63810000,-1.94672000,648.99996337,992.99875760,649.28125000,996.29687500
1,1342,17,56.68600000,1.36206000,547.00024482,583.99956644,546.03906250,585.25000000
1,932,2,-84.26760000,-17.36650000,145.23523188,619.89103565,143.59375000,621.85937500
1,2292,18,70.28890000,18.59450000,1069.00060143,992.99994054,1067.46093750,991.20312500
1,1867,6,-51.67440000,17.44810000,1140.92050013,568.50509622,1143.53125000,570.04687500
1,2489,18,37.29550000,50.22170000,53.34221451,165.20007042,61.62500000,167.90625000
1,43,19,65.51610000,-24.23410000,1008.99956312,992.99879229,1001.39062500,991.57812500
1,2972,9,-39.78900000,33.94270000,683.45875883,848.63017924,681.99218750,852.07031250
1,1521,10,-14.88210000,-19.69870000,129.26143238,38.14306284,131.73437500,43.26562500
1,251,16,70.13130000,-30.19170000,468.00188544,944.00039601,468.57031250,945.26562500
1,1966,5,-65.44000000,7.36194000,354.32398450,145.93849441,351.17968750,144.94531250
1,734,10,-15.52520000,-45.94780000,968.23540691,150.69940110,972.64843750,146.88281250
1,1596,14,14.25020000,-15.06570000,209.46458353,918.83422600,213.07031250,920.12500000
1,2876,5,-61.25650000,14.11600000,138.36561971,277.80313204,134.14843750,278.21093750
1,639,8,-41.43680000,-16.93710000,147.48877641,973.91517143,153.54687500,971.73437500
1,1058,20,96.69520000,-7.62964000,449.99988038,29.99926490,443.47656250,30.20312500
1,542,10,8.95984000,-53.52850000,1187.99929060,678.00006950,1193.73437500,676.83593750
1,162,16,35.63100000,-36.84680000,690.00036753,30.00090573,691.67968750,29.82031250
1,827,1,-67.45230000,-18.93760000,1182.09890806,105.82985522,1179.41406250,104.92187500
1,2583,12,6.04950000,14.04130000,1248.99818834,690.00040223,1247.53125000,686.95312500
1,2681,12,8.86890000,23.10550000,946.00126897,753.00033367,950.08593750,753.43750000
1,1426,16,42.52270000,-20.15670000,129.82032722,147.26195752,134.57031250,149.90625000
1,1691,8,-42.00470000,13.23490000,1129.00066121,992.99915936,1129.28906250,984.61718750
1,2396,18,55.60140000,34.27950000,602.00151376,540.00051573,602.08593750,539.93750000
1,2776,9,-11.53230000,13.61140000,29.99996140,33.00119095,43.31250000,34.41406250
1,345,10,10.36260000,-27.10640000,359.21880659,793.28015149,357.14843750,797.67187500
1,933,1,-86.17340000,-17.32570000,1248.99839279,689.99995964,1250.83593750,686.91406250
1,1250,20,69.63870000,-0.06146240,690.69493681,876.95435555,686.14062500,880.15625000
1,1781,8,-34.52380000,8.00085000,945.99904381,753.00080977,949.88281250,752.68750000
1,1343,17,53.36330000,-0.42511000,602.00063985,482.00004466,602.15625000,481.47656250
1,452,8,-14.94580000,-18.55500000,98.60915678,146.08985329,99.78906250,151.25000000
1,2293,21,70.60600000,20.37000000,253.83326652,830.76730473,249.14843750,831.13281250
1,1148,20,67.56350000,4.24890000,827.99929644,944.00050746,826.60937500,945.68750000
1,2972,6,-39.78900000,33.94270000,598.00024498,856.99964739,596.46875000,858.90625000
1,3078,6,-66.07970000,18.94370000,1076.78296211,136.14262494,1075.16406250,138.50000000
1,2060,2,-75.29500000,-18.94450000,91.00038735,344.00024141,90.99218750,346.32812500
1,1521,7,-14.88210000,-19.69870000,1159.75179086,157.50739050,1160.47656250,153.38281250
1,1596,11,14.25020000,-15.06570000,1068.00029368,944.00008291,1070.06250000,942.36718750
1,827,5,-67.45230000,-18.93760000,1202.57515436,80.40598112,1194.34375000,84.49218750
1,2489,15,37.29550000,50.22170000,1187.99908880,318.00058601,1183.47656250,318.39062500
1,2876,6,-61.25650000,14.11600000,1249.00144106,269.99925943,1243.88281250,273.30468750
1,162,13,35.63100000,-36.84680000,611.14666625,299.84942393,610.60156250,297.35937500
1,43,16,65.51610000,-24.23410000,263.60739068,836.64948777,263.91406250,837.04687500
1,252,19,69.47420000,-26.50140000,946.73054823,864.32184651,942.06250000,866.12500000
1,1059,20,96.69410000,-5.75842000,510.00104286,29.99899755,503.17968750,29.54687500
1,1966,2,-65.44000000,7.36194000,930.00036908,30.00012222,929.39843750,29.20312500
1,2397,18,54.11040000,33.43790000,627.99946534,503.00151527,628.41406250,502.67187500
1,2192,18,73.37140000,50.12780000,48.50105309,887.81059967,54.53906250,879.95312500
1,933,2,-86.17340000,-17.32570000,145.30953560,678.73968169,144.21093750,680.88281250
1,2682,15,10.64250000,38.42110000,835.64074473,912.29526579,837.88281250,912.61718750
1,2777,11,-12.61880000,15.43300000,81.26035777,103.63448425,85.10937500,107.94531250
1,639,5,-41.43680000,-16.93710000,1131.00548205,893.23693935,1128.59375000,890.28906250
1,1691,5,-42.00470000,13.23490000,161.95729791,875.02015386,160.41406250,874.10937500
1,2973,9,-38.32370000,41.46560000,912.83561833,784.34947174,914.19531250,789.03906250
1,1148,17,67.56350000,4.24890000,452.93833149,925.09622781,449.23437500,927.77343750
1,1250,17,69.63870000,-0.06146240,589.00012854,993.00157856,588.93750000,996.01562500
1,1597,14,14.24400000,-11.42080000,329.15053924,918.84882593,330.72656250,921.23437500
1,1868,6,-53.62890000,17.45890000,1140.85497084,509.55896292,1143.68750000,511.14843750
1,827,2,-67.45230000,-18.93760000,78.65929174,96.35353423,82.34375000,102.28906250
1,734,7,-15.52520000,-45.94780000,331.99856305,273.00037225,325.40625000,271.60937500
1,1344,17,53.36330000,-2.83569000,676.00058840,481.99988154,676.84375000,481.64843750
1,2293,18,70.60600000,20.37000000,1008.99990318,993.00134258,1008.60156250,992.14062500
1,346,13,10.01930000,-28.93820000,829.00150167,993.00117825,827.31250000,993.05468750
1,163,16,35.20690000,-38.69540000,749.99920073,29.99881897,751.98437500,30.22656250
1,1782,8,-34.53020000,-7.38000000,466.00052546,752.99943765,465.10937500,756.07812500
1,453,10,-15.23230000,-20.27690000,150.00128413,29.99980204,151.85156250,34.67968750
1,2584,11,7.94336000,13.98490000,139.68838044,743.41326863,139.30468750,742.36718750
1,1521,11,-14.88210000,-19.69870000,1230.00037819,30.00149231,1224.01562500,36.89843750
1,543,13,14.79510000,-52.96150000,86.60020318,763.85617483,88.17968750,760.85156250
1,252,16,69.47420000,-26.50140000,348.00012910,944.00109715,348.78906250,944.10937500
1,1060,20,96.69340000,-3.87854000,570.00031021,29.99940552,563.18750000,29.12500000
1,934,1,-88.06670000,-17.26880000,1249.00067108,750.00237519,1250.62500000,746.63281250
1,1426,13,42.52270000,-20.15670000,1125.10143999,39.12022745,1120.46875000,44.75000000
1,2490,15,31.28470000,50.56450000,1187.99926704,437.99986434,1184.89062500,437.76562500
1,2682,12,10.64250000,38.42110000,466.00019996,753.00117742,465.18750000,754.94531250
1,2061,1,-71.45090000,-18.80370000,1194.22725002,231.78620241,1194.17968750,229.38281250
1,3078,3,-66.07970000,18.94370000,211.00130522,78.00124015,210.95312500,81.98437500
1,2877,5,-59.36190000,14.17560000,138.30911283,336.72616366,133.34375000,336.73437500
1,44,19,65.20100000,-26.03250000,948.99934698,992.99955381,942.23437500,992.58593750
1,2973,6,-38.32370000,41.46560000,358.00029553,857.00103347,355.32031250,856.65625000
1,2398,18,54.10880000,32.72100000,650.00067259,502.99873064,650.75000000,502.71875000
1,1149,20,67.56140000,0.47229000,708.00033633,944.00013598,706.21093750,946.50000000
1,2777,8,-12.61880000,15.43300000,1201.56138177,70.34839437,1196.38281250,74.13281250
1,1692,8,-42.00870000,11.46190000,1068.99863746,993.00182394,1071.01562500,986.33593750
1,163,13,35.20690000,-38.69540000,555.06029037,315.28829599,553.59375000,312.86718750
1,1783,8,-34.52700000,-11.62590000,332.00117240,753.00143520,330.89843750,755.95312500
1,1251,20,69.63960000,1.82037000,749.80524461,876.94820275,745.75781250,879.90625000
1,735,7,-19.97370000,-42.35500000,455.00069695,364.99981651,450.40625000,363.13281250
1,1597,11,14.24400000,-11.42080000,948.00127904,944.00107598,951.88281250,944.42187500
1,934,2,-88.06670000,-17.26880000,145.38560659,737.57089795,145.14062500,739.63281250
1,640,7,-41.71040000,-18.62880000,1189.00216203,992.99859175,1188.79687500,985.53125000
1,2294,21,70.93570000,22.16770000,311.29044067,815.00761514,305.60937500,816.08593750
1,1967,5,-65.43800000,9.19092000,295.22934429,145.94192600,292.53125000,145.76562500
1,346,10,10.01930000,-28.93820000,416.34732053,777.68214974,414.45312500,782.28906250
1,2877,6,-59.36190000,14.17560000,1249.00027535,330.00111474,1244.58593750,332.57812500
1,2193,21,67.52190000,49.56730000,1188.00187066,797.99934347,1180.99218750,794.83593750
1,828,4,-67.98970000,-22.43790000,210.99941329,77.99935685,209.62500000,84.63281250
1,1345,17,55.25300000,-2.83569000,676.00007849,540.00061000,675.68750000,540.67187500
1,2061,2,-71.45090000,-18.80370000,91.00003981,224.00089753,92.17187500,227.27343750
1,2584,12,7.94336000,13.98490000,1248.99813318,750.00046677,1246.95312500,746.32812500
1,1869,5,-55.58360000,17.44890000,29.99912125,452.99967346,282.25000000,90.64062500
1,3079,6,-65.48390000,22.54790000,960.58461564,168.36671299,961.13281250,168.48437500
1,2974,9,-37.18160000,46.25780000,1062.17478508,742.50159263,1063.69531250,747.42187500
1,1426,17,42.52270000,-20.15670000,1240.91795080,143.32935258,1241.02343750,146.21093750
1,453,7,-15.23230000,-20.27690000,1140.93649059,170.76666239,1142.17968750,166.25781250
1,2491,15,25.18680000,50.59750000,1187.99926782,558.00011393,1185.52343750,557.32031250
1,1521,8,-14.88210000,-19.69870000,59.13792654,144.15261110,61.78125000,150.42187500
1,253,19,68.86920000,-22.88440000,1063.10151384,896.73116593,1056.34375000,896.53125000
1,2683,15,11.27750000,42.64390000,965.77409572,875.44487417,967.56250000,874.82031250
1,543,10,14.79510000,-52.96150000,1188.00063178,797.99943072,1192.44531250,796.67187500
1,935,1,-89.94340000,-17.19650000,1248.99903717,810.00033787,1250.21093750,806.03125000
1,2399,18,54.78020000,32.72080000,650.00141246,519.99926902,650.78906250,519.78125000
1,2878,5,-57.45470000,14.21890000,138.25380728,395.65220756,336.28906250,274.53125000
1,347,13,9.66254000,-30.78170000,768.99839626,992.99995092,767.61718750,993.44531250
1,1149,17,67.56140000,0.47229000,572.63048747,925.10797492,569.66406250,928.95312500
1,2777,12,-12.61880000,15.43300000,1189.46952304,106.64976787,1183.82812500,109.46875000
1,1692,5,-42.00870000,11.46190000,220.98380284,874.99341332,407.11718750,835.85156250
1,2294,18,70.93570000,22.16770000,949.00179799,992.99921370,949.21875000,992.89062500
1,1251,17,69.63960000,1.82037000,529.00022669,993.00033615,528.66406250,995.50000000
1,1784,8,-18.97750000,-11.62680000,332.00123347,272.99982997,327.76562500,272.96875000
1,164,16,34.76410000,-40.53510000,810.00009902,30.00030282,811.95312500,30.68750000
1,736,7,-20.91630000,-30.46970000,822.99969361,364.99965059,825.89843750,360.89062500
1,1967,2,-65.43800000,9.19092000,989.99955647,29.99801835,988.88281250,30.01562500
1,44,16,65.20100000,-26.03250000,320.93650862,820.73519930,320.44531250,821.92187500
1,640,4,-41.71040000,-18.62880000,75.51754647,881.87785076,82.82812500,883.10937500
1,1061,20,96.69310000,-1.99396000,629.99913986,30.00056188,623.46093750,28.87500000
1,2974,6,-37.18160000,46.25780000,200.00015043,856.99904818,199.00781250,853.85937500
1,935,2,-89.94340000,-17.19650000,145.45787566,796.38038562,146.07812500,798.13281250
1,3079,3,-65.48390000,22.54790000,330.99971702,78.00060667,329.32812500,79.37500000
1,1346,17,55.25310000,-0.42511000,602.00082504,540.00210042,602.21093750,540.50000000
1,2193,18,67.52190000,49.56730000,94.47430670,771.63287111,96.72656250,767.35156250
1,1598,14,14.23940000,-7.69519000,448.81469170,918.86492438,450.03906250,921.82031250
1,1869,6,-55.58360000,17.44890000,1140.79409995,450.60573389,1143.15625000,452.15625000
1,2683,12,11.27750000,42.64390000,332.00070454,752.99911297,331.32812500,754.24218750
1,1252,20,69.64090000,3.69476000,808.91912606,876.94274026,805.31250000,879.50781250
1,2062,4,-67.68930000,-18.59530000,79.73567673,68.68440788,83.29687500,79.15625000
1,1693,8,-42.01210000,9.66278000,1008.99958685,992.99757654,1012.38281250,987.82812500
1,1426,14,42.52270000,-20.15670000,29.99952736,33.00096922,35.78125000,46.18750000
1,2400,18,54.78760000,33.43770000,628.00014457,520.00069538,628.57031250,519.75781250
1,253,16,68.86920000,-22.88440000,228.00031041,944.00072798,230.69531250,942.07031250
1,828,1,-67.98970000,-22.43790000,1065.49938053,138.15443509,1066.21093750,134.75781250
1,2585,11,9.82068000,13.91280000,139.67804565,802.32893160,140.06250000,800.76562500
1,2777,9,-12.61880000,15.43300000,90.99963233,78.00139129,100.07812500,76.89062500
1,1522,10,-14.88100000,-20.23740000,147.65464848,41.00817692,149.28125000,45.49218750
1,544,13,20.34140000,-52.13100000,130.25022481,653.40917308,129.34375000,652.18750000
1,453,8,-15.23230000,-20.27690000,39.81539120,155.40179666,43.13281250,161.85156250
1,2878,6,-57.45470000,14.21890000,1249.00036590,389.99751636,1245.16406250,391.76562500
1,2492,15,19.13800000,50.31870000,1187.99862964,678.00028910,1186.24218750,676.55468750
1,164,13,34.76410000,-40.53510000,499.13280016,330.67994233,497.03125000,328.44531250
1,2295,21,71.27900000,23.98440000,368.55064395,799.29848957,362.30468750,800.92968750
1,347,10,9.66254000,-30.78170000,473.26854507,762.14248676,471.60156250,766.81250000
1,1150,20,67.56100000,-3.32324000,588.00059758,944.00019896,585.39843750,946.68750000
1,936,1,-91.79990000,-17.10930000,1248.99873973,869.99904738,1233.40625000,851.73437500
1,1785,8,-21.94480000,-7.76587000,455.00034410,365.00032637,451.80468750,364.03906250
1,45,19,64.87370000,-27.84980000,888.99990267,992.99932294,882.96875000,993.50781250
1,2975,9,-48.32210000,47.29790000,1149.43368732,977.14596118,1142.55468750,976.96093750
1,1968,5,-65.43570000,10.99780000,236.13449347,145.94210597,234.22656250,146.72656250
1,3080,6,-64.83720000,26.22940000,845.21437693,200.35926335,846.31250000,198.85937500
1,737,7,-31.65670000,-30.49040000,823.00001291,655.99890823,827.32812500,657.39062500
1,1693,5,-42.01210000,9.66278000,280.01555459,874.97337747,276.18750000,876.32031250
1,1347,17,54.04740000,-1.27197000,628.00079121,502.99993859,628.77343750,502.98437500
1,1062,20,96.69330000,-0.10864300,690.00082927,29.99919752,683.71093750,28.82031250
1,640,8,-41.71040000,-18.62880000,88.68600270,982.98867634,97.11718750,979.42187500
1,1252,17,69.64090000,3.69476000,468.99984674,992.99838870,468.43750000,994.79687500
1,2778,12,-12.06540000,18.93340000,1072.62569085,139.01112240,1071.17968750,139.01562500
1,829,4,-68.56820000,-26.04150000,330.99942241,78.00140961,327.40625000,81.49218750
1,2194,21,61.95320000,48.74310000,1187.99967706,918.00029267,1178.88281250,911.75000000
1,1427,16,41.14540000,-18.51320000,76.59116118,96.49873712,84.26562500,101.68750000
1,1870,5,-57.53390000,17.41830000,30.00146140,393.00033168,187.44531250,225.38281250
1,254,19,68.31060000,-19.36740000,1180.36255514,929.38878443,1169.59375000,926.15625000
1,2401,17,42.39430000,13.66580000,147.37922228,139.59216165,145.38281250,137.92187500
1,544,10,20.34140000,-52.13100000,1188.00057207,917.99976991,1190.57812500,915.43750000
1,2879,5,-55.53870000,14.24550000,138.19985438,454.59150331,132.62500000,454.47656250
1,2062,1,-67.68930000,-18.59530000,1194.39639919,111.84303060,1191.42187500,111.25781250
1,2684,12,-10.19370000,42.64470000,332.00095320,272.99894863,329.28906250,272.79687500
1,1522,7,-14.88100000,-20.23740000,1141.53201328,159.66174528,1142.72656250,155.24218750
1,348,13,9.29144000,-32.63260000,709.00022781,993.00096676,707.18750000,993.50781250
1,2585,12,9.82068000,13.91280000,1249.00088039,810.00070688,1246.15625000,805.38281250
1,165,16,34.30110000,-42.36180000,870.00244652,29.99895973,871.37500000,31.18750000
1,1598,11,14.23940000,-7.69519000,828.00011111,944.00058398,832.05468750,945.82031250
1,45,16,64.87370000,-27.84980000,378.08111073,804.87311639,377.06250000,806.67187500
1,2975,6,-48.32210000,47.29790000,200.00061097,616.99962544,196.62500000,615.82031250
1,454,10,-15.52920000,-22.02690000,210.00119646,29.99896113,210.22656250,33.14843750
1,2295,18,71.27900000,23.98440000,889.00035521,993.00060051,889.60937500,993.52343750
1,1150,17,67.56100000,-3.32324000,692.33661905,925.11931756,690.59375000,929.38281250
1,1786,8,-21.94790000,4.14087000,822.99934481,365.00039532,824.51562500,362.29687500
1,1063,20,96.69380000,1.77319000,750.00069235,30.00189496,743.89843750,29.01562500
1,2194,18,61.95320000,48.74310000,138.16707273,661.22737482,137.85937500,658.79687500
1,2492,12,19.13800000,50.31870000,49.25875288,882.63150906,59.24218750,878.30468750
1,1694,8,-42.01530000,7.84045000,949.00007654,992.99988113,953.14062500,989.20312500
1,3080,3,-64.83720000,26.22940000,450.99846699,78.00183151,448.71875000,77.65625000
1,738,7,-32.39060000,-42.38010000,455.00135948,655.99914311,452.11718750,659.68750000
1,2778,9,-12.06540000,18.93340000,210.99860458,78.00149682,216.47656250,75.82031250
1,640,5,-41.71040000,-18.62880000,1188.00770814,884.34246501,1183.59375000,880.10156250
1,1348,17,54.04740000,-1.98877000,649.99930925,503.00007768,650.53906250,503.02343750
1,936,2,-91.79990000,-17.10930000,145.53140218,855.17288324,147.19531250,856.31250000
1,1870,6,-57.53390000,17.41830000,1140.73443265,391.64707367,1142.17187500,393.17187500
1,829,1,-68.56820000,-26.04150000,949.64122476,170.27060591,951.77343750,165.53125000
1,1968,2,-65.43570000,10.99780000,1050.00083651,29.99925911,1048.12500000,31.01562500
1,2684,9,-10.19370000,42.64470000,967.15450439,148.88040714,972.39062500,152.22656250
1,1522,11,-14.88100000,-20.23740000,1248.99790081,30.00167287,1242.13281250,37.35937500
1,2976,6,-59.86770000,47.22370000,199.99963448,377.00091645,196.96093750,375.63281250
1,1427,13,41.14540000,-18.51320000,1184.83406087,74.96040828,1179.01562500,80.61718750
1,1253,20,69.64270000,5.55774000,868.03548922,876.93466524,864.81250000,878.94531250
1,545,13,21.49710000,-51.92020000,139.42578717,630.19455224,137.96875000,629.19531250
1,254,16,68.31060000,-19.36740000,108.00157019,943.99997340,114.17187500,939.65625000
1,2401,14,42.39430000,13.66580000,1138.72457842,37.08138136,1133.54687500,39.13281250
1,2879,6,-55.53870000,14.24550000,1249.00187925,449.99895710,1245.57031250,451.38281250
1,165,13,34.30110000,-42.36180000,443.36581475,346.03016579,440.90625000,344.12500000
1,1064,20,96.69490000,3.64752000,809.99922864,29.99869511,803.96093750,29.34375000
1,46,19,64.53340000,-29.68240000,829.00109708,993.00039210,822.99218750,994.14062500
1,937,1,-93.63280000,-17.00790000,1249.00198967,930.00229165,440.60937500,58.32031250
1,2062,5,-67.68930000,-18.59530000,1191.29558038,72.71324503,1183.10937500,76.67187500
1,1787,8,-31.40640000,4.14062000,822.99986227,655.99920850,826.17187500,656.66406250
1,2296,21,71.63650000,25.81640000,425.61192433,783.64570218,419.07812500,785.78125000
1,2586,11,11.67770000,13.82590000,139.66230141,861.23972221,140.82031250,858.85937500
1,1599,14,14.23650000,-3.91858000,568.45325765,918.88071654,570.21875000,921.75000000
1,3081,6,-64.13300000,29.95830000,730.66070058,232.12747871,731.14843750,229.78125000
1,454,7,-15.52920000,-22.02690000,1083.15410675,186.63273471,1085.99218750,181.41406250
1,830,4,-69.19290000,-29.72230000,450.99922924,78.00124553,446.69531250,79.00000000
1,2779,12,-11.46630000,22.53720000,956.57773250,171.15411806,957.16406250,169.53125000
1,348,10,9.29144000,-32.63260000,529.97289156,746.65983881,529.32031250,751.30468750
1,2685,12,-5.80762000,39.04770000,455.00113095,364.99995541,451.93750000,363.92968750
1,2493,15,13.26800000,49.74410000,1187.99873982,798.00000751,1186.63281250,794.85156250
1,1349,17,54.60130000,-1.98877000,649.99925685,519.99938954,649.25781250,520.08593750
1,1694,5,-42.01530000,7.84045000,339.05727411,874.94699153,533.06250000,388.71093750
1,1871,5,-59.47540000,17.36760000,29.99786394,332.99919856,30.15625000,335.21093750
1,1969,5,-65.43300000,12.77930000,177.04474929,145.94249350,176.76562500,148.06250000
1,2976,3,-59.86770000,47.22370000,1137.39633580,80.32246350,1132.77343750,83.13281250
1,641,7,-41.99380000,-20.35120000,1129.00072720,992.99997984,1130.56250000,987.32812500
1,1253,17,69.64270000,5.55774000,408.99992887,992.99913948,408.35156250,993.89843750
1,2195,21,60.79170000,48.53370000,1188.00124259,944.00102216,1178.25000000,936.82031250
1,1522,8,-14.88100000,-20.23740000,40.42946525,144.16746049,44.03906250,150.87500000
1,739,7,-23.22590000,-39.51190000,547.00015207,437.99954841,544.46093750,437.03125000
1,1427,17,41.14540000,-18.51320000,1187.03933811,99.09572921,1188.01562500,101.72656250
1,2880,5,-53.61830000,14.25530000,138.14218115,513.53926974,293.81250000,611.35156250
1,545,10,21.49710000,-51.92020000,1187.99972115,943.99898279,1190.26562500,940.85937500
1,2401,18,42.39430000,13.66580000,1247.55079221,131.53377750,1242.57812500,137.25000000
1,1151,20,67.56230000,-7.10455000,468.00049203,944.00075026,464.18750000,946.27343750
1,46,16,64.53340000,-29.68240000,435.04176512,789.06081710,434.11718750,791.29687500
1,3081,3,-64.13300000,29.95830000,571.00126748,78.00093612,568.92968750,76.47656250
1,937,2,-93.63280000,-17.00790000,145.60831754,913.95174457,148.52343750,914.28125000
1,1788,8,-31.40710000,-7.76727000,454.99950390,656.00004345,453.13281250,658.50000000
1,1599,11,14.23650000,-3.91858000,708.00076171,944.00042305,711.61718750,946.53125000
1,2977,6,-64.36040000,42.76570000,331.99963811,267.99863168,328.39843750,266.13281250
1,254,20,68.31060000,-19.36740000,64.30323672,920.26393711,65.32812500,916.75781250
1,2062,2,-67.68930000,-18.59530000,91.00172114,103.99868326,94.00781250,109.60937500
1,1350,17,54.60130000,-1.27197000,628.00073904,519.99909863,628.94531250,520.05468750
1,349,13,8.90521000,-34.48710000,648.99857557,993.00039118,646.96875000,993.34375000
1,166,16,33.81680000,-44.17140000,929.99853679,30.00035686,930.83593750,32.08593750
1,2880,6,-53.61830000,14.25530000,1248.99955522,510.00065294,1245.71875000,511.14062500
1,830,1,-69.19290000,-29.72230000,834.51727881,202.18545570,836.47656250,197.05468750
1,1695,8,-42.01800000,5.99823000,889.00025923,992.99907632,893.80468750,990.39843750
1,1523,10,-13.04610000,-20.38010000,147.65846732,99.84494705,148.01562500,102.68750000
1,2686,12,-5.02118000,27.16130000,822.99995955,365.00061177,825.35156250,362.71875000
1,641,4,-41.99380000,-20.35120000,133.67890885,865.83408594,138.48437500,868.11718750
1,1871,6,-59.47540000,17.36760000,1140.66903341,332.68090142,1141.35937500,334.49218750
1,2586,12,11.67770000,13.82590000,1248.99802718,870.00013108,1244.92187500,863.98437500
1,1065,20,96.69630000,5.51056000,870.00102515,29.99939388,863.72656250,29.89843750
1,546,13,20.35880000,-48.45710000,250.36673274,660.73323384,246.66406250,660.39843750
1,1254,20,69.64490000,7.40552000,927.15441976,876.92703713,923.71093750,878.32031250
1,2296,18,71.63650000,25.81640000,828.99972421,993.00020042,829.82031250,993.84375000
1,2493,12,13.26800000,49.74410000,95.25371985,766.63140777,99.00781250,765.32812500
1,2195,18,60.79170000,48.53370000,147.34750887,638.02444074,146.75781250,635.86718750
1,3082,6,-63.36390000,33.70170000,616.92284271,263.66989638,615.87500000,261.04687500
1,2779,9,-11.46630000,22.53720000,330.99921582,77.99952842,334.96875000,74.94531250
1,455,10,-15.83700000,-23.80220000,269.99957181,29.99931755,269.17968750,31.78906250
1,2401,15,42.39430000,13.66580000,30.00154193,30.00035191,39.46093750,40.17187500
1,47,19,64.17940000,-31.52660000,769.00007875,992.99982275,762.88281250,994.50781250
1,1427,14,41.14540000,-18.51320000,91.00027956,78.00134781,93.21093750,87.40625000
1,740,7,-23.48790000,-33.52980000,731.00220251,437.99901116,732.71875000,435.60156250
1,2977,3,-64.36040000,42.76570000,970.05014292,152.36256755,970.66406250,151.21875000
1,1351,16,42.61360000,-20.14920000,129.37426688,150.07864618,133.21093750,152.72656250
1,1969,2,-65.43300000,12.77930000,1109.99908380,30.00027970,1106.79687500,32.14843750
1,1523,7,-13.04610000,-20.38010000,1132.48043404,102.81150314,1132.60937500,99.03906250
1,2881,5,-51.69790000,14.24800000,138.08784245,572.49259769,132.58593750,572.60937500
1,254,17,68.31060000,-19.36740000,1218.44723516,948.94222646,1214.86718750,947.08593750
1,1789,8,-24.31640000,-4.80560000,547.00059761,437.99936675,545.17968750,437.47656250
1,2063,2,-69.56480000,-15.46980000,200.00191559,164.00218778,199.06250000,165.49218750
1,546,10,20.35880000,-48.45710000,1068.00058025,943.99904993,1072.57812500,943.76562500
1,1695,5,-42.01800000,5.99823000,398.10792381,874.92362286,393.77343750,877.48437500
1,1872,5,-61.40360000,17.29690000,30.00169645,273.00070663,32.19531250,275.64062500
1,1600,14,14.23530000,-0.12304700,688.06862379,918.89695603,690.60937500,920.99218750
1,641,5,-41.99380000,-20.35120000,1247.00042706,875.13635640,1240.17187500,869.69531250
1,2687,12,5.72565000,27.17000000,823.00160133,656.00058815,826.36718750,656.90625000
1,3082,3,-63.36390000,33.70170000,690.99946839,77.99957145,689.89843750,76.14062500
1,831,4,-69.86950000,-33.45030000,570.99906782,78.00084103,566.73437500,77.16406250
1,938,1,-95.43860000,-16.89340000,1249.00105662,989.99994627,387.75781250,306.71875000
1,166,13,33.81680000,-44.17140000,387.76420546,361.33219732,385.01562500,359.62500000
1,2494,15,7.68439000,48.90490000,1187.99935313,918.00052518,1184.71875000,911.94531250
1,1254,17,69.64490000,7.40552000,349.00049695,992.99943595,348.84375000,992.85156250
1,1151,17,67.56230000,-7.10455000,812.05627631,925.13020202,812.03906250,929.12500000
1,349,10,8.90521000,-34.48710000,586.47035435,731.23524103,586.91406250,735.75781250
1,2780,12,-10.81610000,26.21830000,841.31686436,203.07564021,842.25781250,200.46093750
1,2587,14,13.51090000,13.72470000,1137.82119762,942.79313928,1140.78906250,936.68750000
1,2196,21,61.83970000,45.06920000,1068.00082319,944.00086395,1062.23437500,939.78125000
1,455,7,-15.83700000,-23.80220000,1025.57027488,202.44309987,1028.95312500,196.82031250
1,2881,6,-51.69790000,14.24800000,1249.00069965,569.99955430,1245.58593750,570.61718750
1,1066,20,96.69810000,7.35834000,930.00038692,30.00054080,923.53125000,30.59375000
1,2978,6,-62.52970000,27.46410000,811.99873701,267.99854722,813.31250000,266.14843750
1,547,13,19.33200000,-44.88020000,361.97526023,691.45593602,357.69531250,692.13281250
1,47,16,64.17940000,-31.52660000,491.82265951,773.30003699,491.25000000,775.82031250
1,2297,21,72.00910000,27.65990000,482.47520863,768.04760566,476.11718750,770.46875000
1,1351,13,42.61360000,-20.14920000,1125.10682985,36.17785401,1121.26562500,41.67187500
1,1696,8,-42.02030000,4.13965000,829.00010502,992.99866422,834.00781250,991.46875000
1,1790,8,-24.31750000,1.17932000,731.00042317,437.99994370,732.06250000,436.61718750
1,938,2,-95.43860000,-16.89340000,145.68117114,972.70801583,149.77343750,971.70312500
1,1523,11,-13.04610000,-20.38010000,1249.00211058,89.99892497,1243.66406250,95.16406250
1,1872,6,-61.40360000,17.29690000,1140.61081170,273.71088499,1141.62500000,275.84375000
1,2402,17,42.67830000,15.35700000,90.43490829,148.58324869,90.91406250,147.45312500
1,642,7,-42.28740000,-22.10170000,1069.00133896,992.99893622,1072.16406250,989.05468750
1,2494,12,7.68439000,48.90490000,138.97747029,656.35806261,139.50000000,656.67187500
1,1970,5,-65.42990000,14.53280000,117.95280514,145.94335809,119.43750000,149.13281250
1,1428,17,41.13890000,-14.97510000,1067.34824815,99.12315320,1070.67187500,99.28906250
1,1600,11,14.23530000,-0.12304700,588.00082473,943.99983542,590.67187500,946.53906250
1,741,7,-29.07810000,-33.54000000,730.99939824,584.00132575,733.47656250,584.75000000
1,1255,20,69.64750000,9.23456000,986.27798928,876.91967769,982.44531250,877.49218750
1,2780,9,-10.81610000,26.21830000,451.00110189,78.00099202,454.71093750,74.97656250
1,2688,12,6.62097000,39.05900000,455.00135593,656.00059189,453.32812500,657.44531250
1,3083,6,-62.52120000,37.42610000,503.98582360,294.98751220,501.45312500,292.47656250
1,2882,5,-49.78170000,14.22380000,138.03269258,631.45472299,133.03125000,631.52343750
1,2979,6,-62.12190000,23.23490000,946.00025773,268.00196299,947.44531250,267.21875000
1,255,19,68.23490000,-18.87850000,1197.04989489,934.03663774,1185.35937500,930.32031250
1,831,1,-69.86950000,-33.45030000,720.12005452,233.89906171,720.95312500,229.04687500
1,547,10,19.33200000,-44.88020000,947.99914308,943.99887912,953.25000000,946.03906250
1,2587,11,13.51090000,13.72470000,139.65031488,920.14512766,141.89843750,916.48437500
1,456,10,-16.15640000,-25.59980000,329.99951368,29.99860387,328.54687500,30.47656250
1,1351,17,42.61360000,-20.14920000,1240.45793967,146.24169411,1239.67187500,149.21093750
1,2064,2,-69.57510000,-8.04358000,440.00000596,164.00131972,437.28906250,161.73437500
1,939,1,-95.52810000,-16.88740000,1248.99910869,992.99856391,612.14843750,416.71093750
1,1696,5,-42.02030000,4.13965000,457.16783841,874.89987600,453.14843750,877.87500000
1,1791,8,-29.07160000,1.17896000,730.99977579,584.00068689,732.88281250,584.42968750
1,1152,20,67.56530000,-10.83920000,348.00158612,944.00111710,343.09375000,945.14843750
1,350,13,8.50287000,-36.34080000,589.00130139,993.00079515,586.87500000,993.12500000
1,167,16,33.30940000,-45.96050000,990.00049370,29.99924191,989.66406250,33.03906250
1,2781,12,-10.10820000,29.94650000,726.84144691,234.78119222,727.14062500,232.12500000
1,1873,5,-63.31450000,17.20720000,30.00100764,212.99923880,31.60937500,216.67968750
1,2495,15,6.52045000,48.69210000,1187.99864983,944.00059458,1184.06250000,937.17968750
1,2980,6,-45.22080000,23.25580000,945.99951709,747.99995915,947.86718750,749.86718750
1,742,7,-29.23820000,-39.52290000,547.00069449,584.00108142,545.52343750,585.91406250
1,48,19,63.81080000,-33.37840000,708.99785188,992.99937482,702.68750000,994.78125000
1,1067,20,96.70040000,9.18732000,989.99952538,29.99865048,983.45312500,31.46875000
1,2882,6,-49.78170000,14.22380000,1249.00102089,629.99899143,1245.09375000,630.17187500
1,1601,14,14.23580000,3.65826000,807.66010348,918.91368233,810.92187500,919.65625000
1,2402,18,42.67830000,15.35700000,1189.51103370,147.52181828,1187.95312500,151.17187500
1,1523,8,-13.04610000,-20.38010000,31.04357911,85.03174347,36.14843750,93.67187500
1,642,4,-42.28740000,-22.10170000,191.62437199,849.85229571,194.22656250,852.96875000
1,1428,14,41.13890000,-14.97510000,210.99921707,78.00035747,209.24218750,83.88281250
1,2196,18,61.83970000,45.06920000,258.06352206,668.57077404,255.47656250,667.35156250
1,3083,3,-62.52120000,37.42610000,810.99886292,78.00091125,810.38281250,76.48437500
1,2689,12,-2.59833000,36.20120000,547.00132938,438.00029112,545.39062500,437.26562500
1,1970,2,-65.42990000,14.53280000,1170.00176474,30.00080264,1164.82812500,33.37500000
1,548,13,18.40210000,-41.21640000,474.25281061,722.36130176,470.69531250,723.90625000
1,456,7,-16.15640000,-25.59980000,968.18138916,218.20099077,971.68750000,212.32812500
1,2587,12,13.51090000,13.72470000,1248.99907632,929.99916190,1243.80468750,922.39062500
1,2297,18,72.00910000,27.65990000,768.99976099,992.99942158,769.76562500,993.96093750
1,939,2,-95.52810000,-16.88740000,145.68298251,975.64441500,150.09375000,974.53906250
1,1255,17,69.64750000,9.23456000,288.99945339,992.99946142,289.59375000,991.53906250
1,1792,8,-29.07150000,-4.80609000,547.00029001,584.00162253,546.66406250,585.35937500
1,2981,6,-45.04730000,23.24600000,946.00134943,752.99958089,947.16406250,754.79687500
1,832,4,-70.60480000,-37.19290000,691.00057287,77.99952125,687.53125000,75.99218750
1,1351,14,42.61360000,-20.14920000,30.00095588,30.00237999,36.73437500,43.18750000
1,2065,2,-69.57860000,-0.39794900,680.00056035,164.00236595,679.78906250,160.18750000
1,350,10,8.50287000,-36.34080000,642.75411068,715.86803686,644.25781250,720.01562500
1,1152,17,67.56530000,-10.83920000,931.78790506,925.14129736,933.58593750,928.15625000
1,1873,6,-63.31450000,17.20720000,1140.54822379,214.73222248,1139.53125000,217.51562500
1,167,13,33.30940000,-45.96050000,332.31758805,376.59400942,329.94531250,375.21875000
1,255,16,68.23490000,-18.87850000,90.99894837,943.99950531,98.09375000,939.25000000
1,2781,9,-10.10820000,29.94650000,570.99857969,78.00087391,575.32031250,75.47656250
1,3084,6,-61.59440000,41.09840000,391.84238606,326.08644917,388.10156250,323.85156250
1,2495,12,6.52045000,48.69210000,148.16866094,633.17960200,148.27343750,633.64062500
1,1697,8,-42.02220000,2.26843000,768.99908014,992.99880712,773.18750000,992.29687500
1,743,7,-25.07950000,-37.75820000,602.00181450,481.99976379,600.94531250,481.61718750
1,1601,11,14.23580000,3.65826000,468.00103831,943.99878117,470.07812500,945.79687500
1,1429,17,41.13400000,-11.33060000,947.66085219,99.15116057,952.08593750,97.25000000
1,2883,5,-47.87390000,14.18290000,137.97784850,690.42717824,133.32031250,690.53125000
1,1524,10,-11.18250000,-20.50640000,147.65670922,158.68886926,146.95312500,160.41406250
1,2690,12,-2.41522000,30.21890000,730.99854291,438.00031705,732.34375000,436.70312500
1,1068,20,96.70300000,10.99420000,1050.00075226,30.00010055,1042.97656250,32.57031250
1,2197,21,62.78880000,41.49110000,948.00059483,944.00065226,944.30468750,941.96093750
1,643,7,-42.59190000,-23.87760000,1009.00047058,992.99922774,1013.02343750,990.67968750
1,548,10,18.40210000,-41.21640000,828.00087030,944.00023831,832.53906250,947.76562500
1,2982,9,-43.25900000,38.56070000,841.31429963,914.22266533,839.89843750,917.76562500
1,48,16,63.81080000,-33.37840000,548.42334547,757.58916363,548.37500000,760.25000000
1,457,10,-16.48800000,-27.41630000,389.99930400,29.99839997,388.21093750,29.33593750
1,2588,14,15.31710000,13.61020000,1130.37144644,884.45780951,1134.22656250,879.86718750
1,1970,6,-65.42990000,14.53280000,1227.86177433,138.25007780,1224.25000000,144.15625000
1,940,1,-95.80410000,-18.57870000,1189.00091309,992.99890758,1189.32031250,987.10937500
1,1352,16,42.60990000,-18.43670000,70.86427079,143.11008183,77.78125000,147.17187500
1,1793,8,-25.74960000,-3.01868000,602.00061040,481.99855113,601.35937500,481.84375000
1,1874,5,-65.20400000,17.09920000,30.00019589,152.99948836,32.69531250,157.96875000
1,1602,14,14.23800000,7.39301000,927.22965510,918.93021618,930.26562500,917.67187500
1,832,1,-70.60480000,-37.19290000,606.44134129,265.41437068,605.24218750,261.58593750
1,1256,20,69.65050000,11.04140000,1045.40357374,876.91236669,1040.98437500,876.57812500
1,2691,12,3.17865000,30.22270000,731.00097073,584.00004619,733.15625000,584.54687500
1,744,7,-25.13380000,-35.34790000,676.00005744,482.00055295,676.90625000,481.16406250
1,2066,2,-69.57500000,7.20209000,919.99957476,163.99959415,921.60156250,160.93750000
1,3084,3,-61.59440000,41.09840000,930.99933072,78.00083335,930.19531250,77.64062500
1,351,13,8.08344000,-38.18980000,529.00049672,992.99963905,526.85156250,992.76562500
1,2298,21,72.39780000,29.51090000,539.14018909,752.50183636,533.18750000,754.94531250
1,2883,6,-47.87390000,14.18290000,1249.00167741,690.00053974,1244.57812500,689.63281250
1,1069,20,96.70610000,12.77580000,1110.00256111,29.99803205,1101.53125000,33.75781250
1,2496,15,7.59442000,45.23080000,1067.99926917,944.00067931,1067.67187500,939.98437500
1,1697,5,-42.02220000,2.26843000,516.23753322,874.87559332,513.45312500,878.28906250
1,2402,15,42.67830000,15.35700000,90.00023075,30.00127251,95.74218750,38.59375000
1,2982,6,-43.25900000,38.56070000,466.00084922,752.99873989,463.21875000,754.38281250
1,643,4,-42.59190000,-23.87760000,249.35795619,833.92762511,250.60937500,837.61718750
1,1153,20,67.57000000,-14.49730000,227.99908929,943.99995152,225.04687500,943.39062500
1,1429,14,41.13400000,-11.33060000,330.99957095,77.99875511,326.81250000,80.87500000
1,255,20,68.23490000,-18.87850000,81.05569937,922.67904095,81.16406250,919.46093750
1,549,13,17.55660000,-37.49600000,587.20881032,753.45499391,584.71875000,755.67187500
1,2782,12,-9.33502000,33.68940000,613.13615045,266.27490772,612.13281250,263.76562500
1,168,16,32.77750000,-47.72530000,1049.99783351,29.99929159,1048.00781250,33.96875000
1,1524,7,-11.18250000,-20.50640000,1123.20704271,44.53188439,1152.00000000,857.47656250
1,457,7,-16.48800000,-27.41630000,910.98782229,233.90474370,914.48437500,227.95312500
1,940,2,-95.80410000,-18.57870000,86.84215379,984.83592769,93.52343750,982.32031250
1,2197,18,62.78880000,41.49110000,369.52066610,699.32165667,366.69531250,699.42187500
1,3085,6,-60.57130000,44.68770000,280.48533641,356.96746667,276.52343750,355.24218750
1,1602,11,14.23800000,7.39301000,347.99943748,943.99794388,350.44531250,944.39843750
1,1970,3,-65.42990000,14.53280000,62.33551742,34.29227029,65.34375000,42.39062500
1,833,4,-71.40670000,-40.91630000,811.00066631,77.99901815,807.48437500,75.50000000
1,1874,6,-65.20400000,17.09920000,1140.48552060,155.74927905,1138.00781250,159.62500000
1,745,7,-27.40370000,-35.35210000,675.99771978,540.00003003,677.16406250,540.31250000
1,2884,5,-45.97880000,14.12580000,137.91976744,749.40491097,315.96875000,647.31250000
1,2692,12,3.41895000,36.20560000,546.99882406,583.99954165,546.24218750,584.85156250
1,1794,8,-25.74990000,-0.60809300,676.00080381,481.99793582,676.52343750,481.48437500
1,2588,11,15.31710000,13.61020000,139.63755471,979.04643746,143.06250000,973.73437500
1,49,19,63.42670000,-35.23350000,649.00139520,992.99983493,642.66406250,994.98437500
1,1352,17,42.60990000,-18.43670000,1181.34308015,146.25654284,1183.28125000,148.02343750
1,1698,8,-42.02370000,0.38855000,708.99989620,992.99962831,711.94531250,992.95312500
1,2298,18,72.39780000,29.51090000,709.00128645,993.00075718,709.60937500,994.09375000
1,2983,9,-42.61780000,42.78320000,971.55571888,877.30361589,971.14062500,881.17187500
1,1256,17,69.65050000,11.04140000,228.99945021,992.99944305,230.41406250,990.11718750
1,941,1,-96.09000000,-20.30070000,1128.99994293,993.00112421,1130.59375000,988.63281250
1,2496,12,7.59442000,45.23080000,258.81739272,663.85124096,257.29687500,664.71875000
1,644,7,-42.90790000,-25.67580000,948.99869255,993.00057087,953.47656250,991.99218750
1,549,10,17.55660000,-37.49600000,708.00119150,944.00003618,711.39062500,948.85937500
1,351,10,8.08344000,-38.18980000,698.83338140,700.55818954,701.42968750,704.25000000
1,458,10,-16.83250000,-29.24820000,450.00191583,29.99949923,448.08593750,28.35156250
1,1524,11,-11.18250000,-20.50640000,1249.00053329,150.00049053,1245.11718750,153.46875000
1,1153,17,67.57000000,-14.49730000,1051.53644899,925.15394511,1052.21093750,926.58593750
1,1430,17,41.13070000,-7.60547000,827.97817747,99.17772519,831.91406250,95.75781250
1,255,17,68.23490000,-18.87850000,1201.27218181,946.50823437,1198.61718750,944.99218750
1,2782,9,-9.33502000,33.68940000,690.99950410,77.99927033,696.20312500,77.00000000
1,833,1,-71.40670000,-40.91630000,493.47685456,296.73084033,490.89843750,294.13281250
1,1070,20,96.70950000,14.52920000,1170.00181702,29.99874914,1159.96093750,35.13281250
1,2884,6,-45.97880000,14.12580000,1248.99899513,749.99879631,1243.78125000,748.81250000
1,746,7,-27.41690000,-37.76250000,602.00089833,539.99899540,601.46093750,540.71093750
1,3085,3,-60.57130000,44.68770000,1050.99930974,78.00057566,1048.60937500,79.28906250
1,2067,2,-69.56900000,12.05500000,1078.00103913,164.00025786,1078.29687500,162.73437500
1,2403,17,42.97330000,17.07890000,31.49789820,157.89130356,474.14062500,962.61718750
1,168,13,32.77750000,-47.72530000,277.03386668,391.80984926,275.48437500,390.67968750
1,2983,6,-42.61780000,42.78320000,331.99947046,753.00033006,328.24218750,752.96875000
1,942,1,-96.38620000,-22.05080000,1069.00047166,993.00161186,1071.96875000,990.19531250
1,2693,12,-0.76879900,34.44560000,601.99936186,481.99964280,601.32031250,481.57812500
1,1257,20,69.65390000,12.82290000,1104.53050193,876.90485216,1098.89843750,875.54687500
1,1795,8,-27.63960000,-0.60827600,675.99983536,540.00003638,676.88281250,540.10937500
1,2497,15,8.56641000,41.65550000,947.99846036,944.00018589,949.48437500,942.19531250
1,2198,21,63.65230000,37.82610000,827.99927147,943.99925933,824.74218750,943.66406250
1,2299,21,72.80350000,31.36550000,595.61362201,737.01012603,590.28125000,739.40625000
1,1971,5,-65.42640000,16.25550000,58.86743048,145.94502070,62.81250000,150.44531250
1,644,4,-42.90790000,-25.67580000,306.88027892,818.06019170,307.23437500,822.10937500
1,1352,14,42.60990000,-18.43670000,89.99937906,30.00003286,93.03906250,41.15625000
1,458,7,-16.83250000,-29.24820000,853.98557479,249.55467928,857.14062500,243.75781250
1,2588,12,15.31710000,13.61020000,1248.99933053,989.99861963,1242.52343750,980.32031250
1,49,16,63.42670000,-35.23350000,604.83793029,741.92906168,605.17187500,744.54687500
1,1874,3,-65.20400000,17.09920000,151.44269063,40.93165463,153.41406250,46.64062500
1,747,7,-25.93650000,-36.91800000,628.00130377,503.00015849,627.75781250,502.94531250
1,550,13,16.78520000,-33.75180000,700.85103790,784.73614523,699.92187500,787.30468750
1,1603,14,14.24190000,11.05100000,1046.77193999,918.94519457,1049.11718750,915.14843750
1,2885,5,-44.10020000,14.05280000,137.86610922,808.39330790,357.25781250,833.12500000
1,1430,14,41.13070000,-7.60547000,451.00046543,77.99857670,446.17187500,78.47656250
1,1154,19,67.57620000,-18.05220000,1224.32909407,959.26397076,1211.39062500,954.53125000
1,2783,12,-8.48792000,37.41320000,500.19570417,297.55406750,497.65625000,295.86718750
1,1525,10,-9.29376000,-20.61540000,147.65619474,217.53441756,145.84375000,218.53125000
1,834,4,-72.28470000,-44.58750000,931.00230837,77.99893048,927.33593750,75.69531250
1,352,13,7.64575000,-40.02980000,469.00140505,992.99971154,466.63281250,991.96093750
1,1698,5,-42.02370000,0.38855000,575.31431770,874.85065629,574.23437500,878.42968750
1,1071,20,96.71330000,16.25190000,1230.00006425,29.99863835,1217.63281250,36.57812500
1,2497,12,8.56641000,41.65550000,370.20543868,694.72840911,368.52343750,696.21093750
1,1257,17,69.65390000,12.82290000,169.00113952,992.99964040,172.20312500,988.52343750
1,2984,6,-64.14130000,42.78670000,331.99904502,272.99946464,329.20312500,271.09375000
1,2403,18,42.97330000,17.07890000,1131.65309078,163.46206932,1132.19531250,165.66406250
1,3086,6,-59.43730000,48.16670000,169.90492066,387.63272156,167.06250000,386.32812500
1,645,7,-43.23600000,-27.49290000,888.99770314,993.00148775,893.52343750,993.20312500
1,2299,18,72.80350000,31.36550000,648.99907213,993.00055779,649.27343750,993.89062500
1,2068,2,-77.24900000,12.28430000,1077.99951509,404.00206990,1081.89062500,402.18750000
1,459,10,-17.19070000,-31.09150000,510.00107143,29.99979344,508.42187500,27.63281250
1,169,16,32.21920000,-49.46280000,1109.99995001,29.99962255,1105.45312500,35.10156250
1,748,7,-25.94540000,-36.20120000,650.00012395,503.00096236,650.35937500,502.70312500
1,256,16,64.48800000,-19.10580000,90.99807090,824.00178215,95.23437500,821.85156250
1,943,1,-96.69320000,-23.82630000,1008.99962897,992.99784474,1012.75781250,991.52343750
1,2198,18,63.65230000,37.82610000,481.72729705,730.28051708,479.82031250,731.54687500
1,2694,12,-0.74639900,32.03520000,675.99788645,482.00062145,676.62500000,481.25781250
1,1875,5,-67.06850000,16.97380000,30.00127498,92.99901168,33.77343750,99.64062500
1,50,19,63.02610000,-37.08810000,588.99978891,992.99942476,582.13281250,994.82812500
1,2589,14,15.40670000,13.60410000,1130.00330634,881.58520923,1133.74218750,877.04687500
1,1971,2,-65.42640000,16.25550000,1230.00004701,30.00049707,1222.64843750,34.71093750
1,2885,6,-44.10020000,14.05280000,1249.00091216,809.99980378,1242.58593750,807.66406250
1,1353,17,42.60650000,-16.69270000,1122.22661781,146.26909511,1125.57031250,146.86718750
1,2984,3,-64.14130000,42.78670000,971.72165731,147.45767636,971.39062500,146.10937500
1,2783,9,-8.48792000,37.41320000,811.00008914,78.00037311,816.96093750,79.09375000
1,1431,17,41.12900000,-3.82935000,708.30209670,99.20140395,711.33593750,94.86718750
1,1796,8,-27.63940000,-3.01886000,602.00043102,539.99905147,601.79687500,540.47656250
1,834,1,-72.28470000,-44.58750000,381.21718682,327.85148439,377.25000000,326.83593750
1,550,10,16.78520000,-33.75180000,587.99929549,944.00129666,589.51562500,949.10937500
1,1154,16,67.57620000,-18.05220000,60.85558061,926.77809463,68.23437500,921.50000000
1,3086,3,-59.43730000,48.16670000,1171.00024844,78.00069467,1165.47656250,81.57031250
1,2498,15,9.45007000,37.99310000,828.00025280,944.00009303,829.72656250,943.87500000
1,1699,8,-42.02480000,-1.49609000,648.99915162,993.00120205,652.10937500,993.41406250
1,645,4,-43.23600000,-27.49290000,364.19113213,802.25151772,364.12500000,806.49218750
1,1071,21,96.71330000,16.25190000,128.51350067,37.76492841,127.17187500,43.87500000
1,352,10,7.64575000,-40.02980000,754.70369658,685.30419776,758.78906250,688.50000000
1,256,17,64.48800000,-19.10580000,1201.29499086,826.21206264,1201.01562500,826.87500000
1,944,1,-97.01190000,-25.62400000,949.00029798,992.99935839,953.17187500,992.67968750
1,2069,2,-85.05640000,12.27030000,1077.99856839,643.99954679,1082.89843750,644.07031250
1,1525,11,-9.29376000,-20.61540000,1249.00025642,209.99972521,1246.31250000,212.12500000
1,2403,15,42.97330000,17.07890000,150.00192673,29.99987495,153.21875000,37.17968750
1,2985,6,-59.74370000,39.19080000,454.99887097,364.99932928,451.42187500,362.89843750
1,749,7,-26.61760000,-36.20230000,650.00059403,520.00031217,650.31250000,519.93750000
1,169,13,32.21920000,-49.46280000,221.90395922,406.98307725,221.77343750,406.12500000
1,1258,20,69.65770000,14.57640000,1163.66478504,876.89686557,1157.57031250,874.38281250
1,2886,5,-42.24190000,13.96480000,137.80901580,867.39120574,362.79687500,841.64062500
1,459,7,-17.19070000,-31.09150000,797.18003989,265.15139239,799.50000000,259.52343750
1,2589,11,15.40670000,13.60410000,139.63822706,981.99312039,143.32031250,976.62500000
1,2784,12,-7.55640000,41.08480000,388.01331700,328.62389031,384.70312500,327.84375000
1,50,16,63.02610000,-37.08810000,661.07797247,726.31826864,662.30468750,728.82812500
1,2300,21,73.22720000,33.21940000,651.89187035,721.57431164,647.30468750,723.90625000
1,1353,14,42.60650000,-16.69270000,150.00105631,30.00004656,150.53906250,39.22656250
1,835,4,-73.25000000,-48.17550000,1051.00113571,78.00053297,1045.46093750,76.57031250
1,3087,6,-59.26670000,48.64920000,154.30350073,391.95978313,151.63281250,390.68750000
1,1603,11,14.24190000,11.05100000,228.00122512,943.99869457,231.35937500,942.33593750
1,1699,5,-42.02480000,-1.49609000,634.40151277,874.82499141,633.53125000,878.28906250
1,2199,21,64.44110000,34.10470000,708.00056953,943.99989790,704.57031250,944.68750000
1,551,13,16.07890000,-30.01770000,815.17943587,816.21016448,814.91406250,818.46093750
1,1971,6,-65.42640000,16.25550000,1168.60992076,145.41363364,1167.53125000,149.79687500
1,1431,14,41.12900000,-3.82935000,570.99991446,78.00127225,566.14062500,76.81250000
1,1072,20,96.71450000,16.79060000,1248.99714382,30.00123356,1235.64062500,36.96093750
1,2695,12,1.52515000,32.03670000,676.00074949,540.00030829,677.13281250,540.30468750
1,945,1,-97.34280000,-27.44060000,889.00114837,993.00087934,893.45312500,993.77343750
1,1875,6,-67.06850000,16.97380000,1140.42464383,96.75938982,1136.87500000,102.03906250
1,2498,12,9.45007000,37.99310000,482.33677809,725.81124333,481.75000000,727.73437500
1,2986,6,-58.95390000,27.30440000,823.00099810,364.99920431,824.74218750,363.71093750
1,1797,8,-26.43400000,-2.17194000,627.99923487,502.99922235,627.87500000,503.07031250
1,1154,20,67.57620000,-18.05220000,108.00245916,944.00179599,108.21093750,941.10937500
1,2404,18,43.27980000,18.82890000,1073.97972174,179.35072299,1075.96875000,180.40625000
1,170,16,31.63260000,-51.16980000,1170.00017741,29.99993023,1163.56250000,36.53906250
1,1258,17,69.65770000,14.57640000,108.99837490,993.00032919,113.28125000,986.73437500
1,51,19,62.60790000,-38.93780000,529.00038830,993.00006113,522.00000000,994.53125000
1,2589,12,15.40670000,13.60410000,1249.00070233,993.00057214,1242.65625000,983.23437500
1,257,16,60.65160000,-19.26570000,91.00113722,704.00221181,93.59375000,703.35937500
1,1700,8,-42.02540000,-3.38135000,588.99919089,993.00026330,591.63281250,993.69531250
1,646,7,-43.57680000,-29.32530000,828.99810419,992.99894079,833.60937500,994.25781250
1,1354,17,42.60350000,-14.91980000,1063.11369289,146.28222772,1067.15625000,145.78906250
1,2300,18,73.22720000,33.21940000,588.99833156,992.99795709,588.92187500,993.42968750
1,3087,3,-59.26670000,48.64920000,1187.99873889,78.00009574,1181.98437500,81.97656250
1,460,10,-17.56340000,-32.94230000,569.99869750,30.00039628,568.99218750,27.11718750
1,835,1,-73.25000000,-48.17550000,269.65935842,358.77587423,265.62500000,359.42968750
1,1971,3,-65.42640000,16.25550000,122.02057441,43.50295739,122.33593750,49.66406250
1,2070,2,-91.86350000,12.05490000,1077.99852763,857.00039201,1081.57812500,856.97656250
1,2784,9,-7.55640000,41.08480000,931.00025135,78.00083890,936.67187500,81.92187500
1,1432,17,41.12920000,-0.03430180,588.63006730,99.23113876,590.15625000,94.61718750
1,946,1,-97.68650000,-29.27260000,828.99960419,992.99869639,833.42187500,994.76562500
1,2886,6,-42.24190000,13.96480000,1248.99928934,870.00170851,1241.28125000,866.38281250
1,750,7,-26.61460000,-36.91920000,627.99900933,519.99993157,628.10937500,520.14843750
1,1526,10,-7.38342000,-20.70610000,147.65564082,276.38534138,145.10156250,277.15625000
1,353,13,7.18860000,-41.85690000,408.99978373,993.00017127,407.00781250,991.18750000
1,1072,21,96.71450000,16.79060000,146.90938157,40.65607423,144.73437500,46.20312500
1,2199,18,64.44110000,34.10470000,594.68842136,761.44554355,594.16406250,763.57812500
1,2987,6,-48.19220000,27.31190000,822.99966215,656.00045333,824.59375000,657.79687500
1,170,13,31.63260000,-51.16980000,166.93341819,422.11246109,167.75781250,421.49218750
1,551,10,16.07890000,-30.01770000,468.00046458,943.99859682,468.47656250,948.78125000
1,1875,3,-67.06850000,16.97380000,142.26493727,99.34854328,143.67187500,103.65625000
1,1154,17,67.57620000,-18.05220000,1171.29199333,925.16362217,1169.49218750,924.46875000
1,51,16,62.60790000,-38.93780000,717.13693623,710.75672028,719.03125000,713.12500000
1,1700,5,-42.02540000,-3.38135000,693.49682209,874.80176665,693.67187500,878.12500000
1,947,1,-98.04400000,-31.11600000,769.00115095,993.00074499,773.09375000,995.50781250
1,2404,15,43.27980000,18.82890000,210.00243408,29.99922595,211.32031250,35.62500000
1,257,17,60.65160000,-19.26570000,1201.32179247,705.92605841,1203.18750000,707.58593750
1,1258,21,69.65770000,14.57640000,61.46889285,881.60474830,61.73437500,877.25000000
1,2301,21,73.67030000,35.06840000,707.97422412,706.18790651,703.94531250,708.35156250
1,836,4,-74.31630000,-51.65300000,1171.00029375,78.00034746,1162.07812500,78.15625000
1,3088,6,-64.74770000,49.53880000,111.19616530,283.03061314,111.01562500,282.96093750
1,2785,12,-6.52814000,44.67330000,276.58254345,359.48694294,273.35937500,359.60156250
1,2696,12,1.57050000,34.44730000,601.99826100,540.00002476,602.12500000,540.43750000
1,2590,14,15.68980000,15.29550000,1186.92263259,872.62588208,1188.83593750,866.77343750
1,1798,8,-26.43410000,-1.45508000,649.99960305,502.99987314,650.30468750,502.88281250
1,2499,15,10.25690000,34.27390000,707.99963163,943.99988439,709.29687500,944.70312500
1,460,7,-17.56340000,-32.94230000,740.56815722,280.69462804,741.82812500,275.46093750
1,1972,5,-65.42520000,16.79430000,40.15615683,145.94602662,44.82031250,150.61718750
1,1432,14,41.12920000,-0.03430180,691.00031985,77.99785096,686.74218750,75.85156250
1,1354,14,42.60350000,-14.91980000,210.00033801,29.99945546,208.91406250,37.35156250
1,1526,11,-7.38342000,-20.70610000,1248.99994689,270.00062789,1247.38281250,271.27343750
1,552,13,15.43040000,-26.32640000,930.20675353,847.87262763,930.00781250,849.47656250
1,2988,6,-47.28830000,39.20060000,454.99931067,656.00043238,451.57812500,656.77343750
1,1604,14,14.24740000,14.60610000,1166.29448548,918.95990742,1167.50781250,911.94531250
1,1073,20,94.88100000,16.93270000,1248.99842231,89.99908995,1237.35937500,94.76562500
1,948,1,-98.41600000,-32.96700000,709.00109412,993.00236121,712.53906250,995.89843750
1,751,4,-68.63620000,-17.10960000,29.99999458,30.00128100,366.09375000,497.48437500
1,171,16,31.01560000,-52.84360000,1229.99887139,30.00093932,1221.17187500,38.09375000
1,258,16,56.75780000,-19.35210000,91.00104045,584.00148999,92.68750000,583.96093750
1,353,10,7.18860000,-41.85690000,810.37034684,670.10544073,815.52343750,672.71093750
1,646,4,-43.57680000,-29.32530000,421.29175990,786.50425136,420.79687500,790.77343750
1,2405,18,43.59840000,20.60410000,1016.49331034,195.18604588,1019.60937500,195.20312500
1,52,19,62.17100000,-40.77860000,468.99963805,992.99914738,461.92187500,994.08593750
1,2200,21,65.16460000,30.35960000,587.99963310,944.00005125,583.98437500,944.88281250
1,1876,5,-68.90450000,16.83220000,30.00035344,33.00206267,35.29687500,41.82031250
1,836,1,-74.31630000,-51.65300000,158.79500424,389.50977056,155.92187500,391.74218750
1,2071,2,-91.87180000,4.62567000,837.99905472,856.99930901,842.03906250,860.29687500
1,3088,3,-64.74770000,49.53880000,1187.99833559,198.00007201,1184.80468750,199.06250000
1,2887,8,-40.40760000,13.86240000,1146.81870088,940.71626470,1148.25781250,934.21093750
1,1259,20,69.66190000,16.29910000,1222.79764736,876.88808459,1214.72656250,873.10937500
1,2590,11,15.68980000,15.29550000,80.62826009,991.22207886,86.81250000,984.13281250
1,2301,18,73.67030000,35.06840000,528.99906173,992.99978784,528.76562500,992.87500000
1,2785,9,-6.52814000,44.67330000,1050.99906548,77.99986986,1055.02343750,85.49218750
1,2499,12,10.25690000,34.27390000,595.22344451,757.10359111,596.08593750,759.38281250
1,1799,8,-26.98800000,-1.45514000,649.99921552,519.99928570,650.36718750,520.03125000
1,1701,8,-42.02560000,-5.26318000,528.99923076,993.00009777,531.35156250,993.75000000
1,949,1,-98.80330000,-34.82150000,649.00056530,993.00107644,652.08593750,996.31250000
1,751,1,-68.63620000,-17.10960000,1247.90280342,135.80773840,1242.12500000,135.34375000
1,1355,17,42.60080000,-13.12070000,1004.00283857,146.29245317,1008.65625000,144.83593750
1,461,10,-17.95160000,-34.79670000,630.00091315,29.99944203,629.49218750,26.60156250
1,2697,12,0.07733150,33.60440000,628.00024918,503.00074300,628.15625000,502.86718750
1,1155,19,67.57730000,-18.54630000,1207.09470543,956.82658983,1194.75000000,952.53906250
1,2405,15,43.59840000,20.60410000,269.99811052,30.00041807,269.76562500,34.24218750
1,1527,10,-5.45551000,-20.77760000,147.65287384,335.23874731,144.53125000,335.86718750
1,1972,2,-65.42520000,16.79430000,1249.00095192,29.99990501,1241.00781250,35.18750000
1,1433,17,41.13090000,3.74652000,468.96337805,99.25392195,469.44531250,94.90625000
1,1073,21,94.88100000,16.93270000,146.84380967,99.49982530,143.59375000,103.10156250
1,1604,11,14.24740000,14.60610000,107.99888297,943.99973494,113.08593750,939.75000000
1,171,13,31.01560000,-52.84360000,112.12097281,437.19765054,114.53125000,436.75781250
1,258,17,56.75780000,-19.35210000,1201.34544876,585.65027799,1204.46093750,587.21875000
1,2989,6,-56.52750000,36.34450000,547.00094830,438.00026433,544.58593750,436.85937500
1,2590,15,15.68980000,15.29550000,79.67968994,874.79626233,85.29687500,871.28125000
1,52,16,62.17100000,-40.77860000,773.01968854,695.24560553,775.53906250,697.27343750
1,552,10,15.43040000,-26.32640000,347.99982069,943.99986062,348.03906250,947.59375000
1,1259,17,69.66190000,16.29910000,48.99998850,993.00184242,55.53125000,984.96875000
1,2072,2,-91.87330000,-3.02191000,598.00090947,857.00034634,599.37500000,861.53125000
1,1800,8,-26.98800000,-2.17194000,628.00068916,520.00129676,628.14062500,520.14062500
1,1876,2,-68.90450000,16.83220000,1241.46626704,143.05061444,1239.31250000,144.87500000
1,950,1,-99.20700000,-36.67540000,588.99754324,993.00026686,591.67968750,996.53906250
1,2302,21,74.13390000,36.90840000,763.86271955,690.85440917,760.56250000,692.63281250
1,1701,5,-42.02560000,-5.26318000,752.60103865,874.77779474,753.46875000,877.75781250
1,3089,6,-70.53990000,50.17270000,65.87151976,168.50528151,69.24218750,171.17968750
1,647,7,-43.93130000,-31.16920000,768.99899405,992.99988309,773.27343750,995.14062500
1,2200,18,65.16460000,30.35960000,708.41553919,792.82240863,709.38281250,795.59375000
1,354,13,6.71075000,-43.66710000,348.99913147,993.00008665,347.74218750,990.28125000
1,837,4,-74.47640000,-52.13530000,1187.99922920,78.00064269,1178.29687500,78.38281250
1,1355,14,42.60080000,-13.12070000,269.99907816,30.00185351,267.35937500,35.70312500
1,2887,5,-40.40760000,13.86240000,137.75490612,926.39252302,137.17187500,923.24218750
1,1972,6,-65.42520000,16.79430000,1150.31581234,147.62586643,1149.68750000,151.64843750
1,751,5,-68.63620000,-17.10960000,1142.46572019,41.82002443,1136.86718750,46.21093750
1,1155,16,67.57730000,-18.54630000,77.98958967,924.46948712,84.79687500,919.71875000
1,172,16,30.81340000,-53.36630000,1248.99835897,29.99896113,1239.17187500,38.48437500
1,259,16,52.84180000,-19.36180000,91.00071929,464.00081381,92.76562500,464.23437500
1,1433,14,41.13090000,3.74652000,811.00037527,78.00139176,807.09375000,75.50000000
1,1074,20,93.01880000,17.05870000,1249.00216992,149.99999165,1238.76562500,153.10937500
1,2786,12,-5.38855000,48.15150000,165.89075540,390.14425067,164.04687500,391.20312500
1,2698,12,0.07666020,32.88760000,649.99847485,502.99997853,650.53125000,502.85156250
1,2406,18,43.93000000,22.40170000,959.18406340,210.97515194,962.75781250,210.12500000
1,553,13,14.83310000,-22.70840000,1045.93794715,879.72835702,1044.13281250,879.73437500
1,2590,12,15.68980000,15.29550000,1188.99936463,993.00082281,1185.38281250,984.89062500
1,951,1,-99.62810000,-38.52430000,528.99973516,992.99998295,531.01562500,996.45312500
1,1876,6,-68.90450000,16.83220000,1140.36184047,37.76722177,1135.52343750,44.73437500
1,53,19,61.71400000,-42.60640000,408.99880012,993.00021052,403.15625000,993.68750000
1,2500,15,10.99650000,30.53090000,588.00066544,943.99850839,588.52343750,945.00000000
1,1604,15,14.24740000,14.60610000,58.85339478,924.02246222,65.48437500,918.10937500
1,2990,6,-56.34420000,30.36210000,731.00117732,438.00041548,731.46875000,437.17968750
1,1259,21,69.66190000,16.29910000,120.51504113,874.64480016,118.56250000,871.50000000
1,461,7,-17.95160000,-34.79670000,684.14363554,296.18794015,684.40625000,291.44531250
1,1702,8,-42.02540000,-7.13751000,469.00051520,993.00064704,471.33593750,993.71093750
1,2073,2,-91.86780000,-10.62290000,357.99830419,857.00093812,357.53906250,860.77343750
1,1356,17,42.59860000,-11.29830000,944.88942491,146.30592012,949.88281250,144.02343750
1,1972,3,-65.42520000,16.79430000,140.44505629,46.34576566,140.39062500,51.78906250
1,259,17,52.84180000,-19.36180000,1201.36891186,465.38624673,1205.05468750,466.49218750
1,2201,21,65.83060000,26.62460000,467.99964216,943.99947744,463.77343750,944.52343750
1,1527,11,-5.45551000,-20.77760000,1248.99734649,330.00037585,1248.28125000,330.61718750
1,1155,20,67.57730000,-18.54630000,90.99841451,943.99890832,91.64062500,940.69531250
1,647,4,-43.93130000,-31.16920000,478.18276176,770.81136868,477.89843750,774.84375000
1,354,10,6.71075000,-43.66710000,865.83147719,654.96332990,871.71093750,656.88281250
1,751,2,-68.63620000,-17.10960000,143.56881587,134.39871541,142.77343750,137.63281250
1,3089,3,-70.53990000,50.17270000,1188.00045889,317.99987900,1187.32812500,317.42187500
1,553,10,14.83310000,-22.70840000,227.99797384,944.00162396,229.25781250,945.83593750
1,1434,17,41.13450000,7.48071000,349.30306849,99.28336935,349.50781250,95.93750000
1,2406,15,43.93000000,22.40170000,329.99907761,29.99898613,328.80468750,33.18750000
1,2302,18,74.13390000,36.90840000,469.00122835,993.00190921,468.65625000,992.18750000
1,952,1,-100.06800000,-40.36430000,468.99871158,993.00554594,470.78906250,996.23437500
1,2786,9,-5.38855000,48.15150000,1171.00124353,77.99996623,1171.58593750,89.55468750
1,1801,5,-68.99550000,16.82470000,30.00079083,30.00217865,39.13281250,38.50781250
1,2887,9,-40.40760000,13.86240000,35.66285724,954.28034119,38.96875000,942.80468750
1,172,13,30.81340000,-53.36630000,94.79721739,441.96761992,97.84375000,441.60156250
1,1876,3,-68.90450000,16.83220000,133.31429953,156.33216578,133.94531250,159.65625000
1,2699,12,0.74939000,32.88790000,650.00049426,520.00007856,650.71093750,519.99218750
1,1702,5,-42.02540000,-7.13751000,811.71290662,874.75313269,812.87500000,877.23437500
1,53,16,61.71400000,-42.60640000,828.72492009,679.78184266,830.73437500,681.50781250
1,2591,14,15.98370000,17.01750000,1245.82845486,863.35566811,1245.65625000,856.03906250
1,1604,12,14.24740000,14.60610000,1216.53185867,949.71105672,1213.78125000,943.25000000
1,1259,18,69.66190000,16.29910000,1148.52428159,985.66112297,1146.50781250,983.83593750
1,2201,18,65.83060000,26.62460000,822.91340850,824.41267321,824.86718750,827.12500000
1,260,16,48.93990000,-19.29440000,90.99811371,343.99795233,93.66406250,344.69531250
1,1074,21,93.01880000,17.05870000,146.78059874,158.35110094,142.43750000,160.56250000
1,2500,12,10.99650000,30.53090000,708.86898541,788.60748987,711.31250000,790.46093750
1,837,1,-74.47640000,-52.13530000,143.14566518,393.84777360,140.78906250,396.29687500
1,752,4,-68.91550000,-18.80050000,90.00036779,29.99931071,93.71875000,41.67968750
1,953,1,-100.52700000,-42.19130000,409.00161763,992.99365179,410.80468750,995.85156250
1,2074,2,-91.86040000,-15.47560000,200.00014516,856.99913612,200.78906250,859.16406250
1,2991,6,-50.74160000,30.36540000,730.99804185,584.00021358,731.38281250,585.01562500
1,1434,14,41.13450000,7.48071000,930.99942149,77.99820374,926.65625000,75.90625000
1,1155,17,67.57730000,-18.54630000,1188.26337852,925.16813000,1186.17968750,924.15625000
1,1973,5,-67.25890000,16.93600000,30.84326399,86.82344539,37.40625000,93.70312500
1,3090,3,-76.54400000,50.51680000,1187.99776516,437.99943931,1189.05468750,436.63281250
1,648,7,-44.30020000,-33.02070000,708.99889378,993.00031225,712.58593750,995.78906250
1,2407,18,44.27510000,24.21820000,902.05534220,226.71025320,905.82031250,225.08593750
1,1356,14,42.59860000,-11.29830000,330.00134060,30.00090554,326.17187500,34.18750000
1,554,13,14.28130000,-19.19060000,1162.37321228,911.78184667,1157.43750000,909.42968750
1,2787,12,-5.21716000,48.63390000,150.27002025,394.47021330,148.62500000,395.63281250
1,173,16,33.51270000,-53.90570000,1248.99940438,89.99992702,1240.92968750,96.46875000
1,462,10,-18.35610000,-36.65030000,689.99896202,30.00011129,689.86718750,26.41406250
1,1528,10,-3.51416000,-20.82950000,147.65679689,394.09638960,144.14843750,394.84375000
1,2303,21,74.61920000,38.73550000,819.56283408,675.57682831,816.78125000,677.12500000
1,355,13,6.21075000,-45.45670000,288.99857727,993.00020688,288.67968750,989.04687500
1,2887,6,-40.40760000,13.86240000,1249.00076766,929.99900912,1240.01562500,924.60156250
1,1877,5,-67.53390000,15.18910000,90.99885896,78.00076340,94.10156250,83.37500000
1,1435,17,41.13960000,11.13830000,229.64691317,99.30787270,230.71875000,97.55468750
1,752,1,-68.91550000,-18.80050000,1189.89589852,151.81410738,1188.03906250,150.22656250
1,54,19,61.23570000,-44.41720000,349.00197327,992.99919749,343.62500000,992.82031250
1,1605,14,14.24830000,15.10000000,1183.22182465,918.96210510,1182.46093750,911.57812500
1,1075,20,91.13130000,17.16730000,1249.00096293,210.00204776,1240.05468750,211.89843750
1,954,1,-101.00800000,-44.00140000,348.99964609,993.00311680,351.03125000,995.33593750
1,2501,15,11.67680000,26.79770000,467.99985852,944.00085466,468.17968750,944.41406250
1,1260,20,69.66320000,16.83790000,1241.52529942,876.88872127,1232.70312500,872.69531250
1,3091,3,-82.63540000,50.55180000,1187.99984718,557.99917285,1189.69531250,556.19531250
1,173,13,33.51270000,-53.90570000,73.03600266,389.29942461,77.21875000,389.49218750
1,260,17,48.93990000,-19.29440000,1201.39011339,345.13186416,1204.72656250,346.00781250
1,1703,8,-42.02470000,-9.00049000,409.00041452,992.99851095,411.78906250,993.42187500
1,1801,2,-68.99550000,16.82470000,1241.00579654,145.96458604,1235.25000000,147.72656250
1,2992,6,-50.49850000,36.34810000,547.00058068,583.99931292,544.53125000,584.50000000
1,2202,21,66.44570000,22.93260000,348.00142597,943.99867679,344.43750000,943.41406250
1,1156,19,71.31880000,-18.76750000,1206.77288874,836.14583805,1197.35937500,834.72656250
1,2700,12,0.75592000,33.60480000,627.99929587,519.99974369,628.39843750,519.99218750
1,1973,2,-67.25890000,16.93600000,1248.99833536,90.00223652,1242.68750000,93.37500000
1,648,4,-44.30020000,-33.02070000,534.86748666,755.17589482,535.18750000,758.82812500
1,2075,2,-84.17710000,-15.70370000,199.99964393,617.00067591,197.71093750,619.47656250
1,2591,15,15.98370000,17.01750000,137.70845460,858.80442984,140.67187500,856.73437500
1,838,4,-68.96080000,-53.03130000,1188.00077510,197.99941232,1182.24218750,195.17187500
1,1528,11,-3.51416000,-20.82950000,1249.00170527,390.00027086,1249.00000000,390.10156250
1,2787,9,-5.21716000,48.63390000,1188.00033087,78.00035645,1188.10937500,90.24218750
1,2407,15,44.27510000,24.21820000,389.99959070,30.00188036,388.05468750,32.28125000
1,1357,17,42.59680000,-9.45612000,885.78074642,146.31918720,890.71093750,143.27343750
1,554,10,14.28130000,-19.19060000,108.00068624,943.99949381,112.09375000,943.57031250
1,1877,2,-67.53390000,15.18910000,1187.59684527,98.79655168,1184.79687500,100.86718750
1,1435,14,41.13960000,11.13830000,1050.99907292,77.99996060,1045.30468750,76.89062500
1,462,7,-18.35610000,-36.65030000,627.91298735,311.62642692,627.22656250,307.45312500
1,3092,3,-88.67850000,50.27550000,1188.00168804,678.00079211,1189.89062500,675.40625000
1,1260,17,69.66320000,16.83790000,29.99940151,992.99880198,37.43750000,984.39062500
1,1801,6,-68.99550000,16.82470000,1140.35916711,34.81734642,1138.99218750,41.48437500
1,955,1,-101.51100000,-45.79090000,289.00043041,992.99766598,291.43750000,994.48437500
1,2303,18,74.61920000,38.73550000,409.00142758,992.99968485,408.95312500,991.12500000
1,2993,6,-54.69460000,34.58880000,602.00032971,482.00081584,600.26562500,481.46875000
1,2501,12,11.67680000,26.79770000,823.28557527,820.32141650,826.74218750,821.67187500
1,54,16,61.23570000,-44.41720000,884.25083981,664.36988231,886.48437500,665.78125000
1,752,5,-68.91550000,-18.80050000,1201.51866554,32.49522363,1191.75000000,38.33593750
1,1605,11,14.24830000,15.10000000,91.00167441,943.99976946,97.90625000,939.37500000
1,174,16,36.31260000,-54.38860000,1248.99945511,150.00096767,1242.15625000,154.80468750
1,2888,8,-38.60030000,13.74660000,1139.29518985,882.33644633,1141.89062500,877.60156250
1,838,1,-68.96080000,-53.03130000,99.84417999,284.76200262,98.95312500,288.35156250
1,1703,5,-42.02470000,-9.00049000,870.83518595,874.73107818,889.53906250,74.67187500
1,2202,18,66.44570000,22.93260000,938.18924388,856.21783086,940.06250000,858.26562500
1,1075,21,91.13130000,17.16730000,146.71260460,217.20720394,141.47656250,218.49218750
1,261,16,45.08790000,-19.15280000,91.00168600,223.99993842,95.50781250,226.14062500
1,355,10,6.21075000,-45.45670000,921.08881431,639.87666596,927.67968750,641.19531250
1,1973,6,-67.25890000,16.93600000,1141.23145054,90.57351020,1139.83593750,95.72656250
1,1529,10,-1.56372000,-20.86090000,147.65391227,452.95773640,143.96093750,454.05468750
1,649,7,-44.68440000,-34.87570000,648.99846882,993.00058224,652.23437500,996.22656250
1,554,14,14.28130000,-19.19060000,69.55512885,918.11064907,77.54687500,917.20312500
1,1156,20,71.31880000,-18.76750000,90.99985077,824.00206390,89.12500000,823.29687500
1,2591,12,15.98370000,17.01750000,1128.99913141,992.99930131,1127.57031250,986.39062500
1,2701,11,-11.44270000,13.60520000,145.99866550,141.64573944,147.35156250,143.65625000
1,1877,6,-67.53390000,15.18910000,1200.47968843,73.41835534,1195.57031250,80.34375000
1,956,1,-102.03900000,-47.55620000,228.99826710,993.01125786,232.36718750,993.62500000
1,2788,12,-10.69480000,49.52770000,107.15999986,285.49683710,107.40625000,288.22656250
1,1357,14,42.59680000,-9.45612000,390.00009910,30.00015609,385.31250000,32.82031250
1,1260,21,69.66320000,16.83790000,138.75047949,872.49869658,136.34375000,869.73437500
1,2076,2,-76.36930000,-15.68760000,199.99988832,376.99842045,197.13281250,378.07031250
1,1801,3,-68.99550000,16.82470000,132.87204910,159.14472880,129.93750000,162.11718750
1,2408,18,44.63480000,26.05000000,845.10705530,242.39986837,848.61718750,240.35156250
1,463,10,-18.77810000,-38.49910000,749.99862731,29.99928494,750.60156250,26.42187500
1,2888,5,-38.60030000,13.74660000,137.69921543,985.40446041,921.17968750,558.32031250
1,1704,8,-42.02370000,-10.84830000,348.99962198,993.00014203,351.94531250,992.98437500
1,174,13,36.31260000,-54.38860000,50.72531243,335.29883777,56.75000000,336.28906250
1,3093,3,-94.54370000,49.70370000,1188.00117437,797.99972080,1188.80468750,793.86718750
1,2994,6,-54.67250000,32.17830000,676.00180172,482.00159581,675.47656250,481.63281250
1,839,4,-63.13700000,-53.67070000,1188.00148311,317.99971249,1185.06250000,313.47656250
1,55,19,60.73440000,-46.20750000,289.00093024,992.99918278,284.75000000,991.93750000
1,1973,3,-67.25890000,16.93600000,140.52201146,105.16963803,139.33593750,109.21875000
1,1436,17,41.14640000,14.69290000,109.99658295,99.33584629,113.96875000,99.76562500
1,1605,15,14.24830000,15.10000000,75.98723019,921.73587045,80.80468750,916.38281250
1,1076,20,89.22240000,17.25770000,1249.00100165,269.99756246,1241.16406250,271.07031250
1,356,13,5.68707000,-47.22220000,228.99796775,993.00024414,229.78125000,987.74218750
1,1529,11,-1.56372000,-20.86090000,1248.99899983,450.00043908,1249.41406250,449.84375000
1,261,17,45.08790000,-19.15280000,1201.41755026,224.89364922,1203.78125000,226.21093750
1,2304,21,75.12790000,40.54570000,875.07206464,660.34940762,872.69531250,661.52343750
1,649,4,-44.68440000,-34.87570000,591.34636176,739.59736229,592.14843750,742.82812500
1,752,2,-68.91550000,-18.80050000,86.55565845,143.47644783,89.06250000,147.79687500
1,2502,15,12.30490000,23.10730000,347.99921617,943.99934011,348.81250000,943.33593750
1,554,11,14.28130000,-19.19060000,1208.34925172,944.70982985,1206.45312500,940.22656250
1,1704,5,-42.02370000,-10.84830000,929.96684227,874.70537110,931.08593750,875.69531250
1,463,7,-18.77810000,-38.49910000,571.87059097,327.01468074,569.86718750,323.49218750
1,2592,15,16.28910000,18.76760000,195.53325815,842.86755018,196.73437500,842.05468750
1,1260,18,69.66320000,16.83790000,1130.13276784,982.79185366,1128.50000000,981.35937500
1,957,1,-102.59200000,-49.29420000,168.99880888,993.00228322,173.67968750,992.57031250
1,2888,6,-38.60030000,13.74660000,1249.00062723,989.99848259,1238.52343750,982.56250000
1,2408,15,44.63480000,26.05000000,450.00058791,30.00048935,447.75781250,31.46093750
1,55,16,60.73440000,-46.20750000,939.60500318,649.00463020,941.46875000,650.04687500
1,2203,21,67.01550000,19.31390000,228.00011907,943.99966613,226.41406250,941.61718750
1,2995,6,-52.39720000,32.17970000,675.99924328,540.00004108,675.48437500,540.32812500
1,2788,9,-10.69480000,49.52770000,1187.99955499,197.99923645,1189.54687500,207.08593750
1,1358,17,42.59540000,-7.59753000,826.67143349,146.33206738,830.79687500,142.68750000
1,1877,3,-67.53390000,15.18910000,80.16542332,105.82594973,82.10937500,111.66406250
1,1076,21,89.22240000,17.25770000,146.64580402,276.06133658,140.67968750,276.81250000
1,3094,3,-100.12400000,48.86750000,1188.00102679,918.00612403,1187.21093750,911.08593750
1,839,1,-63.13700000,-53.67070000,54.31021221,170.04984922,56.51562500,176.17187500
1,1157,19,75.14910000,-18.92250000,1206.45269565,715.56492875,1199.39843750,715.63281250
1,1974,2,-69.12100000,17.06160000,1248.99925819,149.99804535,1244.39062500,151.81250000
1,650,7,-45.08480000,-36.73000000,588.99976710,992.99926374,591.87500000,996.57812500
1,1802,5,-68.99910000,15.11220000,89.99852495,29.99948107,92.92187500,37.36718750
1,2304,18,75.12790000,40.54570000,349.00143492,992.99972723,349.34375000,989.94531250
1,2701,8,-11.44270000,13.60520000,1141.44606385,31.66984597,1136.94531250,35.51562500
1,1436,14,41.14640000,14.69290000,1170.99835423,77.99820182,1162.17968750,78.49218750
1,2077,2,-72.86600000,-11.52040000,332.00210698,267.99993280,328.78906250,267.15625000
1,1605,12,14.24830000,15.10000000,1199.37083912,947.28663188,1198.18750000,941.37500000
1,464,10,-19.21860000,-40.33900000,809.99996068,30.00078110,811.02343750,26.56250000
1,175,16,39.20470000,-54.80910000,1248.99995024,210.00079600,1243.46875000,213.34375000
1,356,10,5.68707000,-47.22220000,976.14370391,624.84536044,983.40625000,625.50000000
1,262,16,41.31850000,-18.94200000,90.99988633,103.99920693,97.99218750,108.50000000
1,753,4,-69.20470000,-20.52200000,150.00027379,30.00122527,151.00781250,39.82031250
1,958,1,-103.17300000,-51.00170000,109.00172284,992.99781158,115.61718750,991.43750000
1,2592,12,16.28910000,18.76760000,1069.00013213,992.99905162,1068.96875000,987.76562500
1,2996,6,-52.35110000,34.59020000,601.99970266,539.99926732,600.22656250,540.19531250
1,1705,8,-42.02220000,-12.67730000,288.99955177,992.99875833,292.64062500,992.35156250
1,1530,10,0.39129600,-20.87180000,147.65428804,511.82207682,144.42968750,513.41406250
1,2409,18,45.00980000,27.89320000,788.34105481,258.03895681,791.46875000,255.67968750
1,1157,20,75.14910000,-18.92250000,91.00260252,703.99972296,87.37500000,704.61718750
1,2203,18,67.01550000,19.31390000,1054.25608205,888.23944062,1054.74218750,888.85156250
1,2889,8,-38.51060000,13.74050000,1138.92562195,879.46011882,1141.73437500,874.81250000
1,555,13,14.20650000,-18.70170000,1178.92491714,916.33943711,1173.07031250,913.48437500
1,1261,17,67.82920000,16.98030000,29.99860485,933.00029126,36.07812500,926.42968750
1,56,19,60.20850000,-47.97360000,229.00189908,993.00002107,225.96093750,990.89062500
1,2502,12,12.30490000,23.10730000,938.47740529,852.25413532,941.82031250,852.07031250
1,1974,6,-69.12100000,17.06160000,1131.91390542,32.07887526,1129.45312500,38.78906250
1,2789,12,-16.48460000,50.16610000,61.83709793,170.93088452,65.09375000,176.75000000
1,1077,20,87.29560000,17.32900000,1248.99904399,330.00003042,1242.27343750,330.15625000
1,1878,5,-67.53990000,11.65090000,211.00014592,78.00151241,210.77343750,80.49218750
1,464,7,-19.21860000,-40.33900000,516.01445495,342.34952511,512.91406250,339.58593750
1,2305,21,75.66150000,42.33530000,930.39231737,645.17398876,928.26562500,645.90625000
1,1358,14,42.59540000,-7.59753000,450.00080413,29.99979897,445.28906250,31.60937500
1,2701,9,-11.44270000,13.60520000,29.99933396,29.99906476,42.71875000,31.28125000
1,3095,3,-101.28700000,48.65540000,1187.99888068,943.99922489,1186.96875000,936.28906250
1,2997,6,-53.84720000,33.74760000,627.99885444,502.99905222,626.54687500,502.90625000
1,262,13,41.31850000,-18.94200000,1169.67393136,71.48352566,1164.32812500,76.96875000
1,840,4,-57.10670000,-54.01920000,1187.99858215,437.99916089,1186.92187500,432.83593750
1,650,4,-45.08480000,-36.73000000,647.61895900,724.07728665,648.77343750,726.73437500
1,2078,2,-72.87230000,3.85748000,812.00078757,268.00211999,813.83593750,264.59375000
1,176,16,42.17830000,-55.16170000,1248.99992579,270.00030380,1244.05468750,272.21093750
1,1802,2,-68.99910000,15.11220000,1181.88072536,145.96379918,1181.53906250,146.67187500
1,1705,5,-42.02220000,-12.67730000,989.10691535,874.68259212,989.67968750,874.70312500
1,959,1,-103.78400000,-52.67610000,49.00375603,992.99505070,57.92187500,990.32031250
1,1158,19,79.03590000,-19.00570000,1206.12890716,595.09369578,1200.53906250,595.68750000
1,753,1,-69.20470000,-20.52200000,1132.07217877,167.76607290,1132.28125000,164.88281250
1,2409,15,45.00980000,27.89320000,509.99829434,29.99940423,507.40625000,30.75000000
1,555,10,14.20650000,-18.70170000,91.00196359,943.99813869,95.90625000,943.25781250
1,357,13,5.13806000,-48.96030000,168.99874678,992.99986009,171.50000000,986.28906250
1,465,10,-19.67900000,-42.16580000,869.99873558,29.99942159,871.18750000,26.82031250
1,1436,18,41.14640000,14.69290000,1209.21158369,95.62556714,1209.19531250,101.58593750
1,2789,9,-16.48460000,50.16610000,1187.99920344,318.00041917,1190.49218750,325.28906250
1,1606,11,10.50900000,15.32010000,91.00200463,823.99927337,94.17187500,822.14843750
1,1261,21,67.82920000,16.98030000,147.70234664,929.46757513,145.96093750,925.37500000
1,2503,15,12.88640000,19.49020000,228.00040521,944.00041397,230.78125000,941.39062500
1,1974,3,-69.12100000,17.06160000,140.60238012,164.00130284,138.65625000,166.78906250
1,2889,5,-38.51060000,13.74050000,137.69530381,988.35854599,138.82031250,983.20312500
1,2593,15,16.60670000,20.54310000,253.15816285,826.98361741,252.85937500,827.26562500
1,1077,21,87.29560000,17.32900000,146.57706065,334.92648113,140.17968750,335.18750000
1,1878,2,-67.53990000,11.65090000,1067.88323547,98.79055810,1067.37500000,98.61718750
1,2204,20,67.54490000,15.79530000,1210.15176256,945.18330300,1203.54687500,940.91406250
1,2998,6,-53.84800000,33.03070000,650.00012706,502.99852336,648.78125000,502.97656250
1,841,4,-50.99640000,-54.05720000,1187.99948498,557.99967961,1188.21875000,552.60156250
1,3096,3,-100.21900000,45.19340000,1068.00135619,944.01166152,1070.33593750,939.33593750
1,2702,11,-11.15720000,15.29620000,89.04535578,150.66334250,91.71875000,153.33593750
1,1802,3,-68.99910000,15.11220000,74.47995514,152.33372900,76.79687500,157.06250000
1,1530,11,0.39129600,-20.87180000,1248.99969030,509.99974869,1250.17968750,509.75781250
1,960,1,-103.98400000,-53.19910000,30.00249001,992.99186320,39.50781250,989.78906250
1,262,17,41.31850000,-18.94200000,1201.43962372,104.66482682,1202.20312500,107.39062500
1,2305,18,75.66150000,42.33530000,289.00097013,992.99960875,290.20312500,988.67187500
1,56,16,60.20850000,-47.97360000,994.78249844,633.68759522,996.41406250,634.31250000
1,651,7,-45.50260000,-38.57950000,529.00016298,993.00010298,531.19531250,996.71875000
1,1359,17,42.59440000,-5.72638000,767.56509193,146.34440121,771.30468750,142.21093750
1,754,4,-69.50460000,-22.27160000,210.00006480,29.99874132,209.03125000,37.89843750
1,1706,8,-42.02040000,-14.48410000,229.00030345,993.00073283,233.76562500,991.60156250
1,177,16,45.22030000,-55.44160000,1249.00058260,329.99973881,1244.89843750,331.41406250
1,1158,20,79.03590000,-19.00570000,91.00145753,584.00208651,86.40625000,585.16406250
1,465,7,-19.67900000,-42.16580000,460.34896859,357.63479752,456.32812500,355.64843750
1,1606,12,10.50900000,15.32010000,1199.34846910,827.00004795,1199.12500000,823.92968750
1,2410,18,45.40110000,29.74410000,731.74839758,273.63013450,734.11718750,271.04687500
1,555,14,14.20650000,-18.70170000,86.28117897,920.49238117,93.41406250,919.78125000
1,2999,6,-53.17410000,33.03100000,649.99962712,519.99882305,648.82031250,519.98437500
1,2079,2,-72.86890000,8.10339000,945.99962261,267.99963945,949.12500000,265.14062500
1,2790,9,-22.48730000,50.51510000,1187.99999958,437.99941799,1190.52343750,444.52343750
1,2503,12,12.88640000,19.49020000,1054.45215644,884.40129457,1056.20312500,882.10937500
1,1975,2,-71.00850000,17.16990000,1248.99868450,209.99848461,1245.79687500,210.60937500
1,2593,12,16.60670000,20.54310000,1008.99903575,993.00097628,1010.36718750,988.96093750
1,357,10,5.13806000,-48.96030000,1030.99605257,609.86976446,1038.46093750,609.81250000
1,1078,20,85.35530000,17.38070000,1249.00128379,390.00197694,1242.95312500,389.75000000
1,1261,18,67.82920000,16.98030000,1130.13751844,923.95224333,1130.32812500,924.12500000
1,842,7,-44.94320000,-53.78240000,43.24974465,888.29295345,47.75781250,889.43750000
1,1436,15,41.14640000,14.69290000,63.12170972,76.29336530,65.91406250,82.71093750
1,1803,5,-69.00230000,13.36820000,149.99948890,29.99770215,150.92187500,35.69531250
1,2889,6,-38.51060000,13.74050000,1248.99945689,993.00160224,1238.32812500,985.42968750
1,961,1,-101.29400000,-53.73600000,30.00091655,932.99993002,37.76562500,931.73437500
1,178,16,48.31550000,-55.64470000,1248.99848001,389.99972078,1245.13281250,390.74218750
1,754,1,-69.50460000,-22.27160000,1074.43165833,183.67184705,1076.10937500,179.96093750
1,3097,3,-99.25130000,41.61760000,948.00049349,944.00020212,952.08593750,941.97656250
1,1879,5,-67.54440000,8.00641000,330.99923001,77.99954238,328.67187500,78.33593750
1,2306,21,76.22170000,44.10080000,985.52492817,630.05088040,983.45312500,630.58593750
1,2702,12,-11.15720000,15.29620000,1197.25973158,152.67623003,1192.57812500,154.25000000
1,466,10,-20.16050000,-43.97580000,930.00052788,30.00016273,931.07031250,27.39062500
1,3000,6,-53.16740000,33.74790000,627.99843088,519.99824117,626.59375000,519.91406250
1,2204,17,67.54490000,15.79530000,72.02418439,923.88382541,73.91406250,917.42187500
1,1359,14,42.59440000,-5.72638000,509.99978270,29.99999765,504.97656250,30.57031250
1,2410,15,45.40110000,29.74410000,570.00130542,29.99847118,567.58593750,30.42187500
1,1159,19,82.94450000,-19.01380000,1205.80543802,474.72370787,1200.67968750,475.21093750
1,1706,5,-42.02040000,-14.48410000,1048.25478398,874.65655728,1103.65625000,39.94531250
1,651,4,-45.50260000,-38.57950000,703.68791722,708.61127303,705.82031250,710.52343750
1,262,14,41.31850000,-18.94200000,75.74966258,72.39086904,78.62500000,82.56250000
1,1607,11,6.68097000,15.47440000,90.99960690,704.00089769,92.56250000,703.43750000
1,2791,9,-28.57870000,50.55490000,1187.99923064,558.00024413,1189.64843750,563.99218750
1,1531,10,2.34637000,-20.86200000,147.65476931,570.69000247,144.64062500,572.36718750
1,2504,14,13.42650000,15.97300000,1215.34077006,945.68288963,1215.62500000,937.22656250
1,2080,2,-88.41280000,8.10651000,945.99991376,747.99835381,950.85156250,749.92187500
1,1975,3,-71.00850000,17.16990000,140.68132304,222.85103646,137.92187500,224.77343750
1,555,11,14.20650000,-18.70170000,1191.24223687,942.31657263,1190.26562500,938.30468750
1,358,13,4.56183000,-50.66800000,109.00079929,993.00052058,113.76562500,984.60937500
1,57,19,59.65620000,-49.71240000,168.99947217,993.00031103,167.38281250,989.51562500
1,2594,15,16.93700000,22.34080000,310.58088094,811.15871134,309.32031250,812.19531250
1,1078,21,85.35530000,17.38070000,146.51234603,393.79565822,139.82812500,393.85156250
1,842,4,-44.94320000,-53.78240000,1187.99933548,677.99911970,1188.82812500,672.16406250
1,1262,17,65.96650000,17.10640000,30.00068521,872.99947511,33.96093750,867.89062500
1,466,7,-20.16050000,-43.97580000,404.86663761,372.86773420,400.20312500,371.64062500
1,3098,3,-98.37180000,37.95460000,827.99959484,943.99981561,832.30468750,943.71875000
1,1803,2,-69.00230000,13.36820000,1122.75472564,145.96211484,1123.82812500,145.69531250
1,962,1,-98.50400000,-54.21680000,29.99994128,872.99884188,36.28906250,873.21875000
1,755,4,-69.81560000,-24.04650000,269.99906892,29.99774980,267.75000000,36.26562500
1,3001,5,-65.45240000,13.61590000,148.93802208,145.27619745,146.54687500,147.64843750
1,2890,8,-38.22590000,15.43160000,1195.97401474,870.47469344,1196.62500000,864.55468750
1,1607,12,6.68097000,15.47440000,1199.32339806,706.73628201,1200.59375000,705.13281250
1,2306,18,76.22170000,44.10080000,228.99987660,992.99863083,231.28906250,987.10156250
1,2702,9,-11.15720000,15.29620000,89.99972082,30.00078219,100.59375000,30.64843750
1,1360,17,42.59380000,-3.84650000,708.45965764,146.35607542,711.57031250,141.84375000
1,2081,2,-88.57280000,8.10284000,945.99977287,752.99943254,951.46875000,754.90625000
1,652,7,-45.93880000,-40.42010000,468.99961301,992.99933094,470.75000000,996.50000000
1,2411,18,45.80960000,31.59830000,675.33791264,289.16974055,676.88281250,286.38281250
1,1707,8,-42.01810000,-16.26560000,169.00157742,992.99921393,175.41406250,990.67187500
1,1159,20,82.94450000,-19.01380000,91.00032511,464.00049882,85.89843750,465.21093750
1,179,16,51.44680000,-55.76820000,1249.00068686,449.99903647,1245.34375000,450.16406250
1,358,10,4.56183000,-50.66800000,1085.64660050,594.94826299,1093.01562500,594.34375000
1,1976,2,-72.91770000,17.26000000,1248.99909097,270.00198582,1246.85156250,269.89843750
1,263,16,42.79770000,-22.27100000,200.00106033,164.00052799,202.12500000,165.06250000
1,1879,2,-67.54440000,8.00641000,948.18000366,98.78724528,949.07031250,96.97656250
1,556,10,10.46280000,-18.92360000,91.00011703,823.99845055,92.83593750,825.28125000
1,2792,9,-34.62300000,50.28340000,1188.00072062,678.00083386,1188.14062500,683.21093750
1,2204,21,67.54490000,15.79530000,107.99816170,943.99994614,110.40625000,939.41406250
1,57,16,59.65620000,-49.71240000,1049.78955786,618.41840853,1050.99218750,618.72656250
1,2504,11,13.42650000,15.97300000,62.71081308,917.28147878,67.74218750,911.98437500
1,1531,11,2.34637000,-20.86200000,1249.00049896,569.99893474,1250.17187500,569.26562500
1,755,1,-69.81560000,-24.04650000,1016.97323451,199.52589244,1019.42968750,195.23437500
1,1804,5,-69.00500000,11.59530000,209.99843854,29.99980832,209.25781250,34.37500000
1,467,10,-20.66460000,-45.76510000,990.00000982,30.00093009,991.19531250,28.13281250
1,843,7,-39.07670000,-53.21080000,89.55779725,772.07225411,89.51562500,775.42968750
1,1262,21,65.96650000,17.10640000,156.87925297,987.88687805,156.89062500,982.04687500
1,3099,3,-97.56870000,34.23500000,708.00111853,943.99971233,711.71093750,944.92187500
1,2703,11,-10.86070000,17.01780000,30.09902505,159.99825453,35.01562500,163.59375000
1,2307,21,76.81050000,45.83890000,1040.46958848,614.97724404,1037.88281250,615.06250000
1,1608,11,2.79596000,15.55700000,91.00105630,583.99973109,91.56250000,583.99218750
1,3001,2,-65.45240000,13.61590000,1138.45141749,30.68751680,1137.12500000,33.75781250
1,1079,20,83.40590000,17.41210000,1249.00052372,450.00169043,1243.43750000,449.47656250
1,1437,14,41.14740000,15.18690000,1188.00068804,78.00081985,1178.45312500,78.73437500
1,2082,2,-88.57500000,-7.27808000,465.99950731,753.00094767,464.70312500,756.98437500
1,963,1,-95.62280000,-54.63550000,30.00018220,813.00051010,34.66406250,814.33593750
1,2594,12,16.93700000,22.34080000,949.00031269,992.99956977,951.22656250,990.09375000
1,2890,9,-38.22590000,15.43160000,85.60264807,876.89604144,85.78906250,868.87500000
1,1160,19,86.83860000,-18.94650000,1205.48182168,354.45909023,1199.99218750,355.08593750
1,359,13,3.95642000,-52.34270000,49.00079830,993.00055519,56.57812500,982.96875000
1,2504,15,13.42650000,15.97300000,107.99842497,943.99828205,114.40625000,939.00000000
1,1707,5,-42.01810000,-16.26560000,1107.41140746,874.63391507,1105.42187500,872.35937500
1,1976,3,-72.91770000,17.26000000,140.76122544,281.71757472,137.48437500,283.17187500
1,1360,14,42.59380000,-3.84650000,569.99910642,30.00086928,564.88281250,29.85937500
1,1880,5,-67.54720000,4.28125000,451.00045245,77.99934285,448.12500000,76.68750000
1,467,7,-20.66460000,-45.76510000,349.57202671,388.04910099,344.00781250,387.70312500
1,756,4,-70.13830000,-25.84370000,329.99999067,29.99950763,326.63281250,34.64843750
1,2204,18,67.54490000,15.79530000,1171.11921068,920.48147875,1167.99218750,918.64843750
1,2411,15,45.80960000,31.59830000,629.99903998,29.99894548,627.66406250,30.32812500
1,180,16,54.59610000,-55.81010000,1249.00246630,510.00068174,1245.28906250,509.71875000
1,1262,18,65.96650000,17.10640000,1130.14504519,865.10862540,1130.93750000,866.18750000
1,3001,3,-65.45240000,13.61590000,29.99873971,29.99950965,37.20312500,39.67187500
1,263,13,42.79770000,-22.27100000,1053.19188405,41.63176963,1050.97656250,45.68750000
1,1804,2,-69.00500000,11.59530000,1063.63324377,145.95665410,1065.62500000,144.69531250
1,2792,6,-34.62300000,50.28340000,54.37056793,885.80852324,58.36718750,878.72656250
1,843,4,-39.07670000,-53.21080000,1188.00204957,797.99844527,1188.21875000,790.93750000
1,652,4,-45.93880000,-40.42010000,759.55534613,693.20242506,762.37500000,694.31250000
1,964,1,-92.66080000,-54.98680000,29.99840349,752.99925932,33.53125000,755.21093750
1,1437,18,41.14740000,15.18690000,1192.12877108,97.90788429,1192.76562500,103.42187500
1,1608,12,2.79596000,15.55700000,1199.30222641,586.49088368,1201.03125000,585.59375000
1,1532,10,4.29700000,-20.83150000,147.65222216,629.56285892,145.07031250,631.66406250
1,2307,18,76.81050000,45.83890000,168.99847709,992.99981464,173.09375000,985.54687500
1,556,11,10.46280000,-18.92360000,1191.23602056,822.30092540,1192.22656250,820.68750000
1,2083,2,-88.57050000,-11.52400000,331.99967780,752.99976482,330.18750000,756.60937500
1,2703,12,-10.86070000,17.01780000,1139.30448055,168.64595495,1136.78125000,169.02343750
1,1160,20,86.83860000,-18.94650000,90.99873022,343.99918216,86.65625000,345.63281250
1,2890,6,-38.22590000,15.43160000,1189.00115694,993.00083878,1181.26562500,986.85156250
1,1079,21,83.40590000,17.41210000,146.44473248,452.66680897,139.60156250,452.76562500
1,3100,3,-96.83250000,30.49150000,588.00003579,944.00144186,590.85937500,945.51562500
1,3002,5,-65.16830000,15.30710000,92.04282310,154.26192211,91.18750000,157.36718750
1,359,10,3.95642000,-52.34270000,1140.10001803,580.08119078,1146.78125000,578.91406250
1,58,19,59.07560000,-51.42070000,109.00061271,992.99973495,109.34375000,988.19531250
1,2504,12,13.42650000,15.97300000,1171.22167598,916.77202898,1169.60156250,911.39843750
1,756,1,-70.13830000,-25.84370000,959.69317791,215.32800491,962.81250000,210.63281250
1,1805,5,-69.00740000,9.79608000,270.00052205,29.99891294,267.81250000,32.94531250
1,1880,2,-67.54720000,4.28125000,828.48328779,98.78214604,829.30468750,95.93750000
1,965,1,-89.63120000,-55.26570000,30.00075359,693.00058902,32.57031250,695.82031250
1,468,10,-21.19300000,-47.53030000,1050.00136612,30.00002029,1050.57812500,28.82031250
1,1263,17,64.07860000,17.21530000,29.99882459,813.00126239,33.46875000,809.19531250
1,844,7,-33.50370000,-52.37340000,133.56069081,661.65014543,130.55468750,665.63281250
1,1977,2,-74.84440000,17.33110000,1249.00175482,330.00011191,1248.06250000,329.35156250
1,2308,21,77.42980000,47.54650000,1095.22408768,599.95612305,1091.81250000,599.83593750
1,1437,15,41.14740000,15.18690000,80.27647728,78.70534737,82.31250000,84.61718750
1,2793,9,-40.49060000,49.71620000,1188.00075321,797.99936829,1185.49218750,801.66406250
1,1532,11,4.29700000,-20.83150000,1248.99817025,629.99925121,1249.90625000,629.13281250
1,1708,4,-42.01550000,-18.01900000,53.84381535,874.66504707,61.66406250,875.67968750
1,557,10,6.63007000,-19.07870000,90.99975000,703.99984934,90.90625000,705.99218750
1,1361,17,42.59370000,-1.96185000,649.35368485,146.37021840,651.48437500,141.64062500
1,1609,11,-1.11096000,15.56490000,91.00031443,464.00045285,91.17187500,464.21093750
1,2412,18,46.23650000,33.45190000,619.10132793,304.66149252,619.79687500,301.94531250
1,2595,15,17.28090000,24.15750000,367.80711745,795.38752628,365.96875000,796.96875000
1,1161,19,90.68280000,-18.80630000,1205.16168281,234.30034157,1198.31250000,235.78906250
1,181,16,57.74420000,-55.76970000,1249.00201724,569.99942468,1245.14062500,569.37500000
1,2084,2,-73.02590000,-11.52420000,331.99921975,272.99950512,328.42968750,272.17968750
1,653,7,-46.39470000,-42.24770000,408.99979746,992.99903374,410.71875000,996.27343750
1,264,16,41.83040000,-29.64210000,440.00130520,163.99929726,439.86718750,162.53125000
1,2703,9,-10.86070000,17.01780000,149.99979744,30.00076350,158.58593750,29.92968750
1,2205,20,67.61690000,15.30630000,1193.03220375,942.80326601,1186.90625000,939.05468750
1,3101,3,-96.15500000,26.75790000,467.99794646,943.99975546,470.38281250,945.42968750
1,966,1,-86.54890000,-55.46840000,30.00215642,633.00048333,31.88281250,636.24218750
1,3002,6,-65.16830000,15.30710000,1201.60492632,149.76901426,1196.22656250,154.48437500
1,360,13,3.75830000,-52.86580000,29.99866776,992.99951063,38.58593750,982.44531250
1,1805,2,-69.00740000,9.79608000,1004.51039089,145.95410054,1007.22656250,143.98437500
1,2505,14,13.49980000,15.48420000,1198.19443938,943.26410877,1199.05468750,935.39843750
1,757,4,-70.47350000,-27.65970000,389.99854697,29.99947057,385.96093750,33.29687500
1,1263,18,64.07860000,17.21530000,1130.14878796,806.26501242,1132.78906250,808.20312500
1,2891,9,-37.93020000,17.15340000,143.53272252,860.89342472,141.90625000,854.65625000
1,2793,6,-40.49060000,49.71620000,100.34286078,769.84505019,100.44531250,766.13281250
1,1080,20,81.45180000,17.42300000,1249.00021017,510.00134319,1243.67968750,509.14062500
1,58,16,59.07560000,-51.42070000,1104.62074531,603.19888367,1104.92187500,603.08593750
1,1438,14,37.40730000,15.40850000,1187.99877008,197.99985781,1182.87500000,195.96875000
1,844,4,-33.50370000,-52.37340000,1187.99962427,917.99922180,1186.78906250,908.72656250
1,2085,2,-75.99180000,-7.66278000,454.99955448,364.99966375,452.34375000,363.58593750
1,1609,12,-1.11096000,15.56490000,1199.27889398,466.26817374,1200.41406250,465.57812500
1,182,16,60.87240000,-55.64760000,1248.99906295,629.99910297,1244.75000000,628.84375000
1,468,7,-21.19300000,-47.53030000,294.46088911,403.18171087,288.60156250,403.66406250
1,2308,18,77.42980000,47.54650000,109.00110828,993.00064436,115.30468750,983.69531250
1,1881,5,-67.54830000,0.50512700,570.99961160,77.99947021,568.90625000,75.67968750
1,1361,14,42.59370000,-1.96185000,630.00020462,29.99919021,625.11718750,29.23437500
1,1977,3,-74.84440000,17.33110000,140.84330780,340.59265920,137.26562500,341.82031250
1,557,11,6.63007000,-19.07870000,1191.23131747,702.27141845,1193.89843750,701.76562500
1,360,10,3.75830000,-52.86580000,1157.30454407,575.38496205,1163.75000000,574.05468750
1,2595,12,17.28090000,24.15750000,888.99842940,992.99860101,891.79687500,991.14843750
1,3102,3,-95.52960000,23.06730000,348.00210826,943.99906089,350.70312500,944.47656250
1,757,1,-70.47350000,-27.65970000,902.59553345,231.08155732,905.67187500,226.19531250
1,3002,3,-65.16830000,15.30710000,89.99845284,30.00073777,95.04687500,38.44531250
1,1533,10,6.23871000,-20.78080000,147.65353145,688.44055765,145.62500000,690.67968750
1,1161,20,90.68280000,-18.80630000,91.00027849,223.99906317,87.80468750,226.88281250
1,264,13,41.83040000,-29.64210000,817.97449272,107.19051496,819.07031250,106.21093750
1,1806,5,-69.00930000,7.97375000,330.00023791,30.00133753,328.34375000,31.74218750
1,967,1,-83.43080000,-55.59200000,29.99978402,573.00080151,31.35937500,576.52343750
1,1708,8,-42.01550000,-18.01900000,109.00162706,993.00051209,117.21875000,989.60937500
1,2794,9,-46.07390000,48.88430000,1188.00091740,917.99896448,1182.10937500,919.00000000
1,2412,15,46.23650000,33.45190000,689.99974493,29.99936238,687.81250000,30.28906250
1,2505,11,13.49980000,15.48420000,79.46540800,919.68344786,83.91406250,914.71093750
1,653,4,-46.39470000,-42.24770000,815.22023165,677.84898393,818.42968750,678.19531250
1,2704,12,-10.55260000,18.76750000,1081.54649553,184.56260495,1080.72656250,183.99218750
1,845,7,-32.34280000,-52.16090000,142.80650826,638.44644130,139.30468750,642.32031250
1,2086,2,-75.99350000,4.24402000,823.00013364,364.99989982,825.69531250,362.43750000
1,1264,17,62.16900000,17.30580000,30.00142255,753.00067029,32.00000000,749.95312500
1,1080,21,81.45180000,17.42300000,146.37753570,511.54223833,139.50000000,511.49218750
1,1438,15,37.40730000,15.40850000,80.34793051,198.88126038,81.11718750,201.82031250
1,2205,17,67.61690000,15.30630000,88.74925317,926.25323962,90.20312500,920.29687500
1,469,10,-21.74730000,-49.26800000,1109.99940636,29.99977167,1109.53906250,29.82031250
1,1610,11,-5.00378000,15.49770000,91.00056374,343.99975629,91.94531250,344.64843750
1,361,13,6.42932000,-53.40170000,30.00158374,933.00062796,37.18750000,924.71875000
1,1806,2,-69.00930000,7.97375000,945.39221571,145.94831897,946.97656250,143.35156250
1,3003,5,-64.87320000,17.02900000,33.15734744,163.56473666,34.58593750,167.66406250
1,968,1,-80.29490000,-55.63450000,29.99878956,513.00097512,31.13281250,516.67187500
1,2596,15,17.63920000,25.98940000,424.83139021,779.67066194,423.03906250,781.67187500
1,59,19,58.46440000,-53.09590000,49.00058448,993.00032100,51.77343750,986.61718750
1,758,4,-70.82190000,-29.49110000,450.00099781,29.99968362,445.42187500,32.10937500
1,183,16,63.96250000,-55.44580000,1248.99954257,689.99912842,1244.18750000,688.22656250
1,2704,9,-10.55260000,18.76750000,209.99918264,29.99944508,217.21093750,29.20312500
1,1362,17,42.59390000,-0.07659910,590.25040233,146.38039690,591.73437500,141.57812500
1,3103,3,-94.95040000,19.44980000,228.00026024,943.99799167,232.26562500,943.07031250
1,1162,19,94.44440000,-18.59860000,1204.83984071,114.24753440,1196.10937500,117.52343750
1,1708,5,-42.01550000,-18.01900000,1166.57782350,874.60854070,1098.49218750,47.50000000
1,2309,21,78.08180000,49.22110000,1149.79630488,584.98755906,1145.40625000,584.60937500
1,2891,6,-37.93020000,17.15340000,1128.99980481,993.00073612,1123.41406250,988.31250000
1,1978,2,-76.78470000,17.38230000,1248.99824163,390.00105790,1248.77343750,388.92968750
1,1881,2,-67.54830000,0.50512700,708.79708699,98.77669600,708.56250000,95.63281250
1,2505,15,13.49980000,15.48420000,91.00004056,944.00134672,98.03125000,938.65625000
1,1264,18,62.16900000,17.30580000,1130.15682901,747.41736967,1133.26562500,749.65625000
1,2794,6,-46.07390000,48.88430000,144.04117138,659.61728659,141.65625000,657.65625000
1,654,7,-46.87170000,-44.05840000,349.00034981,993.00055560,350.99218750,995.87500000
1,845,4,-32.34280000,-52.16090000,1187.99987425,944.00048035,1186.37500000,933.96875000
1,2087,2,-85.45380000,4.24335000,823.00036734,655.99989775,827.04687500,657.82812500
1,558,10,2.74023000,-19.16120000,91.00005907,583.99934670,89.63281250,586.04687500
1,2413,18,46.68290000,35.30070000,563.03879184,320.10340827,562.95312500,317.42968750
1,265,16,40.69320000,-37.22230000,680.00034102,163.99849404,681.84375000,161.94531250
1,969,1,-77.15990000,-55.59520000,30.00102544,453.00117959,30.92187500,456.85937500
1,1439,14,33.57800000,15.56400000,1187.99997864,317.99997563,1185.53906250,314.53906250
1,361,10,6.42932000,-53.40170000,1178.62310290,627.86428640,1184.58593750,626.53906250
1,1807,5,-69.01090000,6.13153000,389.99994098,30.00025293,387.78906250,30.73437500
1,1533,11,6.23871000,-20.78080000,1248.99985622,690.00083528,1249.39062500,688.67968750
1,469,7,-21.74730000,-49.26800000,239.53634571,418.26244213,233.75781250,419.57812500
1,1610,12,-5.00378000,15.49770000,1199.25659455,346.06491621,1199.21093750,345.80468750
1,758,1,-70.82190000,-29.49110000,845.67313648,246.78650683,848.63281250,241.76562500
1,1709,4,-42.01250000,-19.74180000,112.99379533,867.71350014,118.48437500,869.60937500
1,3003,6,-64.87320000,17.02900000,1143.54769703,165.78468239,1140.59375000,168.81250000
1,1081,20,79.49760000,17.41330000,1249.00049552,569.99893455,1243.70312500,568.90625000
1,1162,20,94.44440000,-18.59860000,90.99981678,104.00003461,89.99218750,109.26562500
1,2705,12,-10.23240000,20.54260000,1023.98133465,200.42204378,1024.55468750,199.12500000
1,1362,14,42.59390000,-0.07659910,689.99983017,30.00158945,685.20312500,28.75000000
1,3104,2,-94.41260000,15.93240000,1214.51984402,939.26386578,1216.81250000,935.50781250
1,2309,18,78.08180000,49.22110000,49.00107687,992.99882997,57.67187500,981.82031250
1,1978,3,-76.78470000,17.38230000,140.91944821,399.48390536,137.14843750,400.45312500
1,970,1,-74.04440000,-55.47490000,29.99924055,393.00054297,30.90625000,397.04687500
1,2205,21,67.61690000,15.30630000,90.99906326,943.99906087,93.89843750,939.02343750
1,1439,15,33.57800000,15.56400000,80.42249379,319.06746554,79.61718750,320.32031250
1,2795,9,-47.23810000,48.67300000,1187.99900413,944.00089320,1181.46875000,944.23437500
1,1265,17,60.24170000,17.37730000,30.00037999,692.99982905,31.47656250,690.48437500
1,2088,2,-85.45230000,-7.66455000,455.00002657,655.99910603,453.17187500,658.91406250
1,2505,12,13.49980000,15.48420000,1187.82719743,921.37198034,1185.52343750,915.49218750
1,558,11,2.74023000,-19.16120000,1191.22732440,582.22486634,1194.57812500,582.05468750
1,2596,12,17.63920000,25.98940000,829.00000297,992.99899813,831.96093750,991.82031250
1,362,13,9.19843000,-53.88230000,30.00011756,873.00027709,36.21875000,866.60156250
1,1882,5,-67.54770000,-3.28992000,690.99991713,77.99915795,689.06250000,75.61718750
1,265,13,40.69320000,-37.22230000,585.55847807,171.96794186,585.20312500,169.54687500
1,1807,2,-69.01090000,6.13153000,886.27581856,145.94593712,887.81250000,142.82031250
1,1611,11,-8.84711000,15.35800000,91.00160332,223.99906015,93.27343750,226.05468750
1,3003,3,-64.87320000,17.02900000,150.00116121,29.99922729,152.82031250,36.79687500
1,1709,8,-42.01250000,-19.74180000,48.99920709,993.00101958,59.37500000,988.46875000
1,654,4,-46.87170000,-44.05840000,870.68359305,662.54936527,874.15625000,661.94531250
1,759,4,-71.18430000,-31.33390000,510.00104498,29.99874654,505.50781250,31.02343750
1,184,16,66.99760000,-55.16720000,1249.00111488,749.99905782,1243.19531250,747.45312500
1,2413,15,46.68290000,35.30070000,750.00183535,30.00171005,747.88281250,30.42968750
1,2892,9,-37.62290000,18.90330000,201.26971436,844.94347141,198.20312500,840.36718750
1,1163,20,92.56950000,-15.47280000,199.99949025,164.00133771,194.40625000,165.41406250
1,2705,9,-10.23240000,20.54260000,270.00052089,30.00224236,275.89843750,28.51562500
1,3104,3,-94.41260000,15.93240000,108.00164138,944.00000192,115.75000000,941.07031250
1,971,1,-70.96640000,-55.27520000,30.00026016,332.99920994,31.14062500,337.46093750
1,846,7,-33.49870000,-48.69940000,253.58590981,669.21695860,249.21875000,673.25000000
1,59,16,58.46440000,-53.09590000,1159.28051957,588.02582060,1158.31250000,587.65625000
1,470,10,-22.32950000,-50.97530000,1169.99792474,29.99858158,1168.15625000,30.78125000
1,1081,21,79.49760000,17.41330000,146.31090475,570.41995581,139.72656250,570.39062500
1,2310,21,78.29560000,49.74410000,1167.03913353,580.25582700,1162.00781250,579.79687500
1,1363,17,42.59470000,1.80524000,531.14789667,146.39622965,531.71093750,141.61718750
1,1979,2,-78.73410000,17.41350000,1249.00215839,450.00002983,1249.46093750,448.80468750
1,1265,18,60.24170000,17.37730000,1130.16137553,688.56707840,1134.39843750,690.88281250
1,362,10,9.19843000,-53.88230000,1200.47249287,681.63923437,1205.50781250,680.31250000
1,1440,14,29.69150000,15.64750000,1187.99970312,437.99863783,1187.88281250,434.09375000
1,559,10,-1.17157000,-19.16780000,90.99789679,464.00010290,89.07031250,465.67187500
1,1882,2,-67.54770000,-3.28992000,589.11817752,98.77165705,588.24218750,95.96875000
1,2795,6,-47.23810000,48.67300000,153.22822201,636.44821764,150.29687500,634.67187500
1,3004,6,-64.56670000,18.77890000,1085.70117354,181.73936994,1084.42968750,183.48437500
1,2597,15,18.01280000,27.83280000,481.65786790,764.00664638,479.96875000,766.37500000
1,1808,5,-69.01210000,4.27295000,450.00001405,29.99875910,447.46875000,30.06250000
1,2706,12,-9.89911000,22.33980000,966.61558910,216.23237525,967.73437500,214.34375000
1,2089,2,-78.36290000,-4.70233000,547.00033518,438.00108486,545.64843750,437.28125000
1,1534,10,8.16705000,-20.71020000,147.65251210,747.32056436,146.43750000,749.57031250
1,266,16,39.33580000,-44.74380000,920.00185356,163.99965117,922.63281250,163.41406250
1,1709,5,-42.01250000,-19.74180000,1225.75567291,874.58393471,1219.81250000,869.44531250
1,2205,18,67.61690000,15.30630000,1187.73836440,925.06757304,1184.22656250,922.86718750
1,3105,2,-94.33950000,15.44350000,1197.38958620,936.85446524,252.95312500,15.62500000
1,1164,20,92.56050000,-8.04651000,439.99981561,163.99998536,432.41406250,161.97656250
1,972,1,-67.94270000,-54.99910000,30.00191359,272.99930106,31.59375000,278.08593750
1,2506,14,17.24740000,15.71110000,1198.26796674,823.10504802,1200.50781250,817.76562500
1,759,1,-71.18430000,-31.33390000,788.93143008,262.44272775,791.05468750,257.59375000
1,470,7,-22.32950000,-50.97530000,184.79451566,433.29390786,179.45312500,435.29687500
1,1611,12,-8.84711000,15.35800000,1199.23512612,225.88242728,1197.01562500,226.95312500
1,846,4,-33.49870000,-48.69940000,1067.99937428,943.99992473,1070.21093750,937.81250000
1,1082,20,77.54770000,17.38310000,1249.00159068,629.99867269,1243.66406250,628.69531250
1,1979,3,-78.73410000,17.41350000,141.00276099,458.38719437,137.32812500,459.48437500
1,655,7,-47.37110000,-45.84860000,288.99828393,992.99909930,291.15625000,995.17968750
1,2310,18,78.29560000,49.74410000,29.99998654,993.00055522,39.81250000,981.32031250
1,2892,6,-37.62290000,18.90330000,1068.99933139,993.00131822,1065.14843750,989.57812500
1,2414,18,47.15030000,37.14040000,507.15527277,335.50075843,506.17968750,332.89062500
1,185,19,69.96260000,-54.81570000,50.32394570,750.10202411,47.75781250,749.23437500
1,2796,9,-46.17510000,45.21030000,1068.00203337,943.99975546,1064.88281250,945.75000000
1,559,11,-1.17157000,-19.16780000,1191.22089127,462.16439611,1194.15625000,462.02343750
1,363,13,12.05760000,-54.30160000,30.00135000,812.99886193,35.32031250,808.12500000
1,1440,15,29.69150000,15.64750000,80.49553851,439.26095120,79.65625000,439.75781250
1,3004,3,-64.56670000,18.77890000,209.99902605,30.00059260,211.10937500,35.30468750
1,2597,12,18.01280000,27.83280000,769.00162210,993.00109700,772.11718750,992.33593750
1,2706,9,-9.89911000,22.33980000,329.99770691,29.99912453,335.14843750,28.17187500
1,60,19,58.26410000,-53.61910000,29.99968742,993.00051417,33.44531250,986.19531250
1,1266,17,58.30090000,17.42900000,30.00020066,632.99981079,32.36718750,630.91406250
1,3105,3,-94.33950000,15.44350000,91.00093763,944.00052990,99.59375000,940.64843750
1,973,4,-64.98820000,-54.65060000,1226.82090946,284.69901817,1221.93750000,280.79687500
1,1363,14,42.59470000,1.80524000,750.00001872,29.99815483,745.32812500,28.60156250
1,1808,2,-69.01210000,4.27295000,827.16112870,145.94394619,828.54687500,142.50781250
1,2090,2,-78.36370000,1.28259000,731.00000468,438.00037566,732.92968750,436.75781250
1,266,13,39.33580000,-44.74380000,355.89002914,235.97747635,354.35156250,234.36718750
1,471,10,-22.94150000,-52.64960000,1229.99954401,30.00120525,1226.33593750,31.89062500
1,1534,11,8.16705000,-20.71020000,1248.99913174,750.00084456,1248.74218750,748.09375000
1,1612,11,-12.60820000,15.15110000,91.00091283,103.99995818,95.52343750,108.61718750
1,2506,15,17.24740000,15.71110000,90.99989976,824.00166160,95.21875000,821.83593750
1,2206,20,71.36130000,15.52410000,1192.89296138,822.73962567,1188.64062500,821.28906250
1,1883,5,-67.54530000,-7.07074000,811.00013080,78.00161449,809.65625000,75.88281250
1,760,4,-71.56150000,-33.18420000,570.00057639,29.99850293,565.57812500,30.17187500
1,2414,15,47.15030000,37.14040000,810.00105560,29.99918632,807.90625000,30.88281250
1,1082,21,77.54770000,17.38310000,146.24503816,629.30405047,140.26562500,629.23437500
1,1980,2,-80.68820000,17.42400000,1248.99970293,509.99916316,1250.14843750,508.75000000
1,655,4,-47.37110000,-45.84860000,925.95068822,647.30677948,929.82812500,645.86718750
1,1165,20,92.55830000,-0.40087900,680.00030460,164.00048477,674.35156250,160.74218750
1,1710,4,-42.01140000,-20.28060000,131.25733862,865.56940051,135.85937500,867.66406250
1,2893,9,-37.30340000,20.67850000,258.81457955,829.04777821,254.89843750,826.02343750
1,2796,6,-46.17510000,45.21030000,263.73681808,667.10703953,259.35937500,666.38281250
1,3005,6,-64.24800000,20.55420000,1028.05800327,197.63868393,1028.28125000,198.33593750
1,973,1,-64.98820000,-54.65060000,30.00179948,213.00085189,32.39062500,218.96093750
1,1266,18,58.30090000,17.42900000,1130.16676094,629.71556428,1136.34375000,632.13281250
1,2311,21,75.62480000,50.28060000,1188.56634815,632.80333067,1182.79687500,631.73437500
1,2707,12,-9.55225000,24.15610000,909.43622605,231.98685729,910.85937500,229.57031250
1,60,16,58.26410000,-53.61910000,1176.55450583,583.23071057,1175.10156250,582.82812500
1,2598,15,18.40250000,29.68380000,538.28982235,748.39868270,536.98437500,750.85156250
1,363,10,12.05760000,-54.30160000,1222.86584033,736.75988070,1226.74218750,735.01562500
1,847,7,-34.54020000,-45.12400000,365.07630549,700.18384552,361.50781250,704.50000000
1,267,16,38.28820000,-49.53560000,1078.00049317,164.00044668,1077.96093750,165.43750000
1,1809,5,-69.01280000,2.40173000,510.00105371,29.99999543,507.32031250,29.37500000
1,1441,14,25.78260000,15.65580000,1187.99835419,558.00051502,1188.86718750,553.89062500
1,2091,2,-83.11820000,1.28204000,730.99994668,583.99987119,733.53125000,585.11718750
1,560,10,-5.06915000,-19.09840000,90.99973440,343.99994397,89.83593750,345.53906250
1,2507,14,21.08420000,15.87050000,1198.33954118,702.92912252,1201.14843750,699.07812500
1,3106,2,-90.59260000,15.66860000,1197.54060182,816.87097501,1201.95312500,815.65625000
1,185,16,69.96260000,-54.81570000,1249.00109348,809.99851667,1242.22656250,806.39843750
1,760,1,-71.56150000,-33.18420000,732.36738995,278.04924170,733.71093750,273.61718750
1,1612,8,-12.60820000,15.15110000,1191.82605155,69.98785482,1186.06250000,73.06250000
1,2797,9,-45.21300000,41.63360000,947.99895789,943.99960387,946.50781250,946.64843750
1,2415,18,47.63980000,38.96710000,451.44509308,350.84705651,449.71093750,348.40625000
1,1166,20,92.56310000,7.19916000,919.99917833,164.00028225,915.97656250,161.89843750
1,2206,21,71.36130000,15.52410000,91.00058603,824.00173345,90.82031250,822.21093750
1,471,7,-22.94150000,-52.64960000,130.23047673,448.27288096,125.89843750,450.89843750
1,3005,3,-64.24800000,20.55420000,269.99906972,30.00123194,269.68750000,33.69531250
1,1083,20,75.60660000,17.33260000,1249.00037849,689.99984685,1243.35156250,688.14843750
1,656,7,-47.89470000,-47.61460000,228.99843161,993.00079956,232.00781250,994.38281250
1,1980,3,-80.68820000,17.42400000,141.07993909,517.30423175,137.62500000,518.52343750
1,1535,10,10.07790000,-20.62050000,147.65381758,806.20430442,147.40625000,808.28906250
1,1267,17,56.35100000,17.46040000,30.00114730,573.00220354,31.74218750,571.17187500
1,974,4,-62.11550000,-54.23440000,1204.26295044,339.86293089,1201.07812500,335.26562500
1,2893,6,-37.30340000,20.67850000,1009.00006272,993.00070780,1006.39062500,990.60156250
1,847,4,-34.54020000,-45.12400000,948.00149308,944.00051675,951.95312500,941.04687500
1,1364,17,42.59580000,3.67963000,472.04630246,146.40817090,472.07812500,141.82031250
1,61,19,60.98170000,-54.15250000,29.99819716,932.99944329,32.06250000,928.21875000
1,2598,12,18.40250000,29.68380000,709.00186931,993.00072172,712.10156250,992.69531250
1,560,11,-5.06915000,-19.09840000,1191.21849613,342.08776274,1193.32031250,342.13281250
1,2707,9,-9.55225000,24.15610000,390.00139594,30.00054961,394.76562500,28.09375000
1,1441,15,25.78260000,15.65580000,80.56747906,559.46656682,79.54687500,559.33593750
1,2507,15,21.08420000,15.87050000,90.99776923,703.99984688,93.10156250,703.75781250
1,1809,2,-69.01280000,2.40173000,768.04767922,145.93929932,769.02343750,142.23437500
1,2092,2,-83.11740000,-4.70300000,547.00093447,583.99888935,546.38281250,585.65625000
1,3106,3,-90.59260000,15.66860000,91.00170720,823.99995021,96.25000000,823.59375000
1,761,4,-71.95440000,-35.03800000,630.00204660,29.99997302,625.57031250,29.41406250
1,472,10,-23.14200000,-53.17250000,1249.00105263,29.99999440,1244.81250000,32.37500000
1,1883,2,-67.54530000,-7.07074000,469.44769191,98.76383813,467.57812500,97.04687500
1,3006,6,-63.91640000,22.35170000,970.62087154,213.48239845,971.56250000,213.25781250
1,2311,18,75.62480000,50.28060000,30.00159172,933.00029190,38.27343750,923.48437500
1,267,13,38.28820000,-49.53560000,206.17168011,277.70450985,206.78125000,277.45312500
1,1710,8,-42.01140000,-20.28060000,29.99832658,992.99876561,41.41406250,988.11718750
1,2797,6,-45.21300000,41.63360000,375.03359631,697.98357246,370.65625000,698.35937500
1,1612,12,-12.60820000,15.15110000,1199.21195911,105.72253769,1194.21875000,109.22656250
1,186,19,72.84470000,-54.39610000,73.11452432,694.86930555,69.14062500,694.76562500
1,2415,15,47.63980000,38.96710000,870.00022825,30.00004039,867.75000000,31.43750000
1,364,13,14.99620000,-54.65440000,29.99880333,753.00019567,34.32031250,749.38281250
1,974,1,-62.11550000,-54.23440000,30.00107990,152.99986279,33.64062500,160.05468750
1,1167,20,92.56990000,12.05210000,1078.00148045,164.00227991,1073.49218750,163.82812500
1,1267,18,56.35100000,17.46040000,1130.17323799,570.86434136,1136.48437500,573.08593750
1,1981,2,-82.64250000,17.41390000,1248.99791318,569.99954406,1250.27343750,568.62500000
1,2207,20,75.19450000,15.67500000,1192.75112626,702.66263976,1189.99218750,702.38281250
1,1535,11,10.07790000,-20.62050000,1249.00083055,810.00105316,1247.90625000,807.27343750
1,656,4,-47.89470000,-47.61460000,981.01627164,632.11672039,984.90625000,629.80468750
1,2508,14,24.97790000,15.95670000,1198.41544182,582.74166910,1201.14062500,579.27343750
1,61,16,60.98170000,-54.15250000,1198.37962337,635.80152570,1195.78906250,634.94531250
1,848,7,-35.48270000,-41.46130000,477.29021014,731.35337582,475.45312500,735.91406250
1,472,7,-23.14200000,-53.17250000,112.98945315,453.00786554,108.85937500,455.83593750
1,2708,12,-9.19086000,25.98750000,852.45548870,247.68881047,853.82812500,245.05468750
1,1083,21,75.60660000,17.33260000,146.17693470,688.19395167,140.91406250,687.77343750
1,2894,9,-36.97090000,22.47600000,316.17088166,813.20305153,311.74218750,811.50000000
1,3006,3,-63.91640000,22.35170000,329.99749265,30.00062016,329.05468750,32.44531250
1,1442,14,21.88760000,15.58870000,1188.00039067,678.00159846,1190.15625000,673.45312500
1,2093,2,-79.79600000,-2.91541000,601.99993944,482.00130073,601.77343750,481.85156250
1,975,4,-59.33530000,-53.75590000,1182.25607129,393.67724274,1180.85937500,388.81250000
1,1612,9,-12.60820000,15.15110000,81.28418220,76.25444507,89.82812500,74.67968750
1,561,10,-8.91699000,-18.95550000,91.00048160,224.00039418,91.28125000,226.42968750
1,2599,15,18.80940000,31.53830000,594.72741162,732.84398264,594.03125000,735.24218750
1,761,1,-71.95440000,-35.03800000,675.97760561,293.60599417,676.59375000,289.48437500
1,1884,5,-67.54130000,-10.80490000,930.99859409,78.00100901,929.10156250,76.98437500
1,2798,9,-44.33830000,37.97000000,828.00095151,944.00025445,826.64062500,946.98437500
1,1810,5,-69.01310000,0.52185100,570.00019678,30.00054450,567.75000000,28.89062500
1,1268,17,54.39620000,17.47130000,29.99976979,512.99859184,31.79687500,511.18750000
1,1168,20,84.89010000,12.28270000,1077.99990143,404.00144899,1075.98437500,402.88281250
1,2416,18,48.15310000,40.77690000,395.90765441,366.14725395,393.74218750,363.92968750
1,186,16,72.84470000,-54.39610000,1248.99944152,869.99957899,1240.79687500,865.08593750
1,1981,3,-82.64250000,17.41390000,141.15777076,576.23630469,138.17187500,577.58593750
1,2312,21,72.85370000,50.76120000,1210.63516677,686.66373843,1203.91406250,684.82812500
1,364,10,14.99620000,-54.65440000,1245.82847962,793.27200281,1248.45312500,790.84375000
1,2207,21,75.19450000,15.67500000,90.99950228,703.99829719,88.74218750,703.85156250
1,1364,14,42.59580000,3.67963000,810.00047228,29.99872378,805.27343750,28.60156250
1,473,10,-20.45360000,-53.71030000,1249.00136340,90.00072913,1246.48437500,90.60937500
1,657,7,-48.44400000,-49.35320000,169.00028502,992.99965477,173.31250000,993.45312500
1,2508,15,24.97790000,15.95670000,90.99990967,584.00085205,91.88281250,584.60156250
1,1710,5,-42.01140000,-20.28060000,1244.49766553,874.57848696,1237.46875000,869.03906250
1,975,1,-59.33530000,-53.75590000,30.00115080,93.00109374,34.64843750,101.53906250
1,268,16,49.42940000,-50.58150000,1078.00106280,403.99873540,1080.90625000,403.82031250
1,848,4,-35.48270000,-41.46130000,827.99925734,943.99943575,832.38281250,943.44531250
1,3007,6,-63.57120000,24.16820000,913.38359174,229.26974508,914.78125000,228.35156250
1,62,19,63.80020000,-54.62850000,30.00027994,873.00131488,30.85156250,869.79687500
1,1442,15,21.88760000,15.58870000,80.64278702,679.68018026,81.71875000,678.66406250
1,1536,13,11.96730000,-20.51240000,1111.49057057,978.88781562,1106.57031250,975.90625000
1,3107,3,-86.75670000,15.82640000,91.00247199,703.99996273,93.83593750,705.14843750
1,2094,2,-79.79630000,-0.50482200,676.00010025,482.00053857,677.20312500,481.59375000
1,1169,20,77.08270000,12.27010000,1078.00040178,643.99990713,1076.83593750,643.92187500
1,1884,2,-67.54130000,-10.80490000,349.78746173,98.75903898,348.00781250,98.69531250
1,762,4,-72.36410000,-36.89100000,690.00120667,29.99950153,685.67187500,29.02343750
1,561,11,-8.91699000,-18.95550000,1191.21504304,221.99649578,1191.55468750,223.27343750
1,2798,6,-44.33830000,37.97000000,487.11642095,729.07739754,483.79687500,730.44531250
1,1982,2,-84.59240000,17.38340000,1249.00037164,629.99925341,1250.22656250,628.44531250
1,1711,7,-40.17600000,-20.42330000,1131.36764804,934.92401785,1134.26562500,930.99218750
1,1084,20,73.67870000,17.26240000,1249.00092853,750.00110066,1242.83593750,747.64062500
1,2708,9,-9.19086000,25.98750000,449.99904862,29.99973463,454.81250000,28.10937500
1,2312,18,72.85370000,50.76120000,29.99957506,873.00042384,36.82031250,865.29687500
1,976,4,-56.65550000,-53.22100000,1160.78116020,446.19410503,1161.03125000,441.21093750
1,1810,2,-69.01310000,0.52185100,708.93810707,145.93531326,709.03906250,142.26562500
1,1613,11,-10.74690000,12.02480000,200.00181824,164.00008524,200.16406250,164.86718750
1,2599,12,18.80940000,31.53830000,649.00100935,993.00066238,651.81250000,992.96875000
1,2416,15,48.15310000,40.77690000,930.00058968,29.99936224,927.15625000,32.09375000
1,2509,14,28.89350000,15.96620000,1198.48795847,462.53768554,1200.10937500,459.33593750
1,1443,14,18.04200000,15.44860000,1187.99924304,797.99901303,1189.75781250,792.53906250
1,2894,6,-36.97090000,22.47600000,948.99885641,993.00123688,947.37500000,991.42968750
1,1365,17,42.59730000,5.54260000,412.94675545,146.41952357,412.37500000,142.16406250
1,187,19,75.63330000,-53.91400000,95.33576052,641.00999099,90.24218750,641.28125000
1,2208,20,79.08400000,15.75340000,1192.61138980,582.58616590,1190.39843750,582.73437500
1,1268,18,54.39620000,17.47130000,1130.17748768,512.00508986,1136.81250000,513.92187500
1,62,16,63.80020000,-54.62850000,1220.75246822,689.70061257,1216.55468750,688.23437500
1,365,13,18.00180000,-54.93580000,29.99912843,693.00072845,33.64843750,690.34375000
1,3007,3,-63.57120000,24.16820000,389.99915959,30.00126065,388.28906250,31.49218750
1,473,7,-20.45360000,-53.71030000,91.54666673,400.50705041,87.77343750,403.42968750
1,657,4,-48.44400000,-49.35320000,1035.88378085,616.98405425,1039.21875000,613.71875000
1,1170,20,70.27560000,12.05580000,1077.99745398,856.99930747,1075.63281250,856.28906250
1,849,7,-36.33870000,-37.74190000,590.23049923,762.72132789,590.69531250,767.21875000
1,1982,3,-84.59240000,17.38340000,141.23970951,635.18135436,138.82031250,636.43750000
1,2095,2,-81.68600000,-0.50506600,675.99981365,540.00052802,677.46093750,540.46875000
1,976,1,-56.65550000,-53.22100000,29.99984324,33.00143949,35.74218750,43.43750000
1,2799,9,-43.53960000,34.24970000,708.00018507,944.00123186,706.00000000,946.50781250
1,762,1,-72.36410000,-36.89100000,619.76612001,309.11545003,619.32812500,305.64843750
1,1885,5,-67.53560000,-14.46250000,1050.99933557,78.00195222,1047.21875000,78.89062500
1,1536,10,11.96730000,-20.51240000,147.65334139,865.09174000,148.57812500,866.54687500
1,3108,2,-82.86390000,15.91090000,1197.83774544,576.69913960,1203.71093750,576.23437500
1,2509,15,28.89350000,15.96620000,90.99863300,464.00007243,91.39843750,465.14843750
1,268,13,49.42940000,-50.58150000,118.61267278,42.49041877,126.89843750,49.61718750
1,1711,4,-40.17600000,-20.42330000,140.22759185,922.50977471,146.13281250,923.37500000
1,562,10,-12.68230000,-18.74440000,90.99955691,104.00068158,93.66406250,108.44531250
1,187,16,75.63330000,-53.91400000,1249.00037318,929.99976532,1239.40625000,923.46093750
1,2313,21,69.99010000,51.17990000,1233.26152598,741.88974373,1224.95312500,738.92187500
1,1084,21,73.67870000,17.26240000,146.11051526,747.08815877,141.73437500,746.26562500
1,1269,17,52.44140000,17.46150000,29.99924136,453.00007083,31.50781250,451.38281250
1,1443,15,18.04200000,15.44860000,80.71486899,799.89913589,83.84375000,797.32812500
1,2709,12,-8.81415000,27.83050000,795.66268079,263.33709265,796.89062500,260.65625000
1,1811,5,-69.01300000,-1.36273000,629.99903132,30.00033326,627.75000000,28.69531250
1,1614,11,-10.75780000,4.59851000,440.00089689,163.99948437,438.48437500,161.92187500
1,63,19,66.71120000,-55.04140000,29.99841687,813.00054478,29.63281250,811.03125000
1,2417,18,48.69170000,42.56600000,340.54416909,381.39833209,338.04687500,379.32031250
1,2208,21,79.08400000,15.75340000,91.00047973,584.00219523,87.34375000,584.72656250
1,1365,14,42.59730000,5.54260000,870.00005441,29.99989230,865.18750000,28.67187500
1,2600,15,19.23460000,33.39220000,650.97305419,717.34184298,651.00781250,719.64062500
1,1171,20,70.26590000,4.62665000,838.00053333,857.00028688,837.10156250,859.38281250
1,849,4,-36.33870000,-37.74190000,707.99864944,944.00172590,711.95312500,945.39843750
1,366,13,21.05970000,-55.14190000,30.00117844,633.00038121,33.39843750,631.17187500
1,2096,2,-81.68570000,-2.91565000,602.00047107,540.00101990,602.14843750,540.71875000
1,3008,6,-63.21150000,26.00000000,856.34867484,245.00323425,857.78906250,243.42968750
1,658,7,-49.02110000,-51.06150000,108.99942717,992.99948463,115.14062500,992.34375000
1,474,10,-17.66570000,-54.19200000,1249.00130055,149.99992178,1247.90625000,149.39843750
1,2799,6,-43.53960000,34.24970000,600.00085614,760.39329918,598.09375000,762.47656250
1,763,4,-72.79160000,-38.73910000,749.99968853,29.99969005,745.85156250,28.70312500
1,1983,2,-86.53350000,17.33260000,1249.00049475,690.00064278,1251.42187500,688.36718750
1,977,4,-59.28600000,-51.91850000,1121.02976603,391.48218569,1121.34375000,386.81250000
1,1536,11,11.96730000,-20.51240000,1249.00068699,870.00107328,1246.88281250,866.11718750
1,2510,14,32.79460000,15.89890000,1198.56512576,342.31849649,1198.59375000,339.71875000
1,3108,3,-82.86390000,15.91090000,90.99801679,584.00027721,92.29687500,585.67968750
1,188,19,78.32030000,-53.37520000,117.01265373,588.47406449,111.03906250,588.82031250
1,1885,2,-67.53560000,-14.46250000,230.13326395,98.75267432,229.78906250,101.09375000
1,2709,9,-8.81415000,27.83050000,510.00000487,30.00083297,514.64843750,28.15625000
1,269,19,60.95540000,-50.51700000,150.90019812,958.73260816,147.37500000,955.40625000
1,2313,18,69.99010000,51.17990000,29.99946780,812.99945609,35.82031250,806.74218750
1,1269,18,52.44140000,17.46150000,1130.18256238,453.14876528,1136.37500000,454.93750000
1,1085,20,71.76820000,17.17310000,1249.00118651,810.00171801,1241.99218750,806.79687500
1,562,7,-12.68230000,-18.74440000,1187.42055063,83.35765122,1185.27343750,80.45312500
1,2895,9,-36.62480000,24.29230000,373.33527718,797.41419641,368.92968750,796.80468750
1,2209,20,82.99520000,15.75600000,1192.46812554,462.49596740,1190.10156250,462.67187500
1,2417,15,48.69170000,42.56600000,989.99908293,29.99991194,986.50000000,33.15625000
1,1711,8,-40.17600000,-20.42330000,30.00067581,932.99995750,39.59375000,930.28125000
1,474,7,-17.66570000,-54.19200000,69.57638983,346.71377249,66.57812500,349.79687500
1,1811,2,-69.01300000,-1.36273000,649.83087824,145.93205874,649.34375000,142.31250000
1,850,7,-37.11920000,-33.99870000,703.90276110,794.29593890,706.67187500,798.36718750
1,2097,2,-80.48030000,-2.06866000,627.99937466,502.99911950,628.46093750,503.23437500
1,1172,20,70.26310000,-3.02100000,598.00005895,857.00012522,595.05468750,860.42187500
1,63,16,66.71120000,-55.04140000,1243.70330014,744.98214426,1237.85156250,742.53125000
1,3008,3,-63.21150000,26.00000000,450.00099780,29.99990565,448.12500000,30.69531250
1,1983,3,-86.53350000,17.33260000,141.31940821,694.14184021,141.52343750,695.30468750
1,1615,11,-10.76180000,-3.04706000,679.99937996,164.00020401,680.42187500,160.95312500
1,1444,14,14.27830000,15.24090000,1188.00085060,918.00134381,1188.67187500,910.26562500
1,2800,9,-42.80740000,30.50570000,588.00114182,944.00132561,584.94531250,945.52343750
1,763,1,-72.79160000,-38.73910000,563.72994297,324.57588672,562.25781250,321.64062500
1,2510,15,32.79460000,15.89890000,91.00194721,343.99886919,92.03906250,345.98437500
1,1537,13,13.83150000,-20.38690000,1120.73101566,920.64187910,1116.82031250,919.11718750
1,2710,12,-8.42108000,29.68100000,739.06133270,278.93430744,739.76562500,276.32031250
1,658,4,-49.02110000,-51.06150000,1090.55709646,601.90401223,1093.00000000,597.85937500
1,367,13,24.15340000,-55.26990000,29.99917883,573.00101910,33.43750000,571.73437500
1,3109,2,-78.94930000,15.91920000,1197.99050346,456.50914648,1203.17187500,455.88281250
1,1366,17,42.59920000,7.39038000,353.84857591,146.43042976,353.45312500,142.63281250
1,1270,17,50.49090000,17.43110000,29.99940432,392.99923283,30.84375000,391.58593750
1,2314,18,67.04440000,51.53130000,30.00031061,752.99922196,34.82812500,747.87500000
1,188,16,78.32030000,-53.37520000,1248.99966041,989.99961599,1237.86718750,981.54687500
1,1812,5,-69.01250000,-3.24805000,690.00087031,29.99933133,687.75781250,28.67968750
1,2209,21,82.99520000,15.75600000,90.99791627,463.99935016,86.93750000,465.17968750
1,977,1,-59.28600000,-51.91850000,90.99780012,78.00050214,93.32812500,84.90625000
1,764,4,-73.23810000,-40.57820000,809.99848204,30.00002945,805.74218750,28.51562500
1,1712,7,-38.31200000,-20.54980000,1131.37468741,875.92880845,1135.14843750,873.09375000
1,2098,2,-80.48040000,-1.35181000,649.99941754,502.99925303,650.78125000,503.18750000
1,2600,12,19.23460000,33.39220000,588.99750250,993.00095812,591.67968750,992.85937500
1,1886,4,-67.52840000,-18.01710000,59.23769952,71.04393001,63.42187500,81.95312500
1,850,4,-37.11920000,-33.99870000,587.99926816,944.00068251,591.13281250,946.50781250
1,1085,21,71.76820000,17.17310000,146.04380228,805.98606037,142.71093750,804.46093750
1,2418,18,49.25750000,44.33100000,285.35044805,396.60350082,282.96875000,394.78906250
1,1173,20,70.26730000,-10.62190000,358.00025843,856.99944378,353.34375000,859.30468750
1,475,10,-14.78640000,-54.61170000,1248.99927645,210.00025194,1249.57031250,208.57812500
1,2800,6,-42.80740000,30.50570000,713.69095475,791.93361093,713.23437500,794.32031250
1,269,16,60.95540000,-50.51700000,1078.00062066,643.99958692,1080.35156250,644.08593750
1,1616,11,-10.75890000,-10.64710000,919.99937325,163.99830394,921.89062500,162.17187500
1,2895,6,-36.62480000,24.29230000,889.00099915,992.99887365,887.83593750,992.21093750
1,562,11,-12.68230000,-18.74440000,1191.20994876,101.89002246,1189.07812500,105.63281250
1,3009,6,-62.83650000,27.84320000,799.51798265,260.68083479,800.63281250,258.73437500
1,1444,11,14.27830000,15.24090000,86.06606081,944.96806701,91.67968750,940.44531250
1,64,19,69.70360000,-55.38550000,29.99942616,752.99920064,28.57812500,751.92968750
1,3109,3,-78.94930000,15.91920000,91.00016414,463.99935277,91.49218750,466.26562500
1,1270,18,50.49090000,17.43110000,1130.18831105,394.28805894,1135.20312500,395.95312500
1,2315,18,64.02920000,51.81070000,29.99963364,692.99893394,34.24218750,688.81250000
1,1984,2,-88.46130000,17.26200000,1248.99871630,749.99922205,1251.63281250,747.85937500
1,659,7,-49.62810000,-52.73670000,48.99850234,993.00118904,57.27343750,991.32812500
1,1537,10,13.83150000,-20.38690000,147.65211164,923.98038903,149.92968750,924.41406250
1,2511,14,36.64550000,15.75710000,1198.63513617,222.08844762,1196.10156250,220.75000000
1,368,13,27.26540000,-55.31770000,30.00138711,513.00085256,33.47656250,512.32812500
1,2710,9,-8.42108000,29.68100000,570.00035603,30.00020595,574.92187500,28.54687500
1,1712,4,-38.31200000,-20.54980000,149.42622548,980.88051081,156.60937500,980.21875000
1,1812,2,-69.01250000,-3.24805000,590.72276360,145.92956500,589.83593750,142.57812500
1,189,19,78.45190000,-53.34690000,118.08199489,585.88053227,111.70312500,586.22656250
1,475,7,-14.78640000,-54.61170000,47.05937437,291.57680167,44.71875000,295.10937500
1,1174,20,70.27370000,-15.47470000,199.99863200,857.00136556,195.57031250,857.45312500
1,851,7,-37.83320000,-30.26540000,818.31538181,826.07687776,822.67968750,828.92187500
1,2418,15,49.25750000,44.33100000,1050.00007295,29.99957302,1045.30468750,34.17187500
1,2210,20,86.89150000,15.68280000,1192.32941519,342.40333334,1188.84375000,342.99218750
1,1366,14,42.59920000,7.39038000,929.99943833,30.00151417,924.62500000,29.07812500
1,270,19,70.78790000,-49.53500000,227.92724855,751.66335424,221.27343750,753.03125000
1,2801,9,-42.13370000,26.77160000,468.00009800,944.00086431,464.10937500,943.67968750
1,2099,2,-81.03440000,-1.35187000,649.99978755,520.00156894,650.79687500,520.19531250
1,1886,1,-67.52840000,-18.01710000,1214.03838593,104.01868329,1210.67187500,103.89843750
1,1271,17,48.54930000,17.38040000,30.00007088,332.99975171,30.61718750,331.77343750
1,3110,2,-75.04930000,15.85070000,1198.14039140,336.25146522,1202.13281250,335.77343750
1,1984,3,-88.46130000,17.26200000,141.39727891,753.11345337,142.89062500,753.67187500
1,2601,15,19.67910000,35.24110000,707.02078315,701.89690668,707.89843750,704.04687500
1,1086,20,69.87910000,17.06550000,1249.00036328,870.00002688,1241.06250000,865.64843750
1,369,13,30.37740000,-55.28490000,29.99795394,453.00081470,33.78125000,452.79687500
1,2896,9,-36.26400000,26.12400000,430.31433644,781.67226363,426.38281250,781.92968750
1,2511,15,36.64550000,15.75710000,90.99808889,224.00102364,93.32031250,227.44531250
1,2316,18,60.95930000,52.01400000,30.00230197,633.00014196,33.58593750,629.61718750
1,764,1,-73.23810000,-40.57820000,507.86745325,339.98825067,505.55468750,337.89062500
1,3009,3,-62.83650000,27.84320000,509.99962250,29.99808919,508.15625000,29.94531250
1,1813,5,-69.01150000,-5.12988000,750.00078099,30.00085506,748.14843750,28.84375000
1,1617,11,-10.75320000,-15.49990000,1077.99841004,163.99961199,1080.14062500,164.17187500
1,659,4,-49.62810000,-52.73670000,1145.03450007,586.87620692,1146.19531250,582.04687500
1,978,4,-60.43070000,-48.45660000,1010.63497816,360.93059941,1012.01562500,356.60156250
1,1712,8,-38.31200000,-20.54980000,29.99996464,873.00066177,37.92968750,871.94531250
1,851,4,-37.83320000,-30.26540000,468.00068229,943.99898496,470.74218750,947.03125000
1,65,19,72.76380000,-55.65610000,29.99857685,692.99960316,27.82031250,692.51562500
1,1444,15,14.27830000,15.24090000,80.78969073,920.13161834,86.74218750,914.50781250
1,189,16,78.45190000,-53.34690000,1249.00039703,993.00005857,1238.11718750,984.32812500
1,476,10,-11.82640000,-54.96410000,1249.00027312,270.00063906,1250.53906250,268.02343750
1,1537,11,13.83150000,-20.38690000,1248.99976892,929.99841254,1245.61718750,924.61718750
1,562,8,-12.68230000,-18.74440000,87.12761972,73.04350223,89.64843750,80.25781250
1,2711,12,-8.01068000,31.53490000,682.65095518,294.47946101,682.62500000,291.88281250
1,1175,20,77.95700000,-15.70410000,199.99980089,617.00125015,192.89843750,618.43750000
1,2419,18,49.85240000,46.06850000,230.32976477,411.76193881,228.41406250,410.02343750
1,2210,21,86.89150000,15.68280000,90.99986846,344.00108046,87.32812500,345.80468750
1,2100,2,-81.03420000,-2.06873000,627.99943766,519.99834282,628.60156250,520.25000000
1,1086,21,69.87910000,17.06550000,145.97603751,864.88611979,143.84375000,862.26562500
1,3110,3,-75.04930000,15.85070000,90.99933172,343.99958519,91.88281250,346.48437500
1,370,13,33.47120000,-55.17170000,30.00005236,392.99956013,34.28906250,393.52343750
1,1985,2,-90.37180000,17.17240000,1249.00011853,810.00050919,1250.93750000,807.32812500
1,1886,5,-67.52840000,-18.01710000,1170.99966412,77.99989484,1163.32031250,81.34375000
1,2601,12,19.67910000,35.24110000,528.99965693,992.99853808,531.52343750,992.51562500
1,1813,2,-69.01150000,-5.12988000,531.61856651,145.92461403,529.97656250,142.98437500
1,978,1,-60.43070000,-48.45660000,211.00061693,78.00069071,209.84375000,81.46875000
1,2801,6,-42.13370000,26.77160000,828.19907698,823.70144125,828.64062500,825.92968750
1,1271,18,48.54930000,17.38040000,1130.19455267,335.42654618,1133.98437500,337.03906250
1,1618,11,-3.07019000,-15.73160000,1078.00104303,403.99917801,1081.69531250,403.20312500
1,270,16,70.78790000,-49.53500000,1078.00061420,856.99952463,1075.80468750,855.87500000
1,852,7,-38.48830000,-26.57480000,933.47930775,858.06192715,938.89843750,859.31250000
1,66,19,75.87630000,-55.84910000,30.00086142,633.00006060,27.31250000,632.90625000
1,3010,6,-62.44540000,29.69400000,742.88501532,276.29968114,743.39843750,274.11718750
1,765,4,-73.70490000,-42.40440000,870.00216012,30.00087145,865.45312500,28.67968750
1,2317,18,57.85110000,52.13850000,29.99935418,572.99971526,33.33593750,570.28125000
1,563,10,-11.20510000,-22.07340000,200.00011710,163.99874427,198.14062500,164.66406250
1,190,19,77.77760000,-51.68460000,172.45778140,600.93656823,165.10937500,601.42968750
1,2896,6,-36.26400000,26.12400000,828.99908174,993.00085054,828.11718750,992.80468750
1,477,10,-8.79865000,-55.24430000,1249.00071170,330.00007686,1251.44531250,327.67968750
1,1713,7,-36.42270000,-20.65890000,1131.38265008,816.95090138,1136.06250000,814.80468750
1,1444,12,14.27830000,15.24090000,1194.42349409,947.55678760,1192.14843750,941.85937500
1,1367,17,42.60160000,9.21942000,294.75013482,146.44426949,294.34375000,143.28906250
1,660,7,-49.82680000,-53.25980000,30.00173578,993.00042563,38.74218750,990.96093750
1,1538,13,15.66740000,-20.24510000,1129.74573094,863.81541155,1126.74218750,863.12500000
1,2711,9,-8.01068000,31.53490000,629.99936219,29.99899814,635.21093750,29.22656250
1,979,4,-61.46330000,-44.88100000,899.44004867,330.15697942,900.53906250,326.10937500
1,1814,5,-69.01010000,-7.00421000,809.99942320,30.00166727,808.11718750,29.29687500
1,1619,11,4.73975000,-15.71860000,1078.00051967,644.00032173,1081.54687500,644.40625000
1,2101,20,96.47790000,13.43960000,1132.06285766,37.55966421,1130.32812500,42.06250000
1,2419,15,49.85240000,46.06850000,1109.99919881,29.99825830,1103.70312500,35.37500000
1,371,13,36.52910000,-54.98000000,30.00136574,332.99853485,34.84375000,334.41406250
1,1176,20,85.76480000,-15.68940000,199.99884595,377.00030485,192.59375000,377.39062500
1,2802,9,-41.51180000,23.08040000,348.00067297,944.00124872,344.26562500,941.39062500
1,2211,20,90.73770000,15.53630000,1192.18862915,222.30130098,1186.99218750,224.08593750
1,2602,15,20.14450000,37.08110000,762.87786269,686.50010756,764.47656250,688.22656250
1,1272,17,46.62090000,17.30990000,30.00062702,272.99981258,31.26562500,272.36718750
1,190,16,77.77760000,-51.68460000,1189.00051977,993.00010285,1180.75000000,986.09375000
1,1886,2,-67.52840000,-18.01710000,110.48825791,98.74926956,113.42968750,103.87500000
1,852,4,-38.48830000,-26.57480000,348.00016651,944.00185356,350.79687500,946.64843750
1,2512,14,40.41360000,15.54650000,1198.71055189,101.83893986,1192.93750000,103.03906250
1,1086,18,69.87910000,17.06550000,1121.78119254,988.44231953,1119.55468750,987.01562500
1,1985,3,-90.37180000,17.17240000,141.47823240,812.10124150,143.92968750,812.10937500
1,3010,3,-62.44540000,29.69400000,569.99961643,30.00055867,568.26562500,29.46093750
1,765,1,-73.70490000,-42.40440000,452.17349984,355.35362165,449.21875000,353.76562500
1,563,7,-11.20510000,-22.07340000,1070.52953501,53.64163632,1070.52343750,49.78906250
1,67,19,79.02370000,-55.96170000,30.00134419,573.00078393,27.07812500,573.10156250
1,3111,2,-71.19940000,15.70820000,1198.29239861,215.92514120,1200.10156250,216.30468750
1,271,19,69.10770000,-42.19570000,454.99811704,815.56685329,446.60937500,818.53906250
1,2318,18,54.72250000,52.18210000,29.99905930,512.99975473,34.71093750,510.85156250
1,2712,12,-7.58191000,33.38820000,626.42591316,309.97181304,625.57812500,307.63281250
1,1713,8,-36.42270000,-20.65890000,30.00020581,812.99906670,36.56250000,813.14843750
1,2897,9,-35.88790000,27.96710000,487.10333044,765.98555333,483.67968750,767.08593750
1,478,10,-5.71808000,-55.44830000,1248.99931041,390.00050693,1252.12500000,387.57031250
1,1538,10,15.66740000,-20.24510000,147.65141681,982.87851818,151.32812500,982.03125000
1,1814,2,-69.01010000,-7.00421000,472.51766046,145.92034731,470.41406250,143.49218750
1,372,16,39.53460000,-54.71270000,1244.24975673,216.04484744,1240.86718750,219.61718750
1,2602,12,20.14450000,37.08110000,468.99872704,993.00063962,471.59375000,992.23437500
1,1177,20,89.26890000,-11.52280000,332.00113953,268.00105751,323.67187500,267.00000000
1,2420,18,50.47840000,47.77560000,175.47791580,426.87170589,174.29687500,425.19531250
1,979,1,-61.46330000,-44.88100000,331.00070489,78.00146159,328.25000000,78.46875000
1,2101,21,96.47790000,13.43960000,30.00041298,29.99932081,40.03125000,40.21875000
1,1445,14,13.47660000,15.18760000,1187.99887768,943.99948613,1188.17187500,935.60937500
1,191,19,77.13770000,-49.98830000,227.03353181,616.04855576,219.05468750,616.86718750
1,1272,18,46.62090000,17.30990000,1130.20069646,276.56246366,1133.32812500,278.53125000
1,660,4,-49.82680000,-53.25980000,1162.24239117,582.13059732,1163.18750000,577.11718750
1,1620,11,11.54820000,-15.50290000,1077.99867506,857.00014029,1081.14843750,856.68750000
1,2802,6,-41.51180000,23.08040000,943.53090677,855.69696018,943.57812500,856.82031250
1,1087,20,68.01500000,16.94060000,1249.00000879,929.99839331,1239.85156250,924.16406250
1,1887,4,-67.52720000,-18.51100000,76.41961623,73.50890973,79.66406250,83.76562500
1,2512,18,40.41360000,15.54650000,1178.03532443,76.02045133,1175.06250000,81.28906250
1,1367,14,42.60160000,9.21942000,990.00056845,30.00010636,983.94531250,29.58593750
1,3011,6,-62.03690000,31.54830000,686.44998551,291.86778199,686.19531250,289.50000000
1,564,10,-12.17130000,-29.44450000,440.00119297,164.00094120,437.28125000,160.96875000
1,1986,2,-92.26090000,17.06450000,1249.00032447,869.99972411,1250.57812500,866.34375000
1,2211,21,90.73770000,15.53630000,90.99972503,224.00033334,88.78906250,227.32812500
1,2712,9,-7.58191000,33.38820000,690.00139946,29.99955368,695.62500000,29.98437500
1,766,4,-74.19340000,-44.21340000,929.99843269,29.99946565,925.05468750,28.92968750
1,2897,6,-35.88790000,27.96710000,769.00055854,993.00007330,768.28125000,993.11718750
1,3111,3,-71.19940000,15.70820000,91.00049105,224.00019844,92.71093750,227.61718750
1,2319,18,51.59200000,52.14420000,29.99960031,452.99941925,33.76562500,451.47656250
1,853,7,-39.09140000,-22.95750000,1049.39734143,890.25965076,1053.69531250,888.74218750
1,68,19,82.18750000,-55.99210000,30.00055979,513.00001391,27.04687500,513.21875000
1,479,10,-2.60156000,-55.57320000,1248.99915470,450.00021568,1252.46875000,447.57812500
1,372,13,39.53460000,-54.71270000,29.99965499,272.99970338,36.11718750,275.49218750
1,980,4,-62.39850000,-41.21840000,787.43426499,299.16071527,787.28125000,295.54687500
1,191,16,77.13770000,-49.98830000,1129.00002888,992.99954749,1122.90625000,987.69531250
1,1714,7,-34.51190000,-20.74960000,1131.39220764,757.99441148,1136.75781250,756.16406250
1,2603,15,20.63180000,38.90800000,818.54101464,671.16069435,820.71875000,672.59375000
1,1273,17,44.70990000,17.22030000,29.99972410,213.00001654,32.28125000,212.96093750
1,1621,11,11.53730000,-8.07373000,837.99939225,856.99975830,842.50781250,859.65625000
1,1445,11,13.47660000,15.18760000,89.74303282,918.95117304,94.81250000,915.16406250
1,271,16,69.10770000,-42.19570000,838.00005053,857.00140397,840.07812500,858.89062500
1,1087,17,68.01500000,16.94060000,30.91595279,939.03679794,36.01562500,932.25781250
1,1815,5,-69.00840000,-8.86719000,869.99964745,29.99857183,867.53125000,29.73437500
1,1178,20,89.26530000,3.85510000,812.00030311,268.00113271,808.30468750,265.20312500
1,2803,9,-40.93590000,19.46250000,228.00059492,944.00180719,225.48437500,938.43750000
1,1887,1,-67.52720000,-18.51100000,1196.94710626,106.26124306,1194.19531250,105.76562500
1,564,7,-12.17130000,-29.44450000,834.90854401,119.28691750,836.10156250,112.92187500
1,1368,17,42.60440000,11.02620000,235.65594858,146.45806448,235.84375000,144.04687500
1,1538,14,15.66740000,-20.24510000,35.99626878,873.61563502,44.35156250,873.53906250
1,2102,21,96.76290000,15.13060000,89.99931223,29.99833685,90.60937500,37.67187500
1,1986,3,-92.26090000,17.06450000,141.55803953,871.10083375,145.78125000,870.11718750
1,766,1,-74.19340000,-44.21340000,396.65948141,370.67152852,392.96875000,370.03125000
1,2420,15,50.47840000,47.77560000,1169.99901147,29.99917153,1161.75781250,36.74218750
1,192,19,76.52990000,-48.26060000,281.81136031,631.21522884,272.31250000,632.32812500
1,480,10,0.53295900,-55.61710000,1248.99885237,510.00029374,1253.20312500,507.71875000
1,980,1,-62.39850000,-41.21840000,450.99941108,78.00043610,448.09375000,76.12500000
1,2512,15,40.41360000,15.54650000,90.99957173,103.99877567,95.46875000,110.10156250
1,2898,9,-35.49540000,29.81780000,543.70800319,750.34907864,541.16406250,752.26562500
1,3112,5,-67.43240000,15.49690000,80.60258354,81.28342709,81.77343750,86.55468750
1,2713,12,-7.13354000,35.23650000,570.39265821,325.41234742,568.80468750,323.46093750
1,853,4,-39.09140000,-22.95750000,228.00077171,944.00154830,232.76562500,945.74218750
1,661,7,-47.13120000,-53.79350000,29.99999066,932.99971228,36.92968750,932.89062500
1,1087,21,68.01500000,16.94060000,145.90871138,923.79051954,145.14062500,919.65625000
1,2320,18,48.47830000,52.02540000,30.00033907,393.00074549,33.55468750,392.18750000
1,1273,18,44.70990000,17.22030000,1130.20544443,217.69653246,1132.53125000,220.11718750
1,3011,3,-62.03690000,31.54830000,630.00162459,29.99909667,628.41406250,29.22656250
1,2212,20,94.50100000,15.32190000,1192.04735435,102.19159976,1184.24218750,106.26562500
1,1714,8,-34.51190000,-20.74960000,30.00209740,752.99936834,35.23437500,754.17187500
1,1445,15,13.47660000,15.18760000,80.80356784,946.18110644,87.21093750,939.75781250
1,1815,2,-69.00840000,-8.86719000,413.41745392,145.91986622,411.21875000,144.20312500
1,373,16,42.47310000,-54.37350000,1221.12449675,272.68504917,1219.33593750,274.82812500
1,2603,12,20.63180000,38.90800000,409.00178496,992.99870480,411.79687500,991.64062500
1,69,19,85.34840000,-55.93970000,30.00026536,452.99976098,27.06250000,453.28125000
1,2103,21,97.05870000,16.85230000,150.00084409,30.00015430,148.25781250,36.07812500
1,1368,14,42.60440000,11.02620000,1049.99867678,29.99873739,1043.02343750,30.25781250
1,565,10,-13.30600000,-37.02470000,679.99899790,164.00025738,680.80468750,159.32812500
1,1622,11,11.53330000,-0.42614700,598.00049129,857.00046422,599.89843750,860.32031250
1,2803,6,-40.93590000,19.46250000,1059.69739378,887.92387579,1057.92187500,887.29687500
1,1987,2,-94.12500000,16.93930000,1249.00085764,929.99923246,1249.45312500,925.14843750
1,1179,20,89.26940000,8.10101000,945.99907256,267.99969164,942.48437500,265.89062500
1,192,16,76.52990000,-48.26060000,1068.99852482,993.00030899,1065.96875000,988.75000000
1,481,10,3.66681000,-55.57940000,1249.00042932,570.00042233,1253.37500000,567.82812500
1,767,4,-74.70510000,-46.00190000,990.00081782,29.99900483,984.38281250,29.35937500
1,272,19,67.73270000,-34.62210000,685.55393117,880.45531114,679.52343750,883.82812500
1,1887,5,-67.52720000,-18.51100000,1187.99879810,78.00140978,1179.64843750,81.49218750
1,854,7,-39.64820000,-19.44010000,1166.08140720,922.67208917,1167.50781250,917.66406250
1,981,4,-63.24880000,-37.49910000,674.60532818,267.93669919,672.97656250,264.93750000
1,1538,11,15.66740000,-20.24510000,1248.99941454,990.00165200,1244.27343750,982.83593750
1,1087,18,68.01500000,16.94060000,1131.01981877,929.99440220,1129.92968750,929.89062500
1,2513,18,38.95090000,18.87550000,1061.33394639,46.28487300,1061.17968750,49.92187500
1,2421,18,51.13790000,49.44960000,120.79355704,441.93511009,121.45312500,440.32031250
1,2898,6,-35.49540000,29.81780000,708.99959064,992.99999345,708.10156250,993.11718750
1,1445,12,13.47660000,15.18760000,1198.10292798,922.00845098,1196.37500000,916.89843750
1,1274,17,42.82030000,17.11240000,29.99819562,153.00192794,33.51562500,153.87500000
1,2713,9,-7.13354000,35.23650000,749.99930757,29.99905011,755.84375000,30.94531250
1,1816,5,-69.00620000,-10.71500000,930.00037553,29.99831518,927.13281250,30.44531250
1,661,4,-47.13120000,-53.79350000,1183.81932290,634.61888264,1184.18750000,628.98437500
1,3112,2,-67.43240000,15.49690000,1198.44178909,95.52864963,1197.45312500,98.32812500
1,565,7,-13.30600000,-37.02470000,602.56101711,184.02308330,600.31250000,178.54687500
1,373,13,42.47310000,-54.37350000,29.99841477,213.00026142,37.59375000,216.78906250
1,193,19,75.95200000,-46.50460000,336.78648546,646.43704898,326.72656250,647.89843750
1,1623,11,11.53630000,7.17480000,357.99972038,857.00175411,357.18750000,858.72656250
1,1715,7,-32.58350000,-20.82120000,1131.39907249,699.05761155,1137.19531250,697.32031250
1,767,1,-74.70510000,-46.00190000,341.31116760,385.94279110,337.21093750,386.02343750
1,2804,8,-40.40100000,15.94460000,1218.52133645,940.67282188,1217.07812500,932.21875000
1,2604,15,21.14280000,40.71810000,874.01693768,655.87056223,876.65625000,656.98437500
1,2104,21,97.36600000,18.60210000,210.00134036,30.00105986,206.40625000,34.62500000
1,482,10,6.78131000,-55.46060000,1249.00114615,629.99973831,1253.35156250,627.99218750
1,1887,2,-67.52720000,-18.51100000,93.53989572,98.74698892,97.04687500,104.37500000
1,2321,18,45.39920000,51.82750000,30.00035127,332.99999679,34.45312500,333.07031250
1,981,1,-63.24880000,-37.49910000,571.00095444,77.99934324,568.77343750,74.55468750
1,1369,17,42.60750000,12.80780000,176.55925512,146.46885576,177.33593750,144.89843750
1,854,4,-39.64820000,-19.44010000,107.99833350,943.99935234,116.23437500,944.11718750
1,1987,3,-94.12500000,16.93930000,141.63817359,930.11442452,147.24218750,927.67187500
1,70,19,88.48730000,-55.80520000,30.00121790,392.99991731,27.10937500,393.39843750
1,2513,15,38.95090000,18.87550000,200.00118714,164.00098748,199.42187500,166.18750000
1,3012,6,-61.61020000,33.40180000,630.21592543,307.37740619,629.23437500,304.89062500
1,1274,18,42.82030000,17.11240000,1130.20959834,158.83027581,1131.62500000,161.99218750
1,1446,14,13.47040000,11.64900000,1067.99775689,943.99956635,1071.67187500,938.87500000
1,1816,2,-69.00620000,-10.71500000,354.31869446,145.91662411,352.19531250,145.03906250
1,2899,9,-35.08550000,31.67190000,600.12563444,734.76357164,598.60937500,737.10937500
1,2421,15,51.13790000,49.44960000,1230.00082511,30.00031353,1218.77343750,37.96875000
1,2212,21,94.50100000,15.32190000,90.99906936,103.99880621,90.75781250,109.75000000
1,566,10,-14.65860000,-44.54630000,919.99894952,163.99986675,923.63281250,159.78906250
1,1180,20,73.72550000,8.10681000,945.99899408,748.00002625,943.88281250,749.40625000
1,1539,13,15.75840000,-20.23760000,1130.19079052,861.01031015,1127.07031250,860.36718750
1,1088,20,66.17920000,16.79940000,1248.99764125,989.99905455,1238.60156250,982.39843750
1,2604,12,21.14280000,40.71810000,349.00074266,992.99915931,352.40625000,990.78906250
1,3112,6,-67.43240000,15.49690000,1190.07575129,78.18824673,1183.49218750,84.50000000
1,1624,11,11.54190000,12.02760000,199.99921990,857.00000214,201.81250000,856.46093750
1,768,4,-75.24160000,-47.76610000,1050.00001770,29.99877280,1043.08593750,30.02343750
1,193,16,75.95200000,-46.50460000,1009.00175755,993.00053876,1007.99218750,989.85937500
1,272,16,67.73270000,-34.62210000,598.00169160,856.99932824,598.57031250,859.77343750
1,662,7,-44.33610000,-54.27070000,30.00091256,872.99911789,35.20312500,874.31250000
1,2804,5,-40.40100000,15.94460000,66.27825884,926.46035439,68.74218750,921.39062500
1,2105,21,97.68550000,20.37720000,270.00084306,29.99947067,265.08593750,33.40625000
1,2322,18,42.37160000,51.55340000,29.99984578,272.99914396,35.21093750,274.07031250
1,1888,4,-63.78710000,-18.73190000,76.28655869,193.87436318,77.64062500,201.20312500
1,2714,12,-6.66431000,37.07590000,514.54322816,340.80141241,512.27343750,339.17968750
1,1715,8,-32.58350000,-20.82120000,30.00118804,693.00017803,34.10156250,694.98437500
1,374,16,45.33190000,-53.96700000,1198.57646541,327.90701687,1198.14843750,329.07031250
1,854,8,-39.64820000,-19.44010000,65.61230354,915.85606751,72.55468750,913.88281250
1,1369,14,42.60750000,12.80780000,1110.00026075,30.00045845,1101.78125000,31.09375000
1,1446,11,13.47040000,11.64900000,209.45849011,918.93785992,210.89062500,917.64843750
1,483,10,9.85858000,-55.26250000,1249.00158961,689.99990827,1253.24218750,687.96093750
1,71,19,91.58590000,-55.59060000,30.00178924,333.00014144,27.66406250,333.67968750
1,982,4,-64.02470000,-33.75610000,560.94924305,236.48178275,557.57812500,234.54687500
1,2514,18,39.96770000,26.24670000,825.93069439,112.02085242,828.21875000,110.60156250
1,1274,15,42.82030000,17.11240000,150.70243266,35.06567355,153.13281250,40.90625000
1,1988,2,-95.96080000,16.79790000,1249.00274737,990.00127944,1248.41406250,983.56250000
1,1817,5,-69.00350000,-12.54400000,990.00035850,30.00108679,986.35937500,31.35937500
1,768,1,-75.24160000,-47.76610000,286.13655204,401.16590179,282.03906250,402.03906250
1,3012,3,-61.61020000,33.40180000,689.99953411,30.00073721,688.62500000,29.28906250
1,1539,10,15.75840000,-20.23760000,147.65131250,985.82381106,151.56250000,984.89062500
1,662,4,-44.33610000,-54.27070000,1205.93385468,688.42164541,1205.55468750,682.10937500
1,194,19,75.40190000,-44.72320000,391.96903583,661.71705966,382.21093750,663.50000000
1,2899,6,-35.08550000,31.67190000,648.99999723,993.00063422,647.73437500,993.14843750
1,1181,20,73.56560000,8.10321000,946.00012179,752.99795776,943.38281250,754.44531250
1,2422,18,51.35410000,49.97240000,103.51161729,446.69506231,106.19531250,444.96093750
1,2605,15,21.67900000,42.50760000,929.30459609,640.63250785,932.03125000,641.30468750
1,1625,11,3.86176000,12.25550000,199.99883612,616.99982195,198.17187500,617.53125000
1,2714,9,-6.66431000,37.07590000,810.00007867,29.99937766,815.93750000,32.21875000
1,982,1,-64.02470000,-33.75610000,691.00047690,78.00022589,690.12500000,73.60156250
1,2804,9,-40.40100000,15.94460000,107.99881955,944.00046828,108.46093750,935.02343750
1,1370,17,42.61100000,14.56120000,117.46615120,146.48013258,119.24218750,145.85156250
1,566,7,-14.65860000,-44.54630000,373.41350125,247.86727943,367.91406250,245.46875000
1,1447,14,13.46580000,8.00409000,947.99927522,943.99911215,953.17968750,941.64843750
1,1888,5,-63.78710000,-18.73190000,1188.00128092,198.00052557,1182.73437500,198.88281250
1,854,5,-39.64820000,-19.44010000,1220.75741188,950.96656316,1214.15625000,944.39062500
1,1988,3,-95.96080000,16.79790000,141.71963128,989.14405221,148.73437500,985.10156250
1,2323,18,39.41070000,51.20700000,29.99921524,213.00024540,36.72656250,215.28125000
1,2213,21,93.04360000,18.65220000,199.99933847,163.99896968,195.06250000,165.88281250
1,1275,17,40.95560000,16.98710000,29.99779818,92.99983989,896.88281250,855.09375000
1,1716,7,-30.64160000,-20.87300000,1131.40429014,640.13840411,1137.41406250,638.04687500
1,2514,15,39.96770000,26.24670000,440.00003911,164.00013182,437.15625000,163.23437500
1,194,16,75.40190000,-44.72320000,948.99983344,992.99999381,949.03125000,991.02343750
1,3112,3,-67.43240000,15.49690000,90.99892318,103.99933991,94.69531250,110.33593750
1,1088,17,66.17920000,16.79940000,40.24440326,879.83225313,43.42968750,874.74218750
1,374,13,45.33190000,-53.96700000,29.99893296,153.00020297,39.22656250,158.42968750
1,273,19,66.59000000,-27.08300000,919.68230723,946.34679853,913.78125000,947.28125000
1,484,10,12.88180000,-54.98800000,1249.00097691,749.99854808,1252.69531250,747.71875000
1,983,4,-64.73500000,-30.02300000,446.45339647,204.79521968,442.37500000,204.39062500
1,2605,12,21.67900000,42.50760000,288.99852624,992.99942432,293.50000000,989.96093750
1,663,7,-41.45000000,-54.68570000,29.99797124,813.00029045,33.34375000,815.39062500
1,2422,15,51.35410000,49.97240000,1249.00163356,30.00124170,1235.35156250,38.06250000
1,72,19,94.62730000,-55.29910000,29.99830287,273.00043828,28.53906250,274.06250000
1,1817,2,-69.00350000,-12.54400000,295.22246709,145.91043740,293.27343750,145.92968750
1,2107,21,98.36360000,23.99080000,389.99955722,29.99972197,383.28906250,31.40625000
1,1370,14,42.61100000,14.56120000,1169.99947505,30.00167230,1160.50000000,32.10937500
1,1182,20,73.56070000,-7.27771000,465.99976352,752.99915266,460.00781250,755.92968750
1,769,4,-75.80470000,-49.50290000,1110.00153385,29.99995387,1101.46875000,30.71093750
1,1539,14,15.75840000,-20.23760000,36.45393956,870.70435082,44.46875000,870.72656250
1,1447,11,13.46580000,8.00409000,329.14655412,918.92510542,328.99218750,919.68750000
1,855,7,-39.72360000,-18.95130000,1182.67128815,927.28000263,1183.72656250,921.73437500
1,1626,11,-3.94354000,12.24050000,200.00046313,377.00020363,198.19531250,376.72656250
1,2804,6,-40.40100000,15.94460000,1176.70833837,920.38700890,1171.03906250,916.87500000
1,1989,2,-96.05180000,16.79030000,1248.99846788,993.00173054,1248.54687500,986.45312500
1,2715,12,-6.17285000,38.90220000,458.88161622,356.13861779,455.97656250,354.91406250
1,2323,15,39.41070000,51.20700000,1227.74850757,279.96318043,1222.80468750,281.52343750
1,3013,6,-61.16390000,35.25050000,574.17724754,322.83501154,572.35156250,320.43750000
1,2900,9,-34.65720000,33.52530000,656.35886334,719.23130390,655.96093750,722.06250000
1,1716,8,-30.64160000,-20.87300000,29.99856169,632.99916593,33.19531250,635.39062500
1,195,19,74.87790000,-42.92000000,447.35528045,677.05237712,438.11718750,679.23437500
1,983,1,-64.73500000,-30.02300000,811.00083851,78.00032805,810.93750000,73.60937500
1,1275,18,40.95560000,16.98710000,1130.21484914,99.95789991,1130.59375000,104.33593750
1,567,10,-15.70110000,-49.33840000,1078.00090269,164.00016876,1081.16406250,161.13281250
1,2606,15,22.24210000,44.27280000,984.39910881,625.44789674,985.99218750,625.82812500
1,1889,4,-59.95820000,-18.88670000,76.14949333,314.21666423,76.55468750,319.77343750
1,2214,21,94.06650000,26.02250000,439.99869993,164.00114532,432.89843750,162.97656250
1,1088,21,66.17920000,16.79940000,145.83943066,982.70179989,146.59375000,976.75781250
1,2423,18,48.67120000,50.51150000,81.87120523,394.11882043,85.75781250,392.88281250
1,2108,21,98.72380000,25.82240000,450.00052792,30.00015721,443.09375000,30.62500000
1,3113,6,-68.89410000,18.82610000,1073.01159307,48.57554037,1069.75000000,53.28906250
1,663,4,-41.45000000,-54.68570000,1228.61192472,743.58561735,1227.39843750,736.17968750
1,73,19,97.59640000,-54.93450000,30.00117754,213.00063373,29.64843750,214.75000000
1,769,1,-75.80470000,-49.50290000,231.12938221,416.34144183,227.35156250,417.82812500
1,485,13,15.83620000,-54.64100000,33.41880665,736.48206961,36.89062500,733.03906250
1,1989,3,-96.05180000,16.79030000,141.71948329,992.09690911,149.26562500,987.82031250
1,1627,11,-7.45941000,8.07428000,332.00081408,267.99967136,329.45312500,266.66406250
1,2805,8,-40.32830000,15.45570000,1201.36673596,938.26599768,1200.95312500,930.32031250
1,375,16,48.10050000,-53.49850000,1176.58484514,381.76221699,1177.37500000,382.28125000
1,2715,9,-6.17285000,38.90220000,869.99862003,29.99981010,875.82812500,33.60156250
1,1448,14,13.46280000,4.27850000,827.99942998,944.00014412,833.67187500,943.87500000
1,2324,18,36.52940000,50.79300000,29.99906696,153.00064565,37.64843750,156.86718750
1,273,16,66.59000000,-27.08300000,358.00061428,856.99966893,357.86718750,858.49218750
1,1370,18,42.61100000,14.56120000,1216.79266758,142.19140253,1216.56250000,147.28125000
1,1539,11,15.75840000,-20.23760000,1248.99932477,993.00209623,1244.35156250,985.75781250
1,1183,20,73.56440000,-11.52360000,332.00084361,752.99927366,324.65625000,755.33593750
1,2515,18,41.17990000,33.82710000,593.56092030,176.90951268,593.91406250,174.06250000
1,195,16,74.87790000,-42.92000000,888.99869079,993.00058031,889.69531250,991.89062500
1,3013,3,-61.16390000,35.25050000,749.99950180,30.00045717,748.74218750,29.34375000
1,2215,21,95.28440000,33.60190000,679.99815304,164.00016204,674.35937500,162.15625000
1,1275,15,40.95560000,16.98710000,141.47249308,93.55778747,143.05468750,97.72656250
1,2606,12,22.24210000,44.27280000,229.00151881,992.99947779,235.79687500,989.05468750
1,1818,5,-69.00050000,-14.35080000,1049.99949233,30.00051424,1044.97656250,32.55468750
1,1088,18,66.17920000,16.79940000,1140.03247488,872.98851164,1139.94531250,873.74218750
1,855,4,-39.72360000,-18.95130000,91.00064697,943.99945146,99.73437500,943.80468750
1,2109,21,99.09920000,27.66550000,510.00131936,30.00137911,502.93750000,30.17187500
1,984,4,-65.38730000,-26.33280000,331.11231835,172.87454950,327.14843750,174.82812500
1,1717,7,-28.69070000,-20.90440000,1131.41126569,581.24128539,1137.53125000,578.83593750
1,3113,3,-68.89410000,18.82610000,200.00016393,163.99995073,199.41406250,166.24218750
1,1628,11,-7.46582000,-7.30365000,812.00086629,267.99966185,814.53906250,265.43750000
1,1889,5,-59.95820000,-18.88670000,1187.99978373,317.99938246,1185.11718750,317.38281250
1,770,4,-76.39640000,-51.20910000,1169.99922988,30.00035770,1159.32031250,31.60156250
1,2423,15,48.67120000,50.51150000,1249.00168325,89.99980472,1236.99218750,95.85156250
1,567,7,-15.70110000,-49.33840000,224.27208066,289.41986804,218.58593750,289.59375000
1,485,10,15.83620000,-54.64100000,1248.99940187,809.99885517,1251.82812500,807.32812500
1,2716,12,-5.65759000,40.71170000,403.40063538,371.42625119,399.99218750,370.72656250
1,2805,5,-40.32830000,15.45570000,83.03091942,928.85226289,235.35937500,962.35937500
1,664,7,-38.48350000,-55.03280000,30.00158684,753.00154624,32.02343750,756.17187500
1,2900,6,-34.65720000,33.52530000,589.00075617,992.99893113,587.46875000,992.85937500
1,1540,13,15.75380000,-18.52510000,1188.27141469,867.79590584,1183.46875000,866.11718750
1,1448,11,13.46280000,4.27850000,448.81137328,918.91090194,448.24218750,921.09375000
1,1371,17,42.61500000,16.28390000,58.37558933,146.49539995,61.67968750,146.90625000
1,1276,17,39.11940000,16.84550000,29.99835545,33.00112686,990.12500000,992.29687500
1,2110,21,99.49080000,29.51610000,570.00110318,30.00105907,562.96093750,29.91406250
1,274,19,65.93860000,-22.26570000,1075.80428760,990.28554013,1066.86718750,987.66406250
1,196,19,74.37820000,-41.09880000,502.94199401,692.44569486,494.67968750,694.92968750
1,2324,15,36.52940000,50.79300000,1205.15535136,335.17529415,1202.14843750,335.89843750
1,74,19,100.48100000,-54.50200000,29.99809825,152.99012264,30.91406250,155.67187500
1,1818,2,-69.00050000,-14.35080000,236.12939272,145.90748981,234.98437500,147.16406250
1,770,1,-76.39640000,-51.20910000,176.29519667,431.47000392,173.35937500,433.68750000
1,2216,21,96.75460000,41.12260000,920.00125315,163.99948692,915.53906250,163.66406250
1,568,10,-4.60309000,-50.38560000,1078.00209009,403.99987394,1084.72656250,401.29687500
1,375,13,48.10050000,-53.49850000,30.00108373,93.00084424,40.81250000,100.54687500
1,1717,8,-28.69070000,-20.90440000,29.99775480,573.00074856,32.46093750,575.79687500
1,3114,6,-67.87650000,26.19720000,837.16927344,114.62025370,837.65625000,113.92968750
1,855,8,-39.72360000,-18.95130000,82.34867447,918.26206685,88.94531250,916.52343750
1,2805,9,-40.32830000,15.45570000,91.00003366,944.00035714,92.22656250,934.45312500
1,2424,18,45.88650000,50.99410000,59.69146076,340.22449961,65.06250000,339.68750000
1,2607,15,22.83410000,46.01070000,1039.30977772,610.31418698,1039.76562500,610.42187500
1,3014,6,-60.69680000,37.09020000,518.33504364,338.23876351,515.67187500,335.94531250
1,1184,20,89.10900000,-11.52650000,332.00057071,273.00056745,324.26562500,271.96093750
1,2716,9,-5.65759000,40.71170000,930.00179086,30.00003143,935.36718750,35.14062500
1,1629,11,-7.46252000,-11.54960000,946.00167280,268.00054762,949.01562500,266.17968750
1,665,7,-35.44960000,-55.30760000,29.99911008,692.99991736,30.76562500,696.68750000
1,1089,20,66.08820000,16.79200000,1248.99987496,992.99944500,1238.39843750,985.34375000
1,984,1,-65.38730000,-26.33280000,930.99827629,78.00059792,931.32812500,74.10937500
1,1890,4,-56.07240000,-18.96980000,76.01323736,434.53731241,76.10937500,439.36718750
1,486,13,18.70890000,-54.22630000,56.08999688,681.13444804,58.16406250,678.78906250
1,1991,2,-96.05880000,13.33380000,1128.99932172,992.99950285,1131.10937500,989.52343750
1,2515,15,41.17990000,33.82710000,679.99934789,163.99940893,678.64843750,162.10937500
1,1371,14,42.61500000,16.28390000,1229.99795002,29.99876683,1218.77343750,33.10937500
1,1276,14,39.11940000,16.84550000,1240.87538092,143.59410382,1233.54687500,143.28125000
1,2111,21,99.89960000,31.37010000,629.99931791,29.99907393,623.09375000,29.67187500
1,771,4,-77.01890000,-52.88220000,1230.00074231,30.00068553,1216.85156250,32.61718750
1,1718,7,-26.73510000,-20.91500000,1131.42327167,522.36066213,1137.49218750,519.53125000
1,1449,14,13.46150000,0.50189200,708.00047149,944.00085141,713.22656250,945.39062500
1,2325,18,33.73840000,50.31680000,29.99832413,92.99962443,39.55468750,98.63281250
1,2217,21,97.89790000,45.91380000,1077.99835664,164.00114416,1071.39843750,165.82031250
1,2805,6,-40.32830000,15.45570000,1193.35218164,925.00454403,1186.72656250,921.05468750
1,1819,5,-68.99710000,-16.13230000,1109.99830430,30.00015547,1103.39062500,33.71093750
1,568,7,-4.60309000,-50.38560000,138.01226000,55.42990261,135.71093750,59.10156250
1,2901,9,-34.20910000,35.37380000,712.40704635,703.74682802,713.10156250,707.08593750
1,1540,14,15.75380000,-18.52510000,95.57399855,870.71809186,101.34375000,871.51562500
1,274,16,65.93860000,-22.26570000,200.00095462,856.99914245,201.72656250,856.25000000
1,2607,12,22.83410000,46.01070000,169.00066091,992.99929597,178.35937500,988.08593750
1,2717,12,-5.11700000,42.50040000,348.10765505,386.66177199,344.58593750,386.24218750
1,2424,15,45.88650000,50.99410000,1248.99865944,150.00105580,1238.34375000,154.17968750
1,3114,3,-67.87650000,26.19720000,440.00030891,164.00136736,437.26562500,162.68750000
1,1185,20,86.14380000,-7.66461000,454.99963453,364.99941883,446.89062500,363.36718750
1,376,16,50.77090000,-52.97390000,1155.13412160,434.30319750,1156.85937500,434.51562500
1,985,4,-65.98810000,-22.71580000,214.91163482,140.71703930,212.92187500,145.73437500
1,486,10,18.70890000,-54.22630000,1248.99851172,869.99915293,1250.67968750,866.67968750
1,75,19,103.26900000,-54.00710000,30.00114568,93.00333744,32.18750000,96.92968750
1,196,16,74.37820000,-41.09880000,829.00186100,992.99861339,829.77343750,992.78906250
1,2112,21,100.32700000,33.22350000,690.00222299,29.98778047,683.47656250,29.76562500
1,855,5,-39.72360000,-18.95130000,1203.56866606,948.54365777,1197.41406250,942.42187500
1,1371,18,42.61500000,16.28390000,1157.76819915,149.18724574,1159.13281250,152.93750000
1,1630,11,8.08484000,-11.55480000,946.00020332,748.00095069,949.40625000,749.75000000
1,1276,18,39.11940000,16.84550000,1130.22102631,41.08660287,1129.28906250,47.09375000
1,1890,5,-56.07240000,-18.96980000,1187.99910121,437.99887489,1186.14843750,436.81250000
1,1089,17,66.08820000,16.79200000,40.70107885,876.91918878,43.96875000,871.89062500
1,666,7,-32.36360000,-55.50590000,29.99889575,632.99906470,29.83593750,636.85937500
1,3014,3,-60.69680000,37.09020000,809.99886606,29.99982098,808.77343750,29.62500000
1,2325,15,33.73840000,50.31680000,1183.11771705,389.03132856,1181.05468750,389.09375000
1,2516,18,42.64560000,41.34880000,364.16555820,240.96666215,362.50781250,238.71093750
1,1992,2,-96.06180000,11.56090000,1069.00064323,993.00063334,35.05468750,549.62500000
1,771,1,-77.01890000,-52.88220000,121.62601367,446.55311105,119.71093750,449.33593750
1,1718,8,-26.73510000,-20.91500000,30.00216704,512.99933549,32.07031250,516.18750000
1,2218,21,86.83590000,46.97080000,1077.99990850,403.99905764,1074.89843750,403.86718750
1,1819,2,-68.99710000,-16.13230000,177.03868319,145.90432889,177.08593750,148.31250000
1,985,1,-65.98810000,-22.71580000,1050.99768421,77.99980273,1050.22656250,75.46875000
1,2806,8,-36.58100000,15.67790000,1201.39521453,818.17000745,1202.51562500,813.22656250
1,2717,9,-5.11700000,42.50040000,990.00045921,30.00056705,994.57031250,36.94531250
1,275,16,57.96890000,-22.61980000,199.99947785,616.99925483,199.22656250,617.50000000
1,3115,6,-66.66360000,33.77750000,604.72879099,179.71501474,603.77343750,177.20312500
1,76,19,105.95500000,-53.45580000,29.99569734,32.98971883,33.61718750,38.52343750
1,1449,11,13.46150000,0.50189200,568.45054344,918.89705021,568.53125000,921.82812500
1,2608,15,23.45710000,47.71820000,1094.03443455,595.23113279,1093.61718750,594.94531250
1,487,13,21.48940000,-53.74930000,78.20316837,627.14736620,78.96875000,625.64062500
1,1186,20,86.14420000,4.24219000,823.00016018,364.99823794,819.85156250,362.74218750
1,569,13,6.87909000,-50.33010000,135.24857329,944.70932947,137.99218750,938.75781250
1,2425,18,43.00830000,51.41440000,36.94817809,284.96810845,44.15625000,285.35937500
1,1371,15,42.61500000,16.28390000,121.81578140,37.12307671,124.23437500,43.46875000
1,197,19,73.90140000,-39.26310000,558.74158737,707.89444060,551.14062500,710.60156250
1,1540,11,15.75380000,-18.52510000,1189.00035697,992.99828210,1186.62500000,987.31250000
1,2113,21,100.77300000,35.07200000,749.99964222,29.99719629,743.53125000,30.15625000
1,856,4,-43.47220000,-19.17640000,91.00026964,823.99895724,96.34375000,826.63281250
1,2901,6,-34.20910000,35.37380000,529.00197165,993.00063356,527.33593750,992.31250000
1,1631,11,8.24481000,-11.55110000,945.99925281,753.00027308,949.85937500,754.81250000
1,1993,2,-96.06430000,9.76172000,1008.99974317,992.99816365,1013.41406250,992.19531250
1,376,13,50.77090000,-52.97390000,29.99901691,33.00104812,42.53906250,42.95312500
1,1089,21,66.08820000,16.79200000,145.83823190,985.64747829,146.57812500,979.63281250
1,1891,4,-52.16460000,-18.97800000,75.87784268,554.83749243,76.72656250,559.34375000
1,2326,18,31.04620000,49.78420000,29.99886338,32.99950330,41.29687500,40.85156250
1,3015,6,-60.20750000,38.91690000,462.68712356,353.58948321,459.25781250,351.34375000
1,2516,15,42.64560000,41.34880000,919.99971232,163.99948799,919.75000000,163.38281250
1,667,7,-29.24250000,-55.62480000,29.99946320,573.00071291,29.11718750,576.85156250
1,1276,15,39.11940000,16.84550000,132.46964710,150.60481590,133.41406250,153.55468750
1,772,4,-77.22280000,-53.40470000,1249.00139935,30.00108697,1235.20312500,32.92968750
1,2806,9,-36.58100000,15.67790000,91.00162203,823.99968295,90.46093750,816.96093750
1,1719,7,-24.77950000,-20.90500000,1131.43016215,463.50109297,1137.21093750,460.03906250
1,1820,1,-68.99330000,-17.88570000,1221.55853573,150.55822620,1219.21093750,149.46093750
1,986,4,-66.54310000,-19.19870000,97.84123821,108.31740268,99.96093750,117.46093750
1,1450,14,13.46200000,-3.29364000,588.00059582,943.99874751,592.32812500,946.28906250
1,856,5,-43.47220000,-19.17640000,1203.43073899,828.14372050,1199.65625000,824.90625000
1,2219,21,75.36020000,46.92710000,1078.00096092,644.00112245,1075.20312500,643.74218750
1,2718,12,-4.54919000,44.26500000,292.99523178,401.84848809,289.54687500,401.92187500
1,3115,3,-66.66360000,33.77750000,680.00135326,164.00009926,679.34375000,161.13281250
1,1541,13,15.74980000,-16.78110000,1248.60780917,874.83762062,1241.30468750,871.96093750
1,1372,17,42.61630000,16.82280000,39.65888351,146.49883905,960.95312500,674.81250000
1,487,10,21.48940000,-53.74930000,1248.99832648,929.99893371,1249.70312500,925.65625000
1,1187,20,76.68380000,4.24316000,823.00028096,656.00189911,820.28125000,657.53906250
1,2608,12,23.45710000,47.71820000,108.99902457,992.99975216,120.68750000,986.76562500
1,2425,15,43.00830000,51.41440000,1248.99848261,210.00003910,1239.69531250,212.74218750
1,2114,21,101.24000000,36.91160000,810.00122739,29.99764262,803.51562500,30.65625000
1,197,16,73.90140000,-39.26310000,768.99908061,993.00025901,770.12500000,993.36718750
1,569,10,6.87909000,-50.33010000,1077.99982133,643.99978657,1085.17968750,643.86718750
1,1632,11,8.23840000,3.82977000,465.99939911,753.00026194,464.63281250,755.67968750
1,2517,18,43.78740000,46.14080000,214.74483727,282.69278163,215.85937500,281.32812500
1,276,16,49.85810000,-22.60010000,199.99913609,377.00055529,199.62500000,376.85937500
1,77,19,103.29000000,-52.16930000,90.99982604,78.00517247,91.17968750,80.70312500
1,1719,8,-24.77950000,-20.90500000,30.00126002,452.99969977,31.75000000,456.37500000
1,1089,18,66.08820000,16.79200000,1140.47507645,870.17456195,1140.60937500,870.93750000
1,1277,17,40.49010000,15.20230000,90.99934813,78.00137096,996.32031250,630.97656250
1,2326,15,31.04620000,49.78420000,1161.61450762,441.57816491,1160.58593750,441.35937500
1,377,16,48.16710000,-51.66130000,1115.43259344,379.66230784,1118.05468750,379.94531250
1,3015,3,-60.20750000,38.91690000,869.99896178,29.99860362,868.75781250,30.19531250
1,2902,9,-33.74010000,37.21340000,768.27540641,688.31444462,769.91406250,691.93750000
1,1891,5,-52.16460000,-18.97800000,1187.99928705,558.00027376,1186.72656250,556.76562500
1,1994,2,-96.06650000,7.93939000,949.00022317,992.99896592,952.50000000,993.39062500
1,668,7,-26.10420000,-55.66250000,30.00063669,513.00061655,28.55468750,516.80468750
1,857,4,-47.31020000,-19.33360000,90.99947239,703.99934903,93.71875000,708.09375000
1,2718,9,-4.54919000,44.26500000,1050.00214265,30.00011931,1053.47656250,38.82031250
1,986,1,-66.54310000,-19.19870000,1170.99998358,78.00040714,1167.67968750,77.26562500
1,488,13,24.16970000,-53.21590000,99.77717250,574.46945417,99.42187500,573.45312500
1,1372,14,42.61630000,16.82280000,1249.00229124,29.99928492,1235.64843750,33.35156250
1,1450,11,13.46200000,-3.29364000,688.06593393,918.88602070,689.28125000,921.92968750
1,772,1,-77.22280000,-53.40470000,104.34883444,451.31955906,102.76562500,454.37500000
1,2807,8,-32.74480000,15.83260000,1201.42066643,698.01945397,1203.78906250,694.86718750
1,2219,18,75.36020000,46.92710000,142.83237374,952.60668952,146.43750000,945.63281250
1,1820,5,-68.99330000,-17.88570000,1169.99811680,30.00029743,1160.77343750,34.92187500
1,1633,11,8.24164000,8.07568000,332.00038582,752.99930266,330.14843750,754.71875000
1,3116,6,-65.19760000,41.29900000,375.61900473,243.87603788,372.62500000,241.78125000
1,1541,14,15.74980000,-16.78110000,154.69168912,870.72455196,158.28906250,872.30468750
1,2115,21,101.72900000,38.73810000,870.00010108,29.99760425,863.39843750,31.29687500
1,2426,15,40.04690000,51.76690000,1248.99949393,269.99924535,1241.14062500,271.75000000
1,570,13,16.68020000,-49.36180000,211.76658120,737.57899445,209.52343750,736.79687500
1,2517,15,43.78740000,46.14080000,1077.99925456,163.99816313,1073.94531250,164.89843750
1,2327,18,33.63570000,48.47930000,90.99951858,78.00047299,97.03125000,82.96093750
1,2609,15,24.11330000,49.39250000,1148.57139175,580.20025476,1146.89062500,579.68750000
1,1995,2,-96.06830000,6.09717000,889.00054061,992.99997494,892.72656250,994.32031250
1,1277,14,40.49010000,15.20230000,1187.01863444,99.33826203,1180.28906250,99.63281250
1,2719,12,-3.95233000,46.00200000,238.06963632,416.98413461,235.02343750,417.41406250
1,857,5,-47.31020000,-19.33360000,1203.29246201,707.77785356,1201.26562500,705.92968750
1,78,19,102.09200000,-48.71420000,210.99970469,78.00492095,207.85937500,78.17187500
1,198,19,73.44590000,-37.41720000,614.74567857,723.40247202,608.00781250,726.44531250
1,1892,4,-48.27110000,-18.91090000,75.74081280,675.11231000,78.23437500,678.99218750
1,3016,6,-59.69460000,40.72670000,407.23214499,368.88517821,403.32812500,366.82812500
1,1188,20,76.68320000,-7.66473000,455.00014911,656.00136968,449.67187500,658.07812500
1,2902,6,-33.74010000,37.21340000,469.00063032,992.99986653,467.34375000,991.70312500
1,277,16,45.85090000,-26.53020000,332.00230409,267.99966898,331.07812500,266.85937500
1,377,13,48.16710000,-51.66130000,91.00101590,77.99821162,98.90625000,84.41406250
1,669,7,-22.96750000,-55.61850000,29.99866981,453.00024662,28.07812500,456.76562500
1,1720,7,-22.82840000,-20.87430000,1131.43846149,404.66122209,1136.71093750,400.72656250
1,488,10,24.16970000,-53.21590000,1249.00103428,989.99965321,1248.59375000,984.32812500
1,1451,14,13.46410000,-7.07495000,468.00041166,944.00038984,471.85937500,946.46093750
1,986,5,-66.54310000,-19.19870000,1209.49789183,109.85777186,1201.64843750,113.47656250
1,1090,20,66.08420000,15.07950000,1189.00178080,992.99797893,1181.14843750,986.89843750
1,1634,11,-7.29950000,8.07794000,332.00085218,273.00031525,330.03906250,271.67968750
1,1820,2,-68.99330000,-17.88570000,117.94898811,145.90067628,119.79687500,149.65625000
1,2327,15,33.63570000,48.47930000,1121.86278858,386.85982711,1122.60937500,386.79687500
1,2807,9,-32.74480000,15.83260000,91.00015005,703.99951047,90.00000000,698.28125000
1,2220,21,65.53910000,45.96970000,1078.00070265,857.00061248,1073.38281250,854.53125000
1,2116,21,102.24100000,40.54770000,929.99666139,30.00919879,923.06250000,32.32031250
1,773,4,-74.52280000,-53.94720000,1248.99888977,89.99986380,1237.10937500,90.65625000
1,1541,11,15.74980000,-16.78110000,1128.99894450,993.00198321,1128.69531250,988.76562500
1,570,10,16.68020000,-49.36180000,1077.99940027,856.99920017,1083.35156250,857.38281250
1,1996,2,-96.06960000,4.23859000,829.00039930,992.99809117,832.76562500,995.14843750
1,79,19,101.01200000,-45.14450000,331.00357184,78.00979531,326.39062500,76.09375000
1,1277,18,40.49010000,15.20230000,1190.08385537,76.83318051,1188.14062500,82.98437500
1,2719,9,-3.95233000,46.00200000,1109.99885253,29.99923945,1111.86718750,40.99218750
1,2518,18,32.67460000,47.18650000,127.65673089,48.06993501,135.43750000,52.71875000
1,198,16,73.44590000,-37.41720000,708.99872647,992.99918334,710.03906250,993.64062500
1,2427,15,37.01500000,52.04680000,1249.00248311,330.00080053,1242.12500000,330.99218750
1,3116,3,-65.19760000,41.29900000,920.00049699,163.99969812,920.53906250,162.17968750
1,858,4,-51.20540000,-19.41710000,91.00067483,584.00207209,91.96875000,588.74218750
1,1451,11,13.46410000,-7.07495000,807.65691936,918.87129832,809.70312500,921.33593750
1,1892,5,-48.27110000,-18.91090000,1187.99785150,677.99865888,1186.34375000,676.32812500
1,2609,12,24.11330000,49.39250000,48.99990837,992.99975301,63.42968750,985.20312500
1,1372,18,42.61630000,16.82280000,1139.53598525,151.34683446,1142.67187500,154.57031250
1,1189,20,83.77330000,-4.70374000,547.00071604,437.99803392,540.14843750,437.17968750
1,1090,17,66.08420000,15.07950000,99.77430999,876.92487233,100.26562500,873.41406250
1,3016,3,-59.69460000,40.72670000,929.99938289,29.99923663,928.32031250,30.69531250
1,278,16,44.21700000,-41.84080000,811.99981228,268.00060788,814.82812500,266.06250000
1,1720,8,-22.82840000,-20.87430000,30.00181084,393.00041125,31.81250000,396.76562500
1,489,13,24.30100000,-53.18780000,100.84406232,571.86855282,100.31250000,570.82812500
1,2903,9,-33.24870000,39.03990000,823.95970966,672.93175560,826.60156250,676.81250000
1,2808,8,-28.85190000,15.91410000,1201.44685899,577.81653866,1204.03906250,575.42187500
1,1635,11,-4.34259000,4.21576000,454.99911274,364.99948880,452.60937500,363.19531250
1,1821,4,-68.98910000,-19.60850000,118.11770762,31.98097874,120.29687500,42.52343750
1,2328,18,34.69150000,45.01640000,211.00091370,77.99846616,213.21875000,80.37500000
1,2117,21,102.77900000,42.33670000,990.00011352,29.99867988,982.11718750,33.27343750
1,1997,2,-96.07060000,2.36737000,768.99947580,993.00007328,772.53906250,995.73437500
1,2220,18,65.53910000,45.96970000,219.45278747,745.40500150,217.94531250,743.71093750
1,199,19,73.01060000,-35.56510000,670.95912417,738.96483337,664.82812500,742.10156250
1,1542,14,15.74600000,-15.00820000,213.80092323,870.73684409,216.26562500,872.92187500
1,571,13,15.02840000,-42.02000000,439.44933699,800.79030136,435.90625000,802.14062500
1,986,2,-66.54310000,-19.19870000,67.40135708,66.80294496,72.05468750,73.57031250
1,2518,15,32.67460000,47.18650000,1078.00138349,404.00112588,1077.25000000,403.38281250
1,670,7,-19.85110000,-55.49320000,30.00163065,392.99970084,27.79687500,396.70312500
1,1452,14,13.46800000,-10.80960000,348.00151583,943.99859000,352.23437500,945.92968750
1,378,16,47.05740000,-48.19550000,1005.13604557,349.26712571,1009.04687500,348.82031250
1,1277,15,40.49010000,15.20230000,79.30384889,99.94204153,83.26562500,105.54687500
1,80,19,100.03500000,-41.48720000,451.00311866,78.00486537,446.14843750,74.50781250
1,1721,7,-20.88620000,-20.82330000,1131.44461055,345.83862658,1136.13281250,341.57031250
1,858,5,-51.20540000,-19.41710000,1203.15626971,587.44759577,1201.58593750,586.37500000
1,773,1,-74.52280000,-53.94720000,82.73768617,398.77223220,82.05468750,402.21875000
1,489,10,24.30100000,-53.18780000,1248.99948840,993.00081718,1248.71875000,987.21093750
1,2903,6,-33.24870000,39.03990000,409.00119054,993.00028360,407.43750000,990.80468750
1,1821,1,-68.98910000,-19.60850000,1162.48572570,157.40994255,1161.98437500,155.36718750
1,2610,15,24.32840000,49.91540000,1165.80326979,575.45153272,1163.50000000,574.85156250
1,2808,9,-28.85190000,15.91410000,90.99937070,584.00162945,90.06250000,578.54687500
1,2328,15,34.69150000,45.01640000,1011.43022490,356.34462632,1013.39062500,355.68750000
1,1893,4,-44.42710000,-18.77120000,75.60622306,795.36660180,80.74218750,797.81250000
1,199,16,73.01060000,-35.56510000,648.99863125,993.00182804,650.17187500,993.83593750
1,2221,21,67.03850000,38.62590000,838.00181355,857.00041047,835.46093750,857.93750000
1,2428,15,33.92780000,52.24990000,1249.00124882,389.99981950,1242.95312500,390.30468750
1,2519,15,21.15190000,47.12250000,1078.00076162,643.99911912,1080.60156250,643.68750000
1,3117,6,-64.05600000,46.09090000,226.57122245,285.61645433,223.87500000,284.35156250
1,1542,11,15.74600000,-15.00820000,1068.99944924,992.99967328,1069.96093750,990.14062500
1,1636,11,-4.34369000,-7.69104000,822.99999571,365.00082833,826.35937500,363.03125000
1,1372,15,42.61630000,16.82280000,140.25899120,40.00224389,140.79687500,45.67187500
1,1090,18,66.08420000,15.07950000,1198.79819158,877.07792497,1196.71093750,876.85156250
1,2118,21,103.34300000,44.10150000,1049.99711472,30.00703702,1041.27343750,34.50000000
1,3017,6,-59.15640000,42.51590000,351.96835692,384.12794869,347.69531250,382.22656250
1,571,10,15.02840000,-42.02000000,838.00103181,856.99807745,843.18750000,861.08593750
1,671,7,-16.77300000,-55.28870000,30.00085478,333.00000076,27.85937500,336.80468750
1,987,4,-66.61830000,-18.70990000,81.18673333,103.70822532,84.15625000,113.55468750
1,278,13,44.21700000,-41.84080000,427.57834111,106.08136416,427.82031250,105.46875000
1,2720,12,-3.32434000,47.70870000,183.32024173,432.06898104,181.04687500,432.85156250
1,1821,5,-68.98910000,-19.60850000,1230.00037206,30.00125224,1218.40625000,36.49218750
1,1452,11,13.46800000,-10.80960000,927.22210635,918.86002444,929.25000000,920.10937500
1,1190,20,83.77340000,1.28119000,731.00067974,438.00153882,726.69531250,436.87500000
1,859,4,-55.12290000,-19.42350000,90.99883628,463.99823679,90.99218750,468.94531250
1,2904,9,-32.73340000,40.84950000,879.46417519,657.59876455,882.83593750,661.79687500
1,490,13,23.63750000,-51.52420000,155.54191786,586.85547458,153.41406250,585.86718750
1,1998,2,-96.07110000,0.48748800,709.00026486,992.99944256,711.87500000,996.18750000
1,200,19,72.59400000,-33.71110000,727.37811155,754.58866974,722.31250000,757.72656250
1,2221,18,67.03850000,38.62590000,446.90767645,808.75771997,444.84375000,809.80468750
1,2809,8,-24.93730000,15.91920000,1201.47396205,457.55673735,1203.57812500,455.71093750
1,378,13,47.05740000,-48.19550000,211.00066855,78.00105274,214.50000000,81.53906250
1,1543,14,15.74270000,-13.20900000,272.90708180,870.74565449,274.07812500,873.46093750
1,2329,18,35.64810000,41.43990000,331.00111211,78.00104977,331.21093750,78.27343750
1,2519,12,21.15190000,47.12250000,143.47606562,947.47506261,149.79687500,942.77343750
1,1721,8,-20.88620000,-20.82330000,30.00012079,332.99888731,32.02343750,337.25781250
1,774,4,-71.72170000,-54.43330000,1248.99798564,149.99884926,1239.19531250,148.93750000
1,81,19,99.14740000,-37.77280000,571.00130322,78.00020691,566.34375000,73.85156250
1,1637,11,5.11786000,-7.69165000,823.00000953,656.00093950,826.26562500,657.73437500
1,672,7,-13.74980000,-55.00790000,29.99862752,272.99993332,28.22656250,277.04687500
1,2119,21,103.93600000,45.83890000,1109.99665144,30.00840451,1099.46093750,35.93750000
1,572,13,13.67520000,-34.44430000,669.94116851,864.77833500,668.28125000,867.04687500
1,2429,15,30.80190000,52.37340000,1249.00209075,450.00098993,1243.58593750,449.85156250
1,2610,12,24.32840000,49.91540000,29.99999756,992.99919380,45.60156250,984.82031250
1,1373,17,40.78230000,16.96490000,30.33558023,87.37889315,900.50000000,920.66406250
1,859,5,-55.12290000,-19.42350000,1203.01708601,467.14386343,1201.33593750,466.37500000
1,987,1,-66.61830000,-18.70990000,1187.99912663,78.00047701,1184.13281250,77.48437500
1,3117,3,-64.05600000,46.09090000,1078.00002266,163.99904801,1077.13281250,163.97656250
1,1999,2,-96.07120000,-1.39716000,648.99932883,992.99957202,651.50781250,996.44531250
1,3017,3,-59.15640000,42.51590000,990.00143111,30.00006056,987.61718750,31.57812500
1,2809,9,-24.93730000,15.91920000,90.99945107,464.00164696,91.13281250,458.65625000
1,1893,5,-44.42710000,-18.77120000,1187.99885534,797.99903087,1185.17968750,795.32031250
1,1821,2,-68.98910000,-19.60850000,58.85881823,145.89622922,62.75781250,151.13281250
1,2904,6,-32.73340000,40.84950000,349.00041012,993.00068730,347.90625000,989.67968750
1,1191,20,79.01890000,1.28143000,730.99947666,584.00117599,726.89843750,584.92968750
1,490,10,23.63750000,-51.52420000,1188.99982732,993.00015006,1190.45312500,988.89062500
1,1543,11,15.74270000,-13.20900000,1008.99758647,993.00096043,1011.46093750,991.29687500
1,2222,21,68.28210000,31.04850000,597.99922835,857.00011315,593.78906250,859.10937500
1,1091,20,66.08040000,13.33540000,1128.99758544,993.00217490,1122.94531250,988.39062500
1,2329,15,35.64810000,41.43990000,900.19342680,325.60263292,902.02343750,324.39062500
1,1638,11,5.11670000,4.21625000,454.99927045,656.00036034,453.08593750,657.76562500
1,1453,14,13.47340000,-14.46770000,227.99874288,944.00175991,234.03125000,944.77343750
1,279,16,43.64480000,-46.06290000,945.99923281,268.00082190,949.58593750,267.07812500
1,200,16,72.59400000,-33.71110000,589.00184378,992.99982324,589.75781250,993.96875000
1,2120,21,104.56000000,47.54590000,1169.99853699,30.00458793,1157.47656250,37.31250000
1,82,19,98.33800000,-34.03420000,690.99902000,77.99879888,686.21093750,74.10937500
1,2520,15,11.30020000,46.14150000,1077.99933530,857.00104664,1078.75000000,854.73437500
1,572,10,13.67520000,-34.44430000,598.00087630,857.00008051,599.35937500,862.41406250
1,673,10,-10.79640000,-54.65460000,1234.87308860,289.04125960,1237.58593750,286.85156250
1,1373,14,40.78230000,16.96490000,1249.00001657,90.00251871,1239.36718750,91.19531250
1,2810,8,-21.03740000,15.84760000,1201.50110590,337.24216518,1202.23437500,336.19531250
1,2720,9,-3.32434000,47.70870000,1170.00020009,30.00068321,1169.79687500,43.14062500
1,491,13,23.00770000,-49.82670000,210.40142272,601.88610839,207.35937500,601.28125000
1,2611,15,21.64810000,50.45290000,1187.34463051,627.94641844,1184.73437500,626.81250000
1,2000,2,-96.07090000,-3.28241000,588.99975018,993.00049196,591.30468750,996.50000000
1,3018,6,-58.59110000,44.28080000,296.90069424,399.31847189,292.53906250,397.50781250
1,860,4,-59.02590000,-19.35270000,91.00052154,343.99990638,90.91406250,349.46093750
1,379,16,46.05550000,-44.61640000,893.97190123,318.63561680,898.17968750,317.45312500
1,1278,14,40.48390000,11.66410000,1067.33190782,99.31381420,1064.23437500,97.96875000
1,1822,4,-68.98770000,-20.14730000,136.58749798,34.91934092,137.87500000,44.77343750
1,1544,14,15.73970000,-11.38670000,332.00443924,870.75764573,332.44531250,873.82031250
1,1192,20,79.01870000,-4.70361000,547.00044596,583.99876724,542.28906250,585.19531250
1,987,5,-66.61830000,-18.70990000,1192.78229992,107.46679436,1185.71875000,110.85156250
1,774,1,-71.72170000,-54.43330000,60.58808426,344.91970591,60.69531250,348.89843750
1,1639,11,-1.97559000,1.25482000,546.99914175,437.99906952,545.78125000,437.03906250
1,2222,18,68.28210000,31.04850000,677.49914419,872.98425290,677.73437500,875.50000000
1,1722,7,-18.95740000,-20.75240000,1131.45156644,287.03740911,1135.24218750,282.41406250
1,201,19,72.19520000,-31.85910000,784.01229842,770.26909205,779.38281250,773.40625000
1,2330,18,36.51840000,37.77650000,450.99927569,77.99947932,450.77343750,76.99218750
1,2905,9,-32.19260000,42.63840000,934.78756865,642.31648412,938.62500000,646.78906250
1,573,13,12.54930000,-26.90360000,903.29140134,929.56242627,901.99218750,930.34375000
1,83,19,97.59740000,-30.30510000,810.99807799,78.00053810,806.85937500,74.79687500
1,2430,15,27.65560000,52.41530000,1249.00063704,510.00084101,1243.92968750,509.41406250
1,2121,21,105.21700000,49.21970000,1229.99842094,30.00048325,1215.14843750,39.01562500
1,2810,9,-21.03740000,15.84760000,90.99952535,344.00176748,93.01562500,339.04687500
1,491,10,23.00770000,-49.82670000,1129.00045771,993.00008688,1131.60937500,990.49218750
1,860,5,-59.02590000,-19.35270000,1202.88152198,346.87872981,1200.19531250,346.50000000
1,673,7,-10.79640000,-54.65460000,30.00061555,212.99928638,28.65625000,217.39062500
1,1894,7,-40.66530000,-18.56400000,1193.85184476,959.41287634,1205.00000000,843.51562500
1,1279,17,40.47940000,8.01959000,331.00044800,78.00082586,329.08593750,75.10937500
1,1822,1,-68.98770000,-20.14730000,1144.24449076,159.52590745,1144.30468750,157.14062500
1,1373,18,40.78230000,16.96490000,1130.54048965,94.39799770,1131.14062500,98.96875000
1,2520,12,11.30020000,46.14150000,220.17195179,740.58662890,220.13281250,741.03906250
1,1544,11,15.73970000,-11.38670000,948.99846447,992.99897099,952.28906250,992.29687500
1,1091,17,66.08040000,13.33540000,158.85749811,876.92506894,157.58593750,874.82031250
1,3118,6,-75.15760000,47.13840000,139.96876257,51.60061055,143.47656250,56.20312500
1,2001,2,-96.07010000,-5.16425000,528.99955620,992.99888811,530.75000000,996.42968750
1,2330,15,36.51840000,37.77650000,788.14153822,294.63948272,788.90625000,292.87500000
1,201,16,72.19520000,-31.85910000,529.00136243,993.00088061,529.86718750,993.64843750
1,2611,12,21.64810000,50.45290000,29.99996146,933.00120388,43.35156250,927.10156250
1,1193,20,82.34050000,-2.91656000,602.00066588,481.99853517,596.57031250,481.67968750
1,2223,21,69.33110000,23.50650000,358.00057947,856.99999819,353.06250000,858.11718750
1,573,10,12.54930000,-26.90360000,358.00036923,856.99975312,356.82812500,861.42187500
1,379,13,46.05550000,-44.61640000,330.99905557,78.00108277,331.72656250,79.25000000
1,2905,6,-32.19260000,42.63840000,289.00080885,993.00038509,288.72656250,988.50000000
1,2721,12,-2.66278000,49.38210000,128.75542532,447.10600758,127.74218750,448.18750000
1,3018,3,-58.59110000,44.28080000,1049.99937062,29.99896883,1046.56250000,32.69531250
1,1453,11,13.47340000,-14.46770000,1046.76608464,918.84384199,1047.53906250,918.26562500
1,279,13,43.64480000,-46.06290000,297.06125803,142.82856169,297.39843750,143.13281250
1,775,4,-68.82770000,-54.85710000,1249.00028548,209.99991721,1240.96093750,207.44531250
1,2811,8,-17.18770000,15.70200000,1201.52850873,216.87204014,1200.13281250,217.25000000
1,1640,11,-1.97583000,-4.73016000,731.00082630,438.00051008,732.82031250,436.73437500
1,492,13,22.40920000,-48.09790000,265.42389145,616.96252867,261.40625000,616.71875000
1,674,10,-7.92560000,-54.23380000,1212.30667226,344.25797557,1216.21093750,341.68750000
1,1822,5,-68.98770000,-20.14730000,1249.00142851,30.00133653,1236.55468750,36.75781250
1,987,2,-66.61830000,-18.70990000,84.55000559,69.21941443,88.35937500,75.42187500
1,1545,14,15.73720000,-9.54456000,391.09460903,870.76664683,391.16406250,874.17187500
1,861,4,-62.87900000,-19.20720000,90.99900264,224.00018598,91.92187500,230.77343750
1,1722,8,-18.95740000,-20.75240000,29.99926334,272.99942311,32.43750000,277.79687500
1,84,19,96.91780000,-26.61830000,931.00176133,77.99852499,927.03125000,76.27343750
1,2122,21,105.43200000,49.74250000,1248.99842784,30.00652217,1233.10937500,39.47656250
1,2521,15,12.84130000,38.80190000,838.00122486,856.99959904,840.37500000,858.03906250
1,2002,2,-96.06900000,-7.03864000,468.99894420,993.00129847,470.49218750,996.21093750
1,2331,18,37.31380000,34.05650000,571.00036125,78.00097250,571.20312500,76.28125000
1,202,19,71.81300000,-30.01330000,840.85972765,786.01038693,836.57031250,788.92968750
1,1194,20,82.34060000,-0.50598100,676.00054910,481.99835100,670.88281250,481.54687500
1,2906,9,-31.62450000,44.40310000,989.93121183,627.08444290,993.88281250,631.77343750
1,1279,14,40.47940000,8.01959000,947.65025381,99.28556711,946.25781250,96.92187500
1,2223,18,69.33110000,23.50650000,911.28511179,938.10044790,912.11718750,939.33593750
1,1373,15,40.78230000,16.96490000,140.29386501,98.91803437,141.40625000,102.90625000
1,2811,9,-17.18770000,15.70200000,90.99981087,224.00127084,95.85156250,219.98437500
1,574,13,11.90700000,-22.08540000,1058.49925547,972.65277732,1054.85156250,970.55468750
1,2721,9,-2.66278000,49.38210000,1229.99805835,29.99896781,1227.25781250,45.46875000
1,1092,20,66.07710000,11.56260000,1069.00218733,993.00248937,1064.62500000,989.75000000
1,1822,2,-68.98770000,-20.14730000,40.14704985,145.89503141,44.95312500,151.61718750
1,775,1,-68.82770000,-54.85710000,37.87748826,289.71140784,39.32031250,294.50000000
1,3118,3,-75.15760000,47.13840000,1077.99930912,403.99963013,1080.85156250,402.36718750
1,3019,6,-57.99690000,46.01840000,242.01945547,414.45473144,237.84375000,412.86718750
1,2431,15,24.50780000,52.37510000,1249.00165544,569.99855455,1244.16406250,569.01562500
1,1545,11,15.73720000,-9.54456000,889.00100079,993.00007136,892.84375000,993.19531250
1,380,16,45.14720000,-40.95060000,781.92765221,287.76227918,785.19531250,286.02343750
1,492,10,22.40920000,-48.09790000,1069.00008284,992.99885369,1072.74218750,991.82812500
1,1641,11,2.77899000,-4.73022000,730.99965312,584.00023206,733.30468750,585.03125000
1,674,7,-7.92560000,-54.23380000,30.00020702,153.00060138,29.60156250,157.94531250
1,1894,4,-40.66530000,-18.56400000,75.47016577,915.60120618,83.78906250,915.65625000
1,2612,15,18.86650000,50.93410000,1209.42331022,681.74712872,1205.71093750,680.02343750
1,85,19,96.29210000,-23.00460000,1051.00128313,78.00063519,1045.57812500,78.43750000
1,1195,20,80.45090000,-0.50592000,675.99952269,539.99836258,670.97656250,540.35156250
1,861,5,-62.87900000,-19.20720000,1202.74280912,226.64548932,1198.07812500,227.48437500
1,2331,15,37.31380000,34.05650000,675.26308465,263.44485310,674.67187500,261.46093750
1,280,19,65.13820000,-46.08300000,316.64359046,891.54281489,309.36718750,892.73437500
1,2224,21,69.93680000,18.68750000,200.00000705,857.00178124,197.43750000,856.17187500
1,2906,6,-31.62450000,44.40310000,229.00190037,992.99948315,229.83593750,987.23437500
1,1374,14,38.91990000,17.09080000,1248.99868942,149.99864185,1240.69531250,149.62500000
1,574,10,11.90700000,-22.08540000,200.00067421,856.99899589,199.82812500,859.64843750
1,2003,2,-96.06740000,-8.90161000,408.99914962,993.00101954,410.60156250,995.71875000
1,2521,12,12.84130000,38.80190000,447.45520818,804.18676841,447.19531250,805.92187500
1,2123,21,102.76300000,50.28220000,1248.99966656,90.00479178,1234.89062500,97.19531250
1,2812,11,-13.42100000,15.48780000,77.49470598,77.59066507,82.05468750,82.52343750
1,202,16,71.81300000,-30.01330000,468.99932272,993.00008546,470.03906250,993.16406250
1,988,1,-70.36120000,-18.93430000,1187.99999321,197.99928090,1187.28906250,195.51562500
1,776,4,-65.85160000,-55.21290000,1248.99987900,270.00044531,1242.51562500,266.37500000
1,1280,17,40.47640000,4.29449000,450.99968922,77.99771739,449.04687500,73.96093750
1,1454,13,13.48050000,-18.02260000,1200.65722991,942.82787778,1196.08593750,939.34375000
1,3119,3,-86.66980000,47.07830000,1077.99991301,644.00031983,1082.11718750,642.73437500
1,1823,4,-67.15370000,-20.28890000,136.51575684,93.92590553,136.95312500,101.83593750
1,1642,11,2.77869000,1.25482000,547.00045805,583.99989968,546.79687500,585.10937500
1,1723,7,-17.04610000,-20.66220000,1131.46140010,228.25486676,1134.24218750,223.66406250
1,3019,3,-57.99690000,46.01840000,1110.00100528,30.00081174,1105.17187500,33.81250000
1,675,10,-5.14758000,-53.75090000,1190.29150463,398.13137328,1195.27343750,395.64062500
1,1546,14,15.73500000,-7.68597000,450.18206397,870.77923917,451.21875000,874.23437500
1,86,19,95.71460000,-19.49060000,1171.00069810,77.99901916,1162.53906250,81.09375000
1,2612,12,18.86650000,50.93410000,29.99850106,873.00107483,41.67187500,868.88281250
1,493,13,21.84000000,-46.34070000,320.61047012,632.08241537,316.10156250,632.17187500
1,2332,18,38.04330000,30.31280000,691.00076637,77.99837867,692.14062500,76.31250000
1,1196,20,80.45070000,-2.91650000,602.00030099,540.00130061,597.88281250,540.49218750
1,1092,17,66.07710000,11.56260000,217.93469045,876.92903674,215.15625000,876.18750000
1,2224,18,69.93680000,18.68750000,1066.97410075,981.46245639,1065.14843750,979.94531250
1,2432,15,21.37710000,52.25320000,1248.99835431,630.00000055,1244.15625000,628.53906250
1,2004,2,-96.06540000,-10.74940000,348.99910070,993.00120415,350.75000000,995.08593750
1,862,4,-66.64920000,-18.99260000,91.00072276,104.00150196,93.53906250,113.38281250
1,2522,15,14.11760000,31.22780000,597.99757727,856.99936802,598.41406250,859.10937500
1,1894,8,-40.66530000,-18.56400000,93.52517764,948.78788287,100.70312500,946.72656250
1,777,4,-62.80660000,-55.49590000,1248.99937962,329.99899535,1243.78125000,325.47656250
1,203,19,71.44650000,-28.17780000,897.91883066,801.81082781,893.78125000,804.36718750
1,2722,12,-2.44592000,49.90480000,111.51051613,451.85730567,110.83593750,452.96093750
1,380,13,45.14720000,-40.95060000,450.99941265,78.00040181,450.78906250,77.65625000
1,2907,9,-31.02700000,46.14040000,1044.89805844,611.89916057,1048.73437500,616.94531250
1,575,10,3.94653000,-22.43010000,200.00145771,616.99957555,196.61718750,619.43750000
1,3120,3,-96.51430000,46.10210000,1078.00091355,856.99961659,1080.96093750,854.04687500
1,2812,8,-13.42100000,15.48780000,1201.55697941,96.44520267,1197.13281250,99.64843750
1,280,16,65.13820000,-46.08300000,946.00069529,747.99998605,948.38281250,749.25781250
1,1374,18,38.91990000,17.09080000,1121.31691694,36.01116739,1121.34375000,41.85156250
1,1643,11,-0.54376200,-0.53241000,602.00064825,481.99911042,601.67968750,481.65625000
1,1280,14,40.47640000,4.29449000,827.97242942,99.26200384,826.99218750,96.50000000
1,1823,1,-67.15370000,-20.28890000,1135.34006440,102.62318143,1134.20312500,101.14843750
1,675,7,-5.14758000,-53.75090000,29.99759570,92.99983521,30.46875000,98.84375000
1,2332,15,38.04330000,30.31280000,561.55037268,232.02373954,559.50781250,230.14843750
1,862,1,-66.64920000,-18.99260000,1178.33666301,80.38561543,1174.81250000,79.71093750
1,2005,2,-96.06290000,-12.57840000,288.99915074,992.99836606,291.28125000,994.29687500
1,2433,15,18.28200000,52.05170000,1249.00006837,690.00057798,1244.33593750,687.79687500
1,3020,6,-57.37150000,47.72550000,187.33024840,429.54103632,183.78906250,427.98437500
1,86,20,95.71460000,-19.49060000,57.02668603,62.77185154,58.16406250,69.89843750
1,381,16,44.32070000,-37.22850000,668.99414220,256.64494149,671.10156250,254.38281250
1,1454,10,13.48050000,-18.02260000,65.85749104,923.84150001,68.53125000,922.98437500
1,2225,21,77.89820000,19.02360000,200.00211911,617.00038148,193.78125000,618.07031250
1,2613,15,15.99160000,51.35300000,1232.05644518,736.90320985,1227.06250000,734.24218750
1,2522,12,14.11760000,31.22780000,677.86302850,868.66007208,680.00781250,870.37500000
1,988,2,-70.36120000,-18.93430000,84.72053915,189.56363440,86.37500000,193.11718750
1,2907,6,-31.02700000,46.14040000,169.00043588,993.00073388,171.43750000,985.59375000
1,203,16,71.44650000,-28.17780000,408.99898943,992.99875646,410.20312500,992.67187500
1,1723,8,-17.04610000,-20.66220000,30.00139173,212.99952018,33.10156250,218.75781250
1,2722,9,-2.44592000,49.90480000,1249.00080928,29.99953697,1245.53906250,46.38281250
1,576,10,-4.15393000,-22.40450000,200.00030128,376.99942863,196.33593750,377.44531250
1,1546,11,15.73500000,-7.68597000,829.00018541,992.99747266,832.26562500,993.86718750
1,2812,12,-13.42100000,15.48780000,1185.71511106,81.18601109,1179.53906250,84.40625000
1,2124,21,99.99350000,50.76600000,1249.00123779,149.99917816,1236.46875000,155.38281250
1,1197,20,81.65620000,-2.06970000,627.99982325,503.00086790,622.30468750,502.98437500
1,1093,20,66.07430000,9.76337000,1008.99951739,992.99919050,1005.68750000,990.98437500
1,778,4,-59.70780000,-55.70210000,1248.99945691,389.99883897,1244.92968750,384.88281250
1,493,10,21.84000000,-46.34070000,1008.99921572,992.99917372,1013.50000000,993.10156250
1,3121,3,-94.98180000,38.76150000,837.99847805,856.99952641,842.42187500,857.96093750
1,281,19,65.35670000,-46.06220000,318.32161289,886.62488964,310.20312500,887.79687500
1,2006,2,-96.06010000,-14.38520000,229.00004960,992.99887718,232.34375000,993.32812500
1,1374,15,38.91990000,17.09080000,140.32964201,157.82916552,140.12500000,160.40625000
1,2333,18,38.71500000,26.57920000,810.99835711,77.99898049,812.69531250,77.00000000
1,2434,15,15.23960000,51.77340000,1249.00088351,749.99925823,1245.70312500,746.73437500
1,1644,11,-0.54376200,-2.94299000,676.00063174,482.00051141,676.91406250,481.45312500
1,2226,21,85.99660000,18.98980000,200.00018442,376.99913238,193.21875000,377.58593750
1,676,10,-2.47052000,-53.21160000,1168.80194724,450.70592562,1174.78906250,448.42187500
1,381,13,44.32070000,-37.22850000,571.00028443,77.99866496,570.69531250,77.01562500
1,3020,3,-57.37150000,47.72550000,1170.00129003,29.99952898,1163.15625000,35.18750000
1,862,5,-66.64920000,-18.99260000,1202.60742213,106.44607094,1195.07812500,110.10937500
1,1281,17,40.47530000,0.51831100,571.00073714,78.00145892,569.92187500,73.47656250
1,2812,9,-13.42100000,15.48780000,91.00111266,103.99917505,99.28125000,102.40625000
1,1454,14,13.48050000,-18.02260000,108.00215304,944.00141528,117.60156250,943.10937500
1,2613,12,15.99160000,51.35300000,29.99872098,812.99947075,40.25781250,810.35937500
1,2908,9,-30.39820000,47.84720000,1099.68622734,596.76549876,1103.14062500,602.08593750
1,1823,5,-67.15370000,-20.28890000,1248.99878796,89.99861430,1238.40625000,94.69531250
1,779,4,-56.57230000,-55.82840000,1248.99803614,449.99896590,1245.75781250,444.50781250
1,1093,17,66.07430000,9.76337000,277.02191053,876.93651712,273.50781250,877.39843750
1,2723,12,-5.12390000,50.44590000,89.99205015,399.35947925,90.17968750,401.05468750
1,577,10,-8.15710000,-26.33300000,331.99916289,268.00012140,327.96875000,266.35937500
1,1547,14,15.73340000,-5.81476000,509.26400135,870.78598873,510.42968750,874.23437500
1,204,19,71.09490000,-26.35640000,955.19283133,817.66805756,951.01562500,819.69531250
1,2523,15,15.19270000,23.68850000,357.99849662,857.00212089,357.50000000,857.97656250
1,1198,20,81.65620000,-1.35284000,650.00017252,503.00175980,644.30468750,502.94531250
1,1724,10,-15.15620000,-20.55370000,159.19650459,33.90697811,160.43750000,37.97656250
1,87,19,95.63640000,-19.00220000,1188.00001796,77.99790303,1178.73437500,81.46875000
1,989,1,-74.19350000,-19.09190000,1188.00114989,317.99779634,1189.63281250,314.60156250
1,1895,7,-39.86400000,-18.51090000,1197.54289185,933.80107542,1201.62500000,850.60937500
1,494,13,21.29820000,-44.55830000,375.96141661,647.24485332,371.46875000,647.79687500
1,2125,21,97.13090000,51.18800000,1248.99964405,209.99907474,1237.70312500,213.91406250
1,1645,11,1.34595000,-2.94299000,675.99994613,539.99935530,677.17187500,540.62500000
1,3122,3,-93.71220000,31.18690000,598.00068053,856.99914434,600.27343750,859.60156250
1,2435,15,12.26500000,51.42220000,1248.99903215,810.00003657,1245.03125000,805.50000000
1,2227,21,90.02720000,22.91460000,331.99950739,267.99932995,324.17968750,267.42187500
1,2007,2,-96.05690000,-16.16670000,169.00127029,992.99918059,173.63281250,992.31250000
1,2333,15,38.71500000,26.57920000,446.99804390,200.36739152,444.19531250,199.31250000
1,1375,14,37.03200000,17.19950000,1249.00014340,210.00204396,1242.42187500,208.47656250
1,676,7,-2.47052000,-53.21160000,30.00009162,32.99946637,31.43750000,40.16406250
1,281,16,65.35670000,-46.06220000,945.99932660,752.99990908,949.14062500,754.16406250
1,2813,12,-14.87970000,18.81810000,1068.82403513,51.55041077,1065.42968750,53.74218750
1,3021,6,-56.71280000,49.39940000,132.83133394,444.57371240,130.34375000,443.07031250
1,2614,12,13.03400000,51.70420000,29.99793819,752.99965304,38.66406250,751.44531250
1,382,16,43.56590000,-33.48300000,555.16436343,225.27826339,555.88281250,223.17187500
1,780,4,-53.41840000,-55.87300000,1248.99846284,510.00019197,1246.47656250,504.12500000
1,1281,14,40.47530000,0.51831100,708.29656500,99.23160223,706.88281250,96.69531250
1,1454,11,13.48050000,-18.02260000,1166.27953399,918.83117844,1164.06250000,915.89843750
1,862,2,-66.64920000,-18.99260000,74.82935037,70.24947747,78.99218750,76.72656250
1,1094,20,66.07180000,7.94104000,948.99992018,992.99916268,946.52343750,992.05468750
1,1199,20,81.10240000,-1.35284000,649.99942286,519.99793936,644.37500000,519.89843750
1,1724,7,-15.15620000,-20.55370000,1131.46815792,169.48994841,1133.03906250,165.20312500
1,578,10,-9.79224000,-41.64340000,812.00119756,267.99933714,815.92968750,263.68750000
1,1547,11,15.73340000,-5.81476000,768.99935664,993.00090779,772.32031250,994.39843750
1,1823,2,-67.15370000,-20.28890000,30.83949786,86.77630395,37.17187500,94.39062500
1,2523,12,15.19270000,23.68850000,911.45056683,934.02010299,914.21093750,932.95312500
1,2126,21,94.18570000,51.54280000,1248.99771875,269.99951210,1238.71093750,272.75000000
1,2908,6,-30.39820000,47.84720000,109.00101293,992.99964998,113.39062500,983.96875000
1,87,20,95.63640000,-19.00220000,74.23668013,65.29112780,74.32031250,71.82812500
1,2723,9,-5.12390000,50.44590000,1249.00029860,90.00054413,1246.34375000,104.01562500
1,2008,2,-96.05330000,-17.92020000,108.99803850,992.99899714,115.52343750,991.10156250
1,1895,4,-39.86400000,-18.51090000,75.44067480,941.64787278,84.50000000,940.87500000
1,989,2,-74.19350000,-19.09190000,84.89122553,309.83380316,85.10156250,311.93750000
1,3123,3,-92.64230000,23.64700000,358.00003292,856.99891489,358.94531250,858.94531250
1,3021,3,-56.71280000,49.39940000,1229.99948811,29.99942175,1220.79687500,36.65625000
1,204,16,71.09490000,-26.35640000,348.99890531,993.00018046,350.50000000,991.88281250
1,2435,12,12.26500000,51.42220000,42.26768962,739.19183868,47.76562500,737.59375000
1,1455,13,13.48170000,-18.51670000,1183.59221136,940.43283703,1178.90625000,937.27343750
1,1724,8,-15.15620000,-20.55370000,30.00031656,152.99758884,33.89062500,160.03906250
1,1646,11,1.34595000,-0.53241000,602.00065660,540.00078356,602.14843750,540.65625000
1,2334,18,39.33550000,22.88840000,930.99822914,78.00078822,932.77343750,78.44531250
1,282,16,63.34800000,-30.75630000,465.99801850,753.00047946,464.79687500,755.51562500
1,1282,17,40.47580000,-3.27667000,690.99897098,78.00151856,691.16406250,73.65625000
1,2615,12,10.00630000,51.98280000,29.99995896,692.99851426,37.45312500,692.37500000
1,863,4,-65.17350000,-22.32310000,200.00030268,164.00079025,197.76562500,168.73437500
1,1375,15,37.03200000,17.19950000,140.36809962,216.74988589,139.35156250,218.39062500
1,781,4,-50.26520000,-55.83520000,1248.99980893,570.00046960,1247.00781250,563.75781250
1,382,13,43.56590000,-33.48300000,690.99880552,77.99928797,691.18750000,76.80468750
1,1094,17,66.07180000,7.94104000,336.10966950,876.94082993,332.21875000,878.43750000
1,2813,9,-14.87970000,18.81810000,200.00040793,163.99975048,203.54687500,159.92187500
1,578,7,-9.79224000,-41.64340000,445.13154174,118.44180028,440.31250000,114.70312500
1,677,10,-5.10583000,-51.91320000,1128.91637455,395.94924093,1135.05468750,393.36718750
1,2228,21,91.84080000,38.22370000,812.00004696,267.99828716,808.40625000,266.33593750
1,494,10,21.29820000,-44.55830000,948.99864309,993.00205587,953.70312500,994.25781250
1,1200,20,81.10230000,-2.06964000,628.00091464,520.00008904,624.13281250,519.91406250
1,88,19,91.88870000,-19.24620000,1187.99930036,197.99838210,1181.28125000,199.27343750
1,2127,21,91.17050000,51.82570000,1248.99908902,330.00038613,1239.57812500,331.88281250
1,2009,2,-96.04940000,-19.64290000,48.99898562,993.00129276,57.73437500,989.81250000
1,1548,14,15.73210000,-3.93488000,568.33849853,870.79660125,569.19531250,874.09375000
1,3022,6,-56.49690000,49.92220000,115.61112564,449.32245363,113.41406250,447.82812500
1,990,1,-78.08330000,-19.17690000,1188.00170370,437.99883571,1191.37500000,434.85937500
1,1455,10,13.48170000,-18.51670000,82.95982849,921.57913871,85.78906250,921.12500000
1,2909,9,-29.73560000,49.52090000,1154.30033922,581.67942799,1156.75781250,587.44531250
1,1647,11,0.14032000,-1.37927000,628.00033442,502.99925954,628.46093750,502.98437500
1,2436,15,9.37146000,51.00310000,1249.00076673,870.00003173,1244.13281250,863.98437500
1,2524,15,15.81300000,18.87110000,199.99991856,857.00152996,201.54687500,855.89062500
1,1824,4,-65.29110000,-20.41440000,136.44599061,152.93000732,135.98437500,159.47656250
1,3124,3,-92.02500000,18.82920000,199.99885861,857.00069081,202.87500000,857.57812500
1,283,16,62.91190000,-26.52690000,331.99890891,753.00184548,330.89843750,754.64062500
1,1725,10,-13.29160000,-20.42770000,149.87971257,92.33183160,150.46093750,95.25000000
1,2724,12,-7.90338000,50.93080000,67.94143697,345.56529209,69.13281250,348.02343750
1,1895,8,-39.86400000,-18.51090000,97.19867512,922.77571247,103.59375000,921.58593750
1,205,19,70.75720000,-24.55280000,1012.68146931,833.58700257,1007.62500000,834.83593750
1,1282,14,40.47580000,-3.27667000,588.62676983,99.20483731,586.55468750,97.58593750
1,2616,12,6.92365000,52.18490000,30.00148615,632.99980450,36.68750000,633.02343750
1,782,4,-47.13170000,-55.71550000,1248.99900024,629.99960928,1247.25000000,623.22656250
1,383,16,42.87440000,-29.74760000,440.42220166,193.66113244,440.67187500,192.06250000
1,2814,12,-13.85520000,26.18840000,833.26484820,117.40233212,833.29687500,115.47656250
1,2334,15,39.33550000,22.88840000,331.59122106,168.47366819,329.21093750,168.82812500
1,495,13,20.78170000,-42.75420000,431.47492039,662.45712096,427.42968750,663.40625000
1,863,1,-65.17350000,-22.32310000,1061.65206295,50.74850443,1060.47656250,49.07031250
1,1095,20,66.06970000,6.09882000,889.00017419,992.99933752,887.01562500,992.95312500
1,3022,3,-56.49690000,49.92220000,1248.99999914,30.00061893,1239.07031250,37.10156250
1,2128,21,88.10010000,52.03260000,1248.99998047,389.99943697,1240.39062500,391.14062500
1,88,20,91.88870000,-19.24620000,73.92001754,185.89642531,72.09375000,189.38281250
1,1455,14,13.48170000,-18.51670000,90.99805406,943.99911179,100.35937500,942.80468750
1,579,10,-10.36380000,-45.86540000,945.99978222,268.00055693,950.97656250,263.97656250
1,2010,1,-96.04800000,-20.18160000,1133.18045384,992.29520731,1134.89843750,988.07031250
1,1376,14,35.12270000,17.28990000,1249.00062119,269.99860318,1244.25781250,267.34375000
1,990,2,-78.08330000,-19.17690000,85.06117274,430.03275176,84.66406250,431.81250000
1,1201,17,39.02840000,16.83800000,29.99888197,30.00147954,1030.30468750,642.57812500
1,2524,12,15.81300000,18.87110000,1066.99746456,977.54618738,1067.16406250,972.82031250
1,2436,12,9.37146000,51.00310000,64.96794006,683.94170299,68.48437500,683.36718750
1,3125,3,-84.05650000,19.17930000,200.00136807,617.00076295,198.74218750,618.85156250
1,284,16,46.02430000,-26.53990000,331.99974306,272.99977072,330.75781250,271.85156250
1,1648,11,0.14032000,-2.09613000,650.00070453,502.99937155,650.75781250,503.04687500
1,677,7,-5.10583000,-51.91320000,91.00102678,77.99946106,89.64062500,82.37500000
1,2229,21,92.48890000,42.44530000,945.99975007,267.99973419,942.37500000,267.15625000
1,1548,11,15.73210000,-3.93488000,709.00001281,993.00036262,712.62500000,994.68750000
1,2909,6,-29.73560000,49.52090000,48.99848850,992.99907631,55.96093750,982.10937500
1,2617,12,3.80261000,52.30760000,30.00023474,572.99993934,35.49218750,573.53906250
1,1725,7,-13.29160000,-20.42770000,1131.47788666,110.74903268,1131.68750000,106.88281250
1,783,4,-44.03610000,-55.51580000,1248.99907148,689.99923099,1247.21875000,682.77343750
1,2814,9,-13.85520000,26.18840000,440.00017832,164.00184250,442.00781250,159.83593750
1,1895,5,-39.86400000,-18.51090000,1187.99830088,944.00142030,1182.28906250,937.64843750
1,495,10,20.78170000,-42.75420000,888.99850375,992.99949074,893.62500000,995.25000000
1,1283,17,40.47800000,-7.05750000,810.99957406,78.00110704,812.51562500,74.45312500
1,1824,1,-65.29110000,-20.41440000,1126.20981141,44.29032294,1123.75000000,43.96875000
1,89,19,88.05050000,-19.42250000,1187.99842986,317.99901068,1182.71093750,318.35156250
1,383,13,42.87440000,-29.74760000,810.99966945,77.99893342,811.29687500,77.57812500
1,2724,9,-7.90338000,50.93080000,1249.00054162,150.00026988,1247.38281250,162.25781250
1,1455,11,13.48170000,-18.51670000,1183.21349269,918.83162516,1181.35156250,915.52343750
1,205,16,70.75720000,-24.55280000,288.99956030,992.99930051,291.51562500,990.84375000
1,2129,21,84.99080000,52.16050000,1248.99997872,450.00078980,1240.92968750,450.50000000
1,864,4,-66.15050000,-29.69310000,439.99889774,163.99890498,435.65625000,163.92187500
1,579,7,-10.36380000,-45.86540000,315.08275583,155.10397883,309.85156250,153.36718750
1,2335,18,39.91030000,19.27090000,1050.99827791,77.99907930,1051.32031250,80.38281250
1,1095,17,66.06970000,6.09882000,395.20080054,876.94495256,391.07812500,879.32812500
1,3023,6,-59.17690000,50.46130000,94.09648677,396.85437902,93.10937500,395.78906250
1,991,1,-81.99550000,-19.18610000,1187.99966805,558.00030437,1192.01562500,555.46875000
1,285,16,49.02140000,-30.59570000,454.99920751,364.99939649,453.99218750,363.45312500
1,3126,3,-75.94940000,19.15670000,200.00098803,377.00077476,197.68750000,378.12500000
1,2437,15,6.56982000,50.52140000,1249.00046270,929.99941180,1242.79687500,922.21093750
1,2010,2,-96.04800000,-20.18160000,30.00165276,992.99909932,39.56250000,989.42968750
1,2525,15,23.78370000,19.22450000,199.99811148,616.99964698,198.30468750,617.93750000
1,1649,11,0.69427500,-2.09613000,650.00060952,520.00018186,650.89843750,520.22656250
1,1725,8,-13.29160000,-20.42770000,30.00232600,93.00079764,34.90625000,101.46875000
1,1376,15,35.12270000,17.28990000,140.40560474,275.66588919,139.03906250,276.57031250
1,1283,14,40.47800000,-7.05750000,468.95807350,99.17851470,466.23437500,99.11718750
1,1896,8,-39.87060000,-14.97240000,216.71419293,922.81447299,219.92968750,923.31250000
1,2230,21,71.07920000,42.50280000,945.99882568,747.99887560,944.18750000,748.47656250
1,1549,14,15.73120000,-2.05029000,627.40708591,870.80794900,630.14062500,873.72656250
1,2618,12,0.66125500,52.34890000,30.00114798,512.99968465,33.20312500,514.04687500
1,678,10,-6.26300000,-48.45320000,1018.30019955,365.41361515,1024.75000000,362.40625000
1,784,4,-40.99540000,-55.23910000,1249.00143181,749.99871038,1247.10937500,742.13281250
1,1201,14,39.02840000,16.83800000,1240.41490533,146.50716926,1232.66406250,146.20312500
1,496,13,20.28920000,-40.93200000,487.15420490,677.71169359,483.60937500,679.07031250
1,2910,9,-29.51830000,50.04350000,1171.55513540,576.91162316,1173.58593750,582.79687500
1,2815,12,-12.63420000,33.76770000,600.94693861,182.35162963,599.53906250,180.05468750
1,580,13,11.05960000,-45.90140000,301.14704849,877.05658079,299.19531250,876.18750000
1,1824,5,-65.29110000,-20.41440000,1248.99819616,149.99852863,1239.75000000,153.25781250
1,2130,21,81.86070000,52.20750000,1248.99893645,509.99925721,1241.20312500,509.92187500
1,384,16,42.23890000,-26.05520000,324.75838768,161.78968898,325.49218750,161.53906250
1,2335,15,39.91030000,19.27090000,215.32146297,136.34500239,215.10156250,139.12500000
1,1456,13,17.22270000,-18.73710000,1183.76622836,820.60948419,1181.51562500,819.88281250
1,1096,20,66.06800000,4.24023000,828.99975244,992.99991423,827.24218750,993.73437500
1,206,19,70.43270000,-22.77040000,1070.38726303,849.56591515,1064.15625000,849.95312500
1,89,20,88.05050000,-19.42250000,73.60337777,306.42178067,70.10156250,308.26562500
1,3023,3,-59.17690000,50.46130000,1249.00026566,90.00082380,1240.62500000,94.92968750
1,286,16,48.24930000,-42.48260000,822.99906544,365.00093694,826.06250000,363.71093750
1,3127,3,-71.91860000,23.08580000,332.00016811,267.99968730,328.95312500,267.63281250
1,864,1,-66.15050000,-29.69310000,826.41435831,116.53373828,827.11718750,111.69531250
1,2526,15,31.89330000,19.20450000,199.99806234,377.00024179,197.69531250,377.72656250
1,2725,12,-10.77650000,51.35360000,45.33790414,290.42464524,47.64843750,294.00000000
1,1284,17,40.48190000,-10.79170000,930.99936848,78.00090558,933.57031250,75.89843750
1,991,2,-81.99550000,-19.18610000,85.22838802,550.15854984,84.85937500,552.07031250
1,2011,1,-94.21360000,-20.32350000,1133.26891968,933.29687155,1135.99218750,930.43750000
1,1650,11,0.69427500,-1.37927000,628.00023944,520.00031640,628.52343750,520.17187500
1,678,7,-6.26300000,-48.45320000,210.99965375,77.99994700,207.07812500,79.21093750
1,2619,12,-2.48157000,52.30830000,29.99949876,453.00051450,32.53906250,454.71093750
1,1726,10,-11.45540000,-20.28550000,140.79751244,149.31657478,140.56250000,151.34375000
1,1549,11,15.73120000,-2.05029000,649.00079134,992.99906436,650.96875000,994.78906250
1,1896,5,-39.87060000,-14.97240000,1067.99939897,944.00072836,1066.15625000,940.61718750
1,1377,14,33.19560000,17.36120000,1249.00049549,329.99880423,1243.38281250,326.60156250
1,2815,9,-12.63420000,33.76770000,679.99904896,164.00047112,684.45312500,161.78906250
1,2910,6,-29.51830000,50.04350000,30.00034375,993.00046088,37.86718750,981.53125000
1,496,10,20.28920000,-40.93200000,828.99891409,993.00013951,833.24218750,996.12500000
1,2437,12,6.56982000,50.52140000,87.11173735,630.05099773,89.10156250,630.21093750
1,2230,18,71.07920000,42.50280000,308.63002629,885.01960379,307.24218750,883.46875000
1,1096,17,66.06800000,4.24023000,454.29582341,876.94869180,450.27343750,880.11718750
1,580,10,11.05960000,-45.90140000,946.00143292,747.99909412,952.22656250,750.25781250
1,1201,18,39.02840000,16.83800000,1130.22181525,38.14319026,1129.77343750,44.13281250
1,785,7,-38.02470000,-54.88920000,36.50641946,744.56224981,37.62500000,747.71093750
1,1456,14,17.22270000,-18.73710000,91.00055547,824.00059717,97.17187500,825.73437500
1,2131,21,78.72810000,52.17300000,1248.99957094,569.99978944,1241.32031250,569.22656250
1,1825,4,-63.40330000,-20.52270000,136.37765203,211.92985024,135.25000000,217.35937500
1,287,16,60.68870000,-42.48200000,823.00075261,656.00057880,825.83593750,657.59375000
1,90,19,84.15390000,-19.52490000,1187.99907117,437.99939654,1183.19531250,438.16406250
1,206,16,70.43270000,-22.77040000,229.00011351,992.99859093,232.82812500,989.67968750
1,2011,2,-94.21360000,-20.32350000,30.00040836,933.00040755,38.00000000,931.15625000
1,384,13,42.23890000,-26.05520000,931.00140764,77.99890594,930.82812500,78.82031250
1,2725,9,-10.77650000,51.35360000,1249.00173698,210.00035798,1248.26562500,220.79687500
1,3128,6,-70.12100000,38.39650000,447.18082507,114.27026840,445.76562500,112.78125000
1,3024,6,-61.95830000,50.94400000,72.05199781,343.08772747,72.34375000,342.58593750
1,679,10,-7.30695000,-44.87920000,906.94724602,334.67514535,912.67968750,331.18750000
1,2527,15,35.92440000,23.13460000,331.99939787,268.00187624,328.70312500,267.67187500
1,1550,14,15.73080000,-0.16497800,686.47222073,870.81686230,688.37500000,873.34375000
1,497,13,19.81900000,-39.09560000,542.99812784,693.01307983,540.00781250,694.75781250
1,992,1,-85.89380000,-19.11900000,1188.00033255,678.00098711,1191.82031250,675.69531250
1,1897,8,-39.87560000,-11.32750000,336.26880926,922.85268386,337.57812500,924.58593750
1,1284,14,40.48190000,-10.79170000,349.29363657,99.15195793,346.42187500,101.30468750
1,865,4,-67.29940000,-37.27210000,679.99945402,164.00063270,677.41406250,160.98437500
1,1651,10,-11.36440000,-20.27800000,140.34991479,152.12874891,140.50781250,154.38281250
1,2911,9,-32.20490000,50.58390000,1193.20159189,629.44695758,1193.90625000,635.02343750
1,1377,15,33.19560000,17.36120000,140.44252324,334.58754768,136.35156250,334.88281250
1,1726,7,-11.45540000,-20.28550000,1131.48272357,52.02481425,1130.28125000,49.02343750
1,2231,21,70.86090000,42.48260000,945.99960171,753.00046453,943.41406250,753.57031250
1,2620,12,-5.60718000,52.18630000,29.99887450,393.00009263,32.40625000,395.39843750
1,785,4,-38.02470000,-54.88920000,1249.00053601,810.00009197,1246.69531250,801.15625000
1,2816,12,-11.15860000,41.28810000,371.80160629,246.41302766,368.65625000,245.78125000
1,2438,15,3.86835000,49.98300000,1248.99840720,990.00091777,1241.52343750,979.88281250
1,207,19,70.12070000,-21.01230000,1128.31399454,865.60467127,1120.58593750,864.76562500
1,581,13,11.27750000,-45.88090000,302.81306919,872.14188317,300.08593750,871.24218750
1,1457,13,21.05230000,-18.89150000,1183.93856203,700.75204623,1183.25781250,701.30468750
1,2132,21,75.61180000,52.05750000,1249.00022436,629.99910561,1241.22656250,628.60937500
1,2726,9,-13.73290000,51.70870000,1248.99976014,269.99991279,1248.88281250,279.61718750
1,1825,5,-63.40330000,-20.52270000,1248.99908496,209.99942718,1241.35156250,211.64062500
1,2012,1,-92.35060000,-20.44920000,1133.35762981,874.31108395,1137.03906250,872.48437500
1,1201,15,39.02840000,16.83800000,132.02489202,153.41995377,132.47656250,156.28906250
1,1097,20,66.06670000,2.36908000,769.00100470,993.00105487,767.17187500,994.32031250
1,90,20,84.15390000,-19.52490000,73.28843564,426.86694720,68.78125000,428.03906250
1,1285,17,40.48740000,-14.44930000,1051.00033516,77.99901821,1052.18750000,77.92187500
1,992,2,-85.89380000,-19.11900000,85.39816960,670.21006759,85.96093750,671.97656250
1,288,16,59.77330000,-30.59410000,454.99905031,656.00189264,453.71093750,657.86718750
1,1897,5,-39.87560000,-11.32750000,948.00038460,944.00062666,948.22656250,943.46093750
1,497,10,19.81900000,-39.09560000,769.00034597,992.99904245,772.92968750,996.71093750
1,1378,14,31.25490000,17.41270000,1248.99882521,390.00146480,1246.40625000,386.21093750
1,2528,18,37.71910000,38.44560000,435.79999332,111.23976381,435.14062500,109.84375000
1,865,1,-67.29940000,-37.27210000,594.18890251,181.47275801,592.47656250,177.23437500
1,2911,6,-32.20490000,50.58390000,30.00029989,932.99936085,36.20312500,923.85156250
1,786,7,-35.13710000,-54.47110000,59.35752755,689.23212952,58.50781250,692.89062500
1,2336,14,40.44450000,15.75340000,1205.93380069,100.85446726,1199.74218750,102.25781250
1,3128,3,-70.12100000,38.39650000,812.00094656,267.99933565,813.28125000,265.16406250
1,2438,12,3.86835000,49.98300000,108.72007948,577.46772452,109.35937500,578.09375000
1,1651,7,-11.36440000,-20.27800000,1131.48236634,49.08939714,1169.97656250,863.49218750
1,679,7,-7.30695000,-44.87920000,330.99984993,77.99986314,326.04687500,76.43750000
1,2621,12,-8.69727000,51.98470000,30.00016289,333.00046320,32.46093750,336.22656250
1,1550,11,15.73080000,-0.16497800,588.99919095,993.00028424,591.99218750,994.70312500
1,2816,9,-11.15860000,41.28810000,919.99851916,163.99992826,926.02343750,166.29687500
1,1285,14,40.48740000,-14.44930000,229.63166299,99.12705275,229.14062500,104.13281250
1,91,19,80.23410000,-19.54990000,1187.99986752,557.99961739,1183.05468750,558.34375000
1,2727,9,-16.75990000,51.99140000,1248.99919555,330.00041373,1249.25781250,338.76562500
1,1457,14,21.05230000,-18.89150000,91.00128859,704.00111133,94.33593750,707.33593750
1,1726,11,-11.45540000,-20.28550000,1241.88941589,141.28134925,1238.27343750,144.81250000
1,385,16,41.65310000,-22.43630000,208.16421548,129.65936169,211.09375000,131.48437500
1,1826,4,-61.49400000,-20.61280000,136.30959550,270.92400524,134.65625000,275.66406250
1,207,16,70.12070000,-21.01230000,168.99811102,992.99922753,174.26562500,988.50000000
1,2012,2,-92.35060000,-20.44920000,29.99942886,872.99959325,36.64062500,872.52343750
1,1097,17,66.06670000,2.36908000,513.39241122,876.95189028,509.85156250,880.73437500
1,289,16,51.63240000,-33.65060000,546.99896698,437.99933659,546.59375000,437.21093750
1,2231,18,70.86090000,42.48260000,310.29672333,880.09902644,309.60937500,878.77343750
1,993,1,-89.74270000,-18.97830000,1188.00055934,798.00088158,1190.60937500,795.28906250
1,581,10,11.27750000,-45.88090000,946.00016944,752.99935431,952.97656250,755.23437500
1,1898,8,-39.87900000,-7.60193000,455.86312364,922.89236929,457.10937500,925.20312500
1,498,13,19.36980000,-37.24890000,599.01066200,708.35944782,596.66406250,710.39062500
1,1378,15,31.25490000,17.41270000,140.47794648,393.51369985,137.96093750,393.82031250
1,2133,21,72.52970000,51.86270000,1248.99923523,690.00030610,1240.71093750,687.72656250
1,1202,17,39.02480000,15.12540000,90.00026957,30.00022796,1040.74218750,982.30468750
1,866,4,-68.67140000,-44.79210000,920.00217177,164.00174463,918.32031250,160.32812500
1,786,4,-35.13710000,-54.47110000,1249.00218681,870.00024787,1246.04687500,859.91406250
1,3129,6,-69.47750000,42.61860000,317.16733982,151.12623294,315.15625000,150.32031250
1,2528,15,37.71910000,38.44560000,811.99973398,267.99923428,812.90625000,266.14843750
1,1286,16,40.49460000,-18.00390000,60.37887281,73.04670905,69.08593750,79.18750000
1,2728,9,-19.84250000,52.19770000,1249.00075201,389.99957058,1249.45312500,398.05468750
1,2912,9,-34.99350000,51.06770000,1215.38729723,683.29291380,1214.25781250,688.42187500
1,1551,14,15.73080000,1.71686000,745.53010390,870.82652234,747.95312500,872.80468750
1,2439,15,3.73602000,49.95480000,1249.00159375,993.00032806,1241.35937500,982.78906250
1,2336,18,40.44450000,15.75340000,1170.99963749,78.00123572,1168.32812500,83.03906250
1,2013,1,-90.46250000,-20.55760000,1133.44685735,815.34249782,1137.77343750,814.00781250
1,1098,20,66.06590000,0.48913600,708.99976083,992.99957616,707.08593750,994.67968750
1,498,10,19.36980000,-37.24890000,709.00022485,992.99919835,712.41406250,997.14843750
1,208,19,69.82050000,-19.28160000,1186.45576766,881.70356617,1176.64062500,879.50000000
1,91,20,80.23410000,-19.54990000,72.97382461,547.23192060,68.52343750,548.07812500
1,582,10,9.30615000,-30.57260000,466.00149144,752.99997030,464.28125000,757.73437500
1,1458,13,24.93850000,-18.97420000,1184.10835660,580.86189950,1184.02343750,581.65625000
1,385,13,41.65310000,-22.43630000,1051.00185600,78.00134473,1049.14843750,80.81250000
1,2817,12,-10.00970000,46.07920000,222.64694532,288.11137127,220.24218750,289.09375000
1,680,10,-8.25262000,-41.21800000,794.85119429,303.73092102,798.44531250,299.75000000
1,1379,14,29.30520000,17.44400000,1248.99894801,449.99878415,1247.14843750,445.77343750
1,2622,12,-11.73500000,51.70650000,30.00150501,272.99938318,33.05468750,277.30468750
1,1651,11,-11.36440000,-20.27800000,1241.42652283,144.19636511,1238.38281250,147.87500000
1,993,2,-89.74270000,-18.97830000,85.56737392,790.18734978,87.68750000,791.29687500
1,1202,14,39.02480000,15.12540000,1181.30116447,146.49491537,1176.05468750,145.39843750
1,290,16,51.45730000,-39.63310000,731.00006493,438.00119865,733.41406250,437.18750000
1,1826,5,-61.49400000,-20.61280000,1249.00026715,270.00003537,1242.45312500,270.49218750
1,1726,8,-11.45540000,-20.28550000,29.99924197,33.00064022,35.99218750,43.35937500
1,1898,5,-39.87900000,-7.60193000,828.00052373,943.99908032,828.71093750,945.24218750
1,2134,21,69.49880000,51.59160000,1249.00042693,750.00054891,1240.08593750,746.67968750
1,787,7,-32.34320000,-53.99010000,81.64401627,635.27771905,79.64843750,639.21875000
1,2232,21,72.60740000,27.17190000,466.00043858,753.00107278,460.27343750,755.23437500
1,2912,6,-34.99350000,51.06770000,30.00100257,873.00081465,34.96093750,865.72656250
1,2729,9,-22.96420000,52.32450000,1249.00118200,450.00114038,1249.21875000,457.44531250
1,866,1,-68.67140000,-44.79210000,364.91879920,245.58589373,360.93750000,244.28906250
1,499,13,18.94030000,-35.39610000,655.18949254,723.75107750,653.72656250,725.96093750
1,92,19,76.32760000,-19.49690000,1188.00189088,677.99882354,1181.84375000,678.26562500
1,3129,3,-69.47750000,42.61860000,945.99993276,268.00011488,948.41406250,265.77343750
1,1551,11,15.73080000,1.71686000,528.99904747,993.00073899,531.88281250,994.37500000
1,2529,18,38.36180000,42.66780000,305.51930925,148.01894264,305.17968750,147.30468750
1,583,10,8.87750000,-26.34260000,331.99978917,753.00000005,329.37500000,757.16406250
1,2817,9,-10.00970000,46.07920000,1077.99973591,163.99984643,1082.33593750,170.39062500
1,994,1,-93.50930000,-18.76930000,1187.99980078,917.99834008,1189.07812500,913.79687500
1,1098,17,66.06590000,0.48913600,572.49459116,876.95763735,569.59375000,881.12500000
1,1286,13,40.49460000,-18.00390000,1203.88316107,93.54311496,1198.07031250,99.22656250
1,208,16,69.82050000,-19.28160000,109.00059694,992.99926922,116.29687500,987.11718750
1,1458,14,24.93850000,-18.97420000,90.99939833,584.00186363,92.14062500,587.79687500
1,1379,15,29.30520000,17.44400000,140.51508914,452.43683452,137.83593750,452.47656250
1,2439,12,3.73602000,49.95480000,109.78350780,574.87181692,110.43750000,575.42187500
1,1202,15,39.02480000,15.12540000,73.58150553,146.50355354,76.67187500,150.85156250
1,2336,15,40.44450000,15.75340000,98.17928146,103.97131449,102.28125000,109.91406250
1,291,16,57.47910000,-39.63160000,730.99952424,583.99882150,733.27343750,584.93750000
1,2013,2,-90.46250000,-20.55760000,29.99900485,813.00138226,35.37500000,813.54687500
1,787,4,-32.34320000,-53.99010000,1249.00038334,930.00017313,1244.88281250,918.44531250
1,386,16,41.11180000,-18.91760000,90.62829817,97.27300893,97.92187500,102.17187500
1,1651,8,-11.36440000,-20.27800000,29.99846448,30.00082794,35.61718750,40.26562500
1,499,10,18.94030000,-35.39610000,649.00154002,992.99966679,651.52343750,997.50781250
1,3130,3,-90.94600000,42.64650000,946.00131334,747.99887012,950.42968750,748.10156250
1,1727,10,-12.83480000,-18.64290000,87.84828759,98.65357275,90.32031250,103.22656250
1,2233,21,72.99750000,22.94140000,331.99924020,752.99977800,325.70312500,754.63281250
1,2135,21,66.53430000,51.24800000,1249.00077006,809.99948636,1239.27343750,805.42968750
1,2730,9,-26.10670000,52.36990000,1249.00048175,510.00032234,1248.88281250,516.92968750
1,680,7,-8.25262000,-41.21800000,451.00087918,78.00038899,446.68750000,74.34375000
1,2623,12,-14.70500000,51.35580000,29.99849803,213.00057980,33.59375000,218.53125000
1,92,20,76.32760000,-19.49690000,72.66062450,667.51585887,68.93750000,668.03906250
1,1827,4,-59.56710000,-20.68380000,136.23926895,329.91336639,134.25000000,334.29687500
1,994,2,-93.50930000,-18.76930000,85.73545207,910.08894474,90.35156250,909.44531250
1,2818,12,-21.10770000,47.13550000,136.05652820,54.06253749,138.87500000,61.35937500
1,1552,14,15.73120000,3.59119000,804.58063423,870.83686788,807.87500000,872.12500000
1,2529,15,38.36180000,42.66780000,945.99848131,268.00075103,947.10156250,266.88281250
1,2913,9,-37.87630000,51.48910000,1238.13833882,738.50340300,1235.10156250,742.88281250
1,584,10,-7.98401000,-26.34280000,331.99846749,272.99945215,328.56250000,271.37500000
1,208,20,69.82050000,-19.28160000,70.57096644,871.70315520,70.21875000,869.44531250
1,1899,8,-39.88060000,-3.82526000,575.49784447,922.92850073,577.04687500,925.25000000
1,867,4,-69.73070000,-49.58260000,1077.99839700,164.00035225,1074.19531250,160.99218750
1,1459,13,28.84640000,-18.98190000,1184.27965695,460.93736799,1184.11718750,461.78906250
1,1203,17,39.02160000,13.38140000,150.00132701,29.99988833,1089.82812500,994.29687500
1,1286,17,40.49460000,-18.00390000,1171.00052871,78.00066419,1171.78125000,80.49218750
1,292,16,57.22940000,-33.64910000,546.99937283,583.99946873,546.77343750,585.17187500
1,2440,15,4.36523000,48.29230000,1189.00020350,992.99998740,1183.94531250,984.53125000
1,1099,20,66.06550000,-1.39545000,649.00076098,992.99885430,646.84375000,994.86718750
1,1652,10,-11.36940000,-18.56540000,82.05614483,145.15646694,83.89062500,148.87500000
1,500,13,18.52920000,-33.54120000,711.53990358,739.19146004,710.79687500,741.51562500
1,1380,14,27.35060000,17.45480000,1249.00074181,510.00222906,1247.97656250,505.38281250
1,386,13,41.11180000,-18.91760000,1171.00007725,78.00032975,1165.65625000,83.24218750
1,2014,1,-88.55280000,-20.64770000,1133.53806715,756.38612129,1138.48437500,755.25781250
1,995,1,-94.31180000,-18.71570000,1187.99935066,944.00188644,1188.84375000,939.19531250
1,2135,18,66.53430000,51.24800000,41.44330316,744.24019151,45.55468750,739.42187500
1,2337,17,40.51710000,15.26450000,88.91605516,78.87604663,474.66406250,967.25000000
1,2234,21,89.85420000,22.92460000,332.00005000,273.00018288,324.85937500,272.43750000
1,681,10,-9.11243000,-37.50010000,682.00640281,272.58109426,683.44531250,268.47656250
1,1552,11,15.73120000,3.59119000,469.00049730,993.00049166,471.07031250,993.89062500
1,1727,7,-12.83480000,-18.64290000,1191.28608008,87.76146848,1189.53125000,84.92187500
1,209,19,69.53150000,-17.58070000,1244.82013650,897.86267813,1232.14062500,894.11718750
1,788,7,-29.65110000,-53.45230000,103.38128952,582.64700476,99.92968750,586.43750000
1,1899,5,-39.88060000,-3.82526000,707.99934873,944.00114738,701.77343750,182.45312500
1,1827,5,-59.56710000,-20.68380000,1248.99910227,330.00143663,1243.29687500,329.67187500
1,867,1,-69.73070000,-49.58260000,215.57571054,287.35035157,212.27343750,288.52343750
1,2913,6,-37.87630000,51.48910000,29.99873244,812.99920334,33.59375000,807.17968750
1,585,10,-4.99396000,-30.39970000,455.00028794,364.99997318,451.74218750,362.98437500
1,2623,9,-14.70500000,51.35580000,1233.60597419,287.45882065,1234.57812500,296.33593750
1,1203,14,39.02160000,13.38140000,1122.18874070,146.48177111,1118.95312500,144.67968750
1,1459,14,28.84640000,-18.98190000,90.99893249,464.00094695,90.89843750,468.22656250
1,2818,9,-21.10770000,47.13550000,1077.99956723,403.99980425,1082.89062500,408.75781250
1,3131,3,-91.16470000,42.62580000,945.99917959,752.99932695,951.13281250,752.96875000
1,2530,15,16.87630000,42.68880000,946.00137313,747.99892500,949.32031250,748.61718750
1,293,16,53.30460000,-35.46530000,602.00137374,481.99925124,602.64843750,481.78125000
1,500,10,18.52920000,-33.54120000,588.99892806,992.99835985,590.91406250,997.56250000
1,1652,7,-11.36940000,-18.56540000,1190.28714492,40.01130695,1209.28906250,852.07812500
1,1286,14,40.49460000,-18.00390000,109.97353555,99.09860998,111.32031250,107.48437500
1,93,19,72.47000000,-19.36850000,1188.00003814,798.00102755,1180.02343750,797.25000000
1,2440,12,4.36523000,48.29230000,164.31409137,589.90977443,163.62500000,590.49218750
1,209,16,69.53150000,-17.58070000,49.00134474,993.00073465,59.01562500,985.60937500
1,2731,9,-29.25130000,52.33330000,1249.00096563,569.99867966,1248.39843750,576.42187500
1,2235,21,86.90120000,26.98430000,455.00047501,365.00011374,446.95312500,363.78906250
1,1553,14,15.73200000,5.45416000,863.62643867,870.84779687,867.07812500,871.25781250
1,386,17,41.11180000,-18.91760000,1201.06784830,97.97648262,1201.77343750,100.95312500
1,1099,17,66.06550000,-1.39545000,631.59782063,876.96265658,629.39062500,881.43750000
1,586,10,-5.77203000,-42.28630000,823.00181041,364.99968071,827.56250000,361.89062500
1,2530,12,16.87630000,42.68880000,309.18957066,880.18955992,310.11718750,879.97656250
1,2014,2,-88.55280000,-20.64770000,30.00064843,753.00061307,34.26562500,754.28906250
1,1727,11,-12.83480000,-18.64290000,1188.05774791,96.96068945,1185.53125000,100.76562500
1,2136,21,63.64920000,50.83660000,1249.00002289,869.99937402,1238.17968750,863.80468750
1,1380,15,27.35060000,17.45480000,140.55384050,511.36811215,138.07031250,511.33593750
1,868,4,-58.58010000,-50.64000000,1078.00100828,404.00069834,1079.41406250,399.33593750
1,2337,14,40.51710000,15.26450000,1189.22062294,98.46860699,1183.41406250,99.65625000
1,681,7,-9.11243000,-37.50010000,571.00028386,77.99980103,567.83593750,72.82812500
1,2819,9,-32.62020000,47.08460000,1077.99954145,643.99885826,1080.84375000,649.19531250
1,1900,8,-39.88060000,-0.02972410,695.17027240,922.96832631,697.56250000,924.67187500
1,2914,6,-40.84270000,51.84240000,29.99950349,752.99839326,32.66406250,748.30468750
1,788,4,-29.65110000,-53.45230000,1249.00099738,989.99972694,1244.11718750,976.46093750
1,2624,12,-17.59430000,50.93710000,30.00061313,153.00013530,34.69531250,160.07812500
1,1204,17,39.01880000,11.60850000,210.00014240,30.00013587,1126.59375000,974.42968750
1,1828,4,-57.62690000,-20.73520000,136.17233543,388.89419884,134.14843750,393.07812500
1,501,13,18.13560000,-31.68850000,768.05865887,754.67520924,767.74218750,757.10937500
1,1652,11,-11.36940000,-18.56540000,1182.28281530,144.14743873,1181.14062500,146.71875000
1,1460,13,32.73980000,-18.91430000,1184.45225613,340.97999593,1183.17968750,342.34375000
1,3132,3,-89.37040000,27.31850000,465.99784688,752.99927421,465.66406250,755.92187500
1,209,20,69.53150000,-17.58070000,128.14895355,880.84114942,125.78125000,879.50781250
1,294,16,53.28560000,-37.87570000,676.00037181,481.99882243,677.75781250,481.78906250
1,2015,1,-86.62550000,-20.71880000,1133.62688370,697.44357478,1139.01562500,696.39843750
1,93,20,72.47000000,-19.36850000,72.34369375,787.72317821,70.40625000,787.05468750
1,2236,21,87.83390000,38.87030000,823.00079860,364.99953125,819.99218750,363.81250000
1,587,10,6.63159000,-42.29490000,822.99981866,656.00033845,828.09375000,658.19531250
1,2441,15,4.96320000,46.59580000,1128.99845455,993.00060274,1126.10156250,986.13281250
1,2531,15,16.65740000,42.66800000,945.99952559,753.00073427,948.67187500,753.66406250
1,2732,9,-32.37930000,52.21520000,1249.00033938,629.99901997,1247.82812500,635.87500000
1,1553,11,15.73200000,5.45416000,409.00089829,992.99964790,411.51562500,993.21093750
1,2819,6,-32.62020000,47.08460000,148.45315040,950.69193772,150.76562500,944.22656250
1,2337,18,40.51710000,15.26450000,1188.00018890,78.00041777,1184.89062500,83.48437500
1,501,10,18.13560000,-31.68850000,528.99781201,992.99987317,530.51562500,997.30468750
1,682,10,-9.89703000,-33.75830000,568.40379542,241.22123933,567.41406250,237.31250000
1,1287,16,40.49570000,-18.49780000,77.55208194,75.47802722,85.67968750,81.08593750
1,2915,6,-43.87970000,52.12290000,29.99778493,693.00013408,31.82812500,689.23437500
1,1381,14,25.39600000,17.44490000,1249.00102261,570.00066066,1248.63281250,565.24218750
1,868,1,-58.58010000,-50.64000000,128.60683189,53.02910180,130.05468750,59.72656250
1,789,7,-29.51930000,-53.42400000,104.45507168,580.04975439,101.12500000,583.79687500
1,2136,18,63.64920000,50.83660000,64.13488795,688.92243183,66.63281250,685.25000000
1,1727,8,-12.83480000,-18.64290000,90.99839857,77.99946320,93.69531250,85.02343750
1,1900,5,-39.88060000,-0.02972410,587.99935117,943.99953851,564.13281250,172.25000000
1,386,14,41.11180000,-18.91760000,77.09859082,79.12319725,79.67187500,88.96875000
1,209,17,69.53150000,-17.58070000,1159.64650191,989.07190991,1157.15625000,987.29687500
1,1100,20,66.06550000,-3.28076000,588.99925009,992.99891826,586.25781250,994.86718750
1,1652,8,-11.36940000,-18.56540000,90.00052886,29.99958035,93.57031250,38.50000000
1,1828,5,-57.62690000,-20.73520000,1249.00144780,389.99945721,1244.18750000,389.44531250
1,295,16,55.62660000,-37.87510000,676.00012538,540.00086656,677.75781250,540.42187500
1,3133,3,-88.97030000,23.08890000,332.00167418,752.99831545,331.62500000,755.39843750
1,2015,2,-86.62550000,-20.71880000,29.99982240,692.99933183,33.38281250,694.84375000
1,2237,21,75.43710000,38.89150000,823.00006247,655.99907452,820.65625000,657.21093750
1,1460,14,32.73980000,-18.91430000,90.99968547,344.00007687,90.53125000,348.83593750
1,1204,14,39.01880000,11.60850000,1063.07944109,146.46805194,1061.21093750,144.05468750
1,2820,9,-42.46840000,46.11610000,1078.00130091,857.00060231,1076.73437500,860.47656250
1,94,19,68.69460000,-19.16970000,1188.00161629,918.00056223,1177.28906250,915.03906250
1,2624,9,-17.59430000,50.93710000,1210.98714405,342.65932625,1212.95312500,350.28906250
1,502,13,17.75840000,-29.84220000,824.74339248,770.20427318,824.75000000,772.50781250
1,682,7,-9.89703000,-33.75830000,691.00026766,78.00003185,689.70312500,71.93750000
1,588,10,5.73804000,-30.40620000,455.00121741,656.00033977,452.65625000,659.49218750
1,2916,6,-46.97250000,52.32640000,30.00069544,633.00007209,31.17187500,629.89843750
1,2531,12,16.65740000,42.66800000,310.86162904,875.27707019,312.37500000,875.32812500
1,2441,12,4.96320000,46.59580000,219.02451822,604.99640878,217.46093750,605.65625000
1,1728,11,-12.84370000,-15.10470000,1068.30938301,96.85945526,1069.29687500,98.32031250
1,2337,15,40.51710000,15.26450000,81.51255233,99.36639828,86.25000000,105.82812500
1,789,4,-29.51930000,-53.42400000,1248.99996226,992.99954669,1243.84375000,979.39843750
1,210,16,69.44220000,-17.04860000,29.99870261,993.00114227,41.19531250,985.17187500
1,1287,13,40.49570000,-18.49780000,1186.82684977,95.79520395,1181.50000000,101.03906250
1,869,7,-47.03930000,-50.58500000,137.58315087,953.29755086,140.79687500,954.34375000
1,1100,17,66.06550000,-3.28076000,690.70674955,876.96692012,689.56250000,881.56250000
1,1554,14,15.73330000,7.30200000,922.66813596,870.85596972,925.99218750,870.32812500
1,1901,8,-39.87880000,3.75159000,814.88169251,923.00542885,817.92968750,923.45312500
1,2137,21,60.85430000,50.36280000,1248.99936630,930.00045720,1236.98437500,921.78906250
1,1829,4,-55.67760000,-20.76630000,136.10162393,447.87062387,134.18750000,451.90625000
1,296,16,55.57760000,-35.46470000,602.00128317,540.00021669,602.79687500,540.53125000
1,2733,9,-35.47240000,52.01750000,1249.00251996,690.00013157,1246.89062500,695.17968750
1,2016,1,-84.68490000,-20.77010000,1133.71762755,638.51916373,1139.33593750,637.19531250
1,1653,11,-11.37410000,-16.82150000,1123.14510917,144.09617316,1123.91406250,145.60156250
1,387,16,41.03850000,-18.42850000,73.89850233,92.66587988,82.21093750,98.19531250
1,502,10,17.75840000,-29.84220000,469.00078689,993.00155090,470.18750000,997.03906250
1,1461,13,36.58330000,-18.77400000,1184.62639566,220.99113691,1181.82031250,223.54687500
1,683,10,-10.61540000,-30.02640000,454.03834235,209.64906111,451.78125000,206.53125000
1,1205,17,39.01640000,9.80933000,270.00064821,30.00067987,269.75000000,29.03906250
1,2820,6,-42.46840000,46.11610000,225.11710421,743.82388993,222.10156250,742.46093750
1,1381,15,25.39600000,17.44490000,140.59112234,570.29655972,138.58593750,570.27343750
1,2625,12,-20.39210000,50.45610000,29.99907497,93.00001301,35.83593750,101.99218750
1,2917,6,-50.10410000,52.45010000,30.00059370,572.99957072,30.96875000,570.52343750
1,589,10,-2.39038000,-33.45590000,546.99934700,437.99957607,545.62500000,436.92187500
1,210,20,69.44220000,-17.04860000,145.97896441,883.67094247,142.92187500,882.60937500
1,94,16,68.69460000,-19.16970000,102.16918693,957.30654683,108.82031250,952.28125000
1,1728,8,-12.84370000,-15.10470000,211.00093907,78.00079639,210.28125000,82.06250000
1,2238,21,76.17290000,27.00160000,454.99910555,656.00102785,448.39062500,657.88281250
1,790,7,-30.19340000,-51.76150000,159.05101257,595.13872879,154.79687500,598.70312500
1,1554,11,15.73330000,7.30200000,348.99939773,993.00165456,352.19531250,992.36718750
1,3134,3,-72.09190000,23.09560000,331.99961115,273.00189605,328.67187500,272.53906250
1,1901,5,-39.87880000,3.75159000,467.99931637,944.00070658,676.36718750,258.39062500
1,1829,5,-55.67760000,-20.76630000,1248.99988569,449.99864927,1244.60156250,448.96875000
1,869,4,-47.03930000,-50.58500000,1078.00015301,644.00019702,1081.56250000,640.10156250
1,2442,15,5.53217000,44.86800000,1068.99831821,993.00056842,1067.76562500,987.50781250
1,1101,20,66.06590000,-5.16260000,528.99899423,992.99975314,526.12500000,994.71875000
1,2532,15,18.46370000,27.36160000,465.99854444,753.00180182,464.85937500,755.21875000
1,2016,2,-84.68490000,-20.77010000,30.00101647,633.00160131,32.67187500,635.13281250
1,297,16,54.12950000,-36.31690000,628.00106862,503.00180249,629.08593750,503.10937500
1,1653,8,-11.37410000,-16.82150000,149.99888651,30.00074093,151.39062500,36.85156250
1,2338,17,44.25970000,15.48650000,88.92673769,198.89046114,88.38281250,197.12500000
1,2137,18,60.85430000,50.36280000,86.26539238,634.97225565,87.43750000,632.14062500
1,503,13,17.39650000,-28.00610000,881.60087730,785.78374027,882.13281250,787.85937500
1,1461,14,36.58330000,-18.77400000,91.00190082,224.00078613,91.34375000,230.20312500
1,1287,17,40.49570000,-18.49780000,1187.99987002,77.99944957,1188.45312500,80.89062500
1,2821,9,-40.94660000,38.77430000,837.99949833,857.00080725,838.15625000,861.09375000
1,590,10,-2.57056000,-39.43820000,730.99822922,437.99960607,733.77343750,436.34375000
1,683,7,-10.61540000,-30.02640000,810.99822024,78.00197742,810.85937500,71.82812500
1,210,17,69.44220000,-17.04860000,1141.18514422,986.16099511,1139.44531250,984.83593750
1,2918,6,-53.25620000,52.49210000,29.99838587,513.00023579,30.84375000,511.09375000
1,387,13,41.03850000,-18.42850000,1188.00141877,77.99756186,1181.82812500,83.64843750
1,94,20,68.69460000,-19.16970000,72.03039492,907.84779520,72.39062500,904.96093750
1,1902,8,-39.87540000,7.48627000,934.63154919,923.04561828,937.28906250,921.57031250
1,1729,11,-12.85100000,-11.46030000,948.57446963,96.75869387,951.51562500,96.39062500
1,2442,12,5.53217000,44.86800000,273.91331989,620.13286393,271.76562500,620.95312500
1,1205,14,39.01640000,9.80933000,1003.96933777,146.45403892,1002.88281250,143.58593750
1,1830,4,-53.72360000,-20.77700000,136.03385820,506.84496690,134.43750000,511.02343750
1,2625,9,-20.39210000,50.45610000,1188.92418607,396.51235363,1191.68750000,403.26562500
1,3135,3,-75.05450000,27.15220000,455.00116808,364.99993479,452.41406250,363.73437500
1,2533,15,18.86630000,23.13210000,331.99948214,753.00114556,330.30468750,754.44531250
1,1654,11,-11.37840000,-15.04850000,1064.00496786,144.04547211,1065.95312500,144.59375000
1,1555,14,15.73490000,9.13098000,981.70188235,870.86759397,984.99218750,869.17187500
1,2239,21,84.33080000,30.04310000,547.00067141,437.99972755,540.41406250,437.44531250
1,790,4,-30.19340000,-51.76150000,1189.00058451,992.99950506,1186.60156250,981.61718750
1,503,10,17.39650000,-28.00610000,409.00078472,993.00010608,409.62500000,996.55468750
1,2017,1,-82.73510000,-20.80120000,1133.80750707,579.60515818,1139.36718750,577.96875000
1,870,7,-37.19170000,-49.60890000,214.76541851,746.03565806,211.83593750,750.44531250
1,2338,18,44.25970000,15.48650000,1187.99728098,197.99949186,1187.36718750,200.71875000
1,2138,21,58.15810000,49.83250000,1249.00082821,990.00109218,1235.66406250,979.38281250
1,2734,9,-38.51340000,51.74290000,1248.99926814,749.99935297,1245.46093750,754.21875000
1,1101,17,66.06590000,-5.16260000,749.81763331,876.97044213,749.35156250,881.52343750
1,1287,14,40.49570000,-18.49780000,93.02312540,99.09601871,94.82812500,107.99218750
1,298,16,54.13110000,-37.03370000,649.99965320,503.00000366,651.57812500,503.07812500
1,1382,14,23.44570000,17.41440000,1248.99993981,630.00144453,1248.83593750,624.81250000
1,94,17,68.69460000,-19.16970000,1212.53150864,961.49373929,1208.85156250,959.32812500
1,387,17,41.03850000,-18.42850000,1184.36373933,95.63866129,1185.64843750,98.34375000
1,1902,5,-39.87540000,7.48627000,348.00000363,943.99881048,314.67968750,257.69531250
1,684,10,-11.27500000,-26.33710000,338.89579703,177.86743884,335.90625000,176.28906250
1,211,16,67.63700000,-17.16610000,29.99904709,933.00207820,39.41406250,927.03125000
1,591,10,3.43567000,-39.44130000,731.00001431,584.00025074,734.25000000,585.25781250
1,3136,3,-74.13910000,39.03910000,823.00003346,364.99941792,825.46875000,362.76562500
1,1462,16,40.34430000,-18.56640000,80.28986803,70.91921158,88.41406250,76.58593750
1,2821,6,-40.94660000,38.77430000,452.25035084,807.46811818,449.09375000,808.59375000
1,1830,5,-53.72360000,-20.77700000,1249.00137917,510.00113804,1245.00781250,508.73437500
1,2534,15,35.75120000,23.14440000,332.00027117,272.99928919,329.32812500,272.72656250
1,1555,11,15.73490000,9.13098000,289.00033832,993.00010394,292.59375000,991.32812500
1,2626,12,-23.09000000,49.91850000,30.00069408,32.99966809,36.89062500,44.29687500
1,2919,6,-56.41000000,52.45160000,29.99935212,452.99918429,30.93750000,451.68750000
1,1729,8,-12.85100000,-11.46030000,330.99813747,78.00164130,328.29687500,79.50000000
1,1206,17,39.01430000,7.98700000,330.00014358,29.99795022,329.03125000,28.09375000
1,504,13,17.04920000,-26.18410000,938.63092889,801.40879502,938.87500000,803.16406250
1,2443,15,6.07416000,43.11180000,1008.99914544,992.99958591,1008.86718750,988.75000000
1,2339,17,48.09130000,15.64180000,88.94326797,318.91375866,86.54687500,316.36718750
1,2240,21,84.58880000,36.02530000,730.99921306,438.00017321,727.07031250,437.32812500
1,2138,18,58.15810000,49.83250000,107.85294313,582.34048555,107.97656250,580.05468750
1,1654,8,-11.37840000,-15.04850000,210.00165401,30.00131208,210.10156250,35.28906250
1,2017,2,-82.73510000,-20.80120000,30.00132158,572.99973648,32.21875000,575.29687500
1,1288,16,44.23560000,-18.71880000,77.57785023,195.78401285,82.92968750,198.30468750
1,1102,20,66.06670000,-7.03693000,469.00028373,993.00129746,464.93750000,994.38281250
1,870,4,-37.19170000,-49.60890000,1077.99790327,856.99981862,1080.80468750,852.02343750
1,299,16,54.81020000,-37.03340000,649.99921755,520.00045546,651.57031250,520.14843750
1,95,19,67.89030000,-19.11810000,1188.00018217,944.00115571,1176.51562500,940.33593750
1,791,7,-30.83290000,-50.06500000,213.82058839,610.27451449,208.96093750,613.89062500
1,1903,8,-39.87020000,11.14430000,1054.42034100,923.08107624,1055.60937500,919.07812500
1,1556,14,15.73690000,10.93780000,1040.73009881,870.87925561,1043.20312500,867.92968750
1,592,10,3.19495000,-33.45860000,546.99954454,583.99980432,546.22656250,585.96875000
1,684,7,-11.27500000,-26.33710000,930.99943237,77.99884836,931.89843750,72.22656250
1,1462,13,40.34430000,-18.56640000,1184.79651847,100.96859034,1179.60156250,106.01562500
1,2822,9,-39.68590000,31.19870000,598.00175802,856.99877483,595.57812500,859.51562500
1,1730,11,-12.85660000,-7.73517000,828.84395855,96.65965413,831.99218750,95.13281250
1,211,20,67.63700000,-17.16610000,138.41860233,941.96742443,137.09375000,939.50000000
1,387,14,41.03850000,-18.42850000,94.17105716,81.47457713,95.80468750,90.65625000
1,2920,6,-59.54630000,52.32930000,30.00044446,392.99998583,31.22656250,392.29687500
1,2735,9,-41.48720000,51.39560000,1249.00026535,809.99965905,1244.00000000,813.11718750
1,1206,14,39.01430000,7.98700000,944.86079977,146.44319689,944.19531250,143.23437500
1,3137,3,-86.56600000,39.04300000,822.99979195,655.99980148,827.07031250,656.80468750
1,1382,15,23.44570000,17.41440000,140.62708332,629.22949159,139.10156250,628.99218750
1,2241,21,78.58560000,36.03450000,731.00123330,583.99865368,727.40625000,584.83593750
1,2535,15,32.78610000,27.20030000,455.00095818,365.00027758,451.53906250,363.95312500
1,2339,18,48.09130000,15.64180000,1188.00024944,317.99916785,1188.92968750,319.60937500
1,1831,4,-51.76970000,-20.76700000,135.96256563,565.80915544,134.85937500,569.95312500
1,2018,1,-80.78080000,-20.81180000,1133.89633086,520.70846707,1139.44531250,518.61718750
1,1288,17,44.23560000,-18.71880000,1188.00102658,198.00088953,1190.22656250,199.09375000
1,2626,9,-23.09000000,49.91850000,1167.39061293,449.06543294,1170.88281250,455.21093750
1,2139,21,58.02610000,49.80460000,1248.99988334,992.99909754,1235.34375000,982.35937500
1,2443,12,6.07416000,43.11180000,328.98189629,635.31981843,326.90625000,636.39843750
1,504,10,17.04920000,-26.18410000,348.99991524,993.00038915,349.93750000,995.84375000
1,1655,11,-11.38230000,-13.24940000,1004.87087977,143.99503603,1007.58593750,143.67968750
1,871,7,-38.86680000,-42.26890000,442.28739117,809.80690967,440.71875000,814.82812500
1,1102,17,66.06670000,-7.03693000,808.93015384,876.97328213,810.27343750,881.37500000
1,685,10,-11.88270000,-22.72100000,222.97319556,145.86636563,221.52343750,146.53906250
1,211,17,67.63700000,-17.16610000,1141.19851335,927.18671263,1140.69531250,927.29687500
1,1462,17,40.34430000,-18.56640000,1190.72853890,73.06109068,1191.16406250,76.13281250
1,95,16,67.89030000,-19.11810000,98.42307201,931.77630496,104.76562500,927.39843750
1,791,4,-30.83290000,-50.06500000,1129.00107280,993.00068524,1128.79687500,983.61718750
1,300,16,54.80260000,-36.31660000,628.00056110,520.00029492,629.26562500,520.17187500
1,1556,11,15.73690000,10.93780000,229.00105847,992.99851992,233.47656250,990.13281250
1,388,13,37.30050000,-18.64180000,1187.99895133,197.99933239,1184.63281250,200.76562500
1,1383,14,21.50430000,17.36360000,1248.99767362,690.00086359,1248.93750000,684.37500000
1,2242,21,78.74760000,30.05150000,547.00194871,584.00122973,540.91406250,585.19531250
1,1207,17,39.01280000,6.14478000,390.00007544,30.00160962,388.64062500,27.33593750
1,2735,6,-41.48720000,51.39560000,47.44625536,742.40777391,48.91406250,737.97656250
1,1903,5,-39.87020000,11.14430000,228.00038315,944.00170778,188.17187500,232.33593750
1,2139,18,58.02610000,49.80460000,108.91868444,579.74464962,109.33593750,577.49218750
1,1730,8,-12.85660000,-7.73517000,450.99904334,78.00073456,448.01562500,77.61718750
1,2536,15,33.69780000,39.08740000,822.99975596,365.00087583,824.74218750,363.62500000
1,2340,17,51.97990000,15.72490000,88.95599264,438.94570707,85.70312500,436.32031250
1,2822,6,-39.68590000,31.19870000,682.68794109,872.04065836,681.83593750,874.16406250
1,2018,2,-80.78080000,-20.81180000,30.00054957,513.00072863,32.07812500,515.49218750
1,593,10,-0.72351100,-35.27160000,602.00002013,481.99983050,601.76562500,481.60156250
1,1655,8,-11.38230000,-13.24940000,270.00027616,30.00160950,268.95312500,33.85937500
1,3138,3,-85.79940000,27.15450000,454.99967634,656.00012936,453.63281250,658.26562500
1,1831,5,-51.76970000,-20.76700000,1248.99921766,569.99877000,1245.10156250,568.35937500
1,1103,20,66.06800000,-8.89990000,409.00049290,993.00014879,405.00781250,993.80468750
1,2921,6,-62.64690000,52.12710000,29.99925542,332.99945299,31.69531250,333.11718750
1,685,7,-11.88270000,-22.72100000,1051.00076029,77.99980034,1051.19531250,73.32812500
1,2444,15,6.59094000,41.33030000,948.99849871,992.99969696,949.67968750,989.95312500
1,505,13,16.71560000,-24.37990000,995.83299990,817.08191005,995.60937500,818.38281250
1,212,16,65.80450000,-17.27030000,29.99972473,873.00058683,38.09375000,868.66406250
1,2627,12,-20.48690000,48.61850000,90.99879211,77.99987667,94.32812500,85.75781250
1,1462,14,40.34430000,-18.56640000,91.00001429,104.00033263,92.73437500,112.82031250
1,95,20,67.89030000,-19.11810000,71.96074976,933.86521809,72.92968750,930.33593750
1,1289,16,48.06420000,-18.87380000,77.60112544,316.07284146,81.08593750,317.09375000
1,871,4,-38.86680000,-42.26890000,838.00140288,857.00083763,842.52343750,857.30468750
1,2243,21,82.68600000,31.86040000,601.99883314,482.00152455,596.22656250,481.89843750
1,1731,11,-12.86050000,-3.95898000,709.12098649,96.56091232,711.99218750,94.46875000
1,2140,21,58.64070000,48.14020000,1189.00101483,993.00115665,1178.35156250,984.15625000
1,301,16,50.90170000,-52.94630000,1154.07530575,436.89604154,1153.21093750,436.92187500
1,1207,14,39.01280000,6.14478000,885.75315688,146.42614898,885.34375000,143.03125000
1,2537,15,21.26230000,39.08730000,823.00119683,655.99859085,825.61718750,657.20312500
1,1557,14,15.73940000,12.71940000,1099.75467005,870.88750930,1101.08593750,866.64062500
1,594,10,-0.74499500,-37.68200000,675.99976593,481.99997165,677.71875000,481.23437500
1,792,7,-31.44040000,-48.33710000,268.76528931,625.46171277,264.10156250,629.07812500
1,2340,18,51.97990000,15.72490000,1187.99944741,438.00012325,1189.82031250,439.14843750
1,1656,11,-11.38570000,-11.42710000,945.73824862,143.94781560,949.28906250,142.85937500
1,505,10,16.71560000,-24.37990000,288.99901291,992.99973439,290.46093750,994.82031250
1,388,14,37.30050000,-18.64180000,94.34079869,201.34204923,94.70312500,207.66406250
1,2823,9,-38.62370000,23.65790000,357.99976416,857.00145730,353.64062500,855.82812500
1,212,17,65.80450000,-17.27030000,1141.21221176,868.21288172,1141.98437500,869.35937500
1,686,10,-12.44400000,-19.20490000,106.26473625,113.64903103,108.13281250,117.41406250
1,2736,9,-44.38060000,50.98020000,1248.99968265,870.00158059,1242.19531250,871.64062500
1,2019,1,-78.82640000,-20.80180000,1133.98401878,461.82501564,1139.14062500,459.26562500
1,1832,4,-49.82010000,-20.73660000,135.89459707,624.77324098,135.53125000,628.87500000
1,1383,15,21.50430000,17.36360000,140.66189498,688.16332419,139.86718750,687.61718750
1,1904,8,-39.86350000,14.69930000,1174.24764769,923.11957604,1171.80468750,916.07031250
1,2444,12,6.59094000,41.33030000,384.23403111,650.55633865,382.43750000,651.71875000
1,1463,14,38.46980000,-15.44060000,199.99818761,164.00128208,197.35156250,168.39062500
1,2922,6,-65.69450000,51.84780000,30.00231900,273.00044570,32.46875000,273.94531250
1,872,7,-40.23670000,-34.69450000,672.82454140,874.42489411,675.14062500,878.75781250
1,3139,3,-77.63410000,30.20790000,547.00120178,437.99973765,545.80468750,437.32812500
1,1208,17,39.01150000,4.28619000,450.00043428,29.99826471,448.54687500,26.76562500
1,1103,17,66.06800000,-8.89990000,868.04706359,876.97874241,869.80468750,880.99218750
1,2140,18,58.64070000,48.14020000,163.47618173,594.71640498,162.17968750,592.58593750
1,301,13,50.90170000,-52.94630000,29.99915686,30.00160451,45.26562500,39.42968750
1,2538,15,22.03640000,27.19910000,454.99958661,656.00010081,452.98437500,657.86718750
1,1731,8,-12.86050000,-3.95898000,571.00070120,77.99950845,568.20312500,76.32812500
1,2244,21,82.73900000,34.27090000,676.00127136,481.99909524,671.14843750,481.82031250
1,1289,17,48.06420000,-18.87380000,1187.99973774,317.99902231,1191.47656250,318.61718750
1,1656,8,-11.38570000,-11.42710000,329.99918509,29.99859035,327.99218750,32.61718750
1,2627,9,-20.48690000,48.61850000,1127.57803978,394.28677623,1132.12500000,399.98437500
1,2823,6,-38.62370000,23.65790000,916.51244138,937.55742331,916.01562500,937.67968750
1,686,7,-12.44400000,-19.20490000,1170.99896822,78.00006177,1169.18750000,75.02343750
1,2341,17,55.89040000,15.73240000,88.97103252,558.98375553,85.42187500,556.44531250
1,595,10,1.59021000,-37.68320000,676.00076361,540.00030521,678.20312500,540.67187500
1,95,17,67.89030000,-19.11810000,1208.75040723,935.28349756,1205.97656250,933.86718750
1,2736,6,-44.38060000,50.98020000,70.13474239,687.18427441,70.25781250,683.95312500
1,1557,11,15.73940000,12.71940000,168.99922292,993.00045930,175.25000000,988.82031250
1,506,13,16.39500000,-22.59700000,1053.20582842,832.80131038,1052.00000000,833.31250000
1,213,16,63.94800000,-17.36030000,30.00028655,812.99982585,36.79687500,809.98437500
1,1832,5,-49.82010000,-20.73660000,1249.00050599,630.00182011,1244.82031250,628.03906250
1,1464,14,38.46090000,-8.01428000,439.99977023,164.00165799,434.99218750,163.57031250
1,1384,14,19.57610000,17.29320000,1249.00175752,750.00070486,1248.79687500,743.85937500
1,2019,2,-78.82640000,-20.80180000,29.99861041,453.00036978,32.08593750,455.61718750
1,872,4,-40.23670000,-34.69450000,598.00084666,857.00038322,600.57031250,860.32812500
1,302,16,50.25570000,-51.28050000,1099.75382666,422.01907941,1102.40625000,421.92187500
1,2445,15,7.08417000,39.52700000,888.99837403,993.00097254,890.21093750,990.77343750
1,792,4,-31.44040000,-48.33710000,1068.99912356,992.99875688,1070.34375000,985.45312500
1,1904,5,-39.86350000,14.69930000,108.00152241,944.00158508,111.81250000,940.45312500
1,1208,14,39.01150000,4.28619000,826.64548932,146.41589165,826.18750000,142.97656250
1,3140,3,-77.38650000,36.19040000,731.00056593,437.99927107,732.87500000,436.74218750
1,2923,6,-68.67400000,51.49570000,29.99810145,212.99920041,33.60937500,215.25781250
1,2245,21,80.40480000,34.27440000,676.00013353,540.00110007,671.32031250,540.46093750
1,1657,11,-11.38890000,-9.58484000,886.60551511,143.89397793,890.50781250,142.23437500
1,2141,21,59.22520000,46.44190000,1128.99959845,992.99923003,1120.55468750,985.66406250
1,389,13,33.47380000,-18.78920000,1188.00098674,318.00025059,1186.35156250,319.36718750
1,686,11,-12.44400000,-19.20490000,1206.57062009,109.56138973,1203.95312500,113.38281250
1,1558,14,15.74220000,14.47280000,1158.77123955,870.89846044,1158.64062500,865.21875000
1,2539,15,30.20420000,30.25520000,546.99785044,437.99898325,544.94531250,437.48437500
1,1104,20,66.06970000,-10.74770000,349.00013935,992.99945944,345.96093750,993.11718750
1,213,17,63.94800000,-17.36030000,1141.22580542,809.24254392,1143.10937500,811.07812500
1,1290,16,51.94980000,-18.95720000,77.62640424,436.35190046,79.93750000,436.53125000
1,1384,15,19.57610000,17.29320000,140.70282558,747.09930953,140.76562500,746.13281250
1,2824,9,-38.01070000,18.83970000,200.00123014,856.99998739,197.23437500,852.28125000
1,1833,4,-47.87960000,-20.68600000,135.82674318,683.72732327,136.38281250,687.73437500
1,2628,12,-19.41420000,45.15760000,210.99959894,78.00113243,210.66406250,82.69531250
1,1732,11,-12.86270000,-0.16394000,589.40777063,96.46171916,591.17187500,94.39062500
1,2341,18,55.89040000,15.73240000,1188.00099274,557.99945925,1189.70312500,559.06250000
1,1465,14,38.45890000,-0.36865200,680.00034508,164.00067244,676.71875000,160.92187500
1,1904,9,-39.86350000,14.69930000,63.73411691,932.56458443,62.12500000,922.54687500
1,596,10,1.54437000,-35.27270000,601.99965866,539.99993272,602.35937500,540.93750000
1,506,10,16.39500000,-22.59700000,229.00049720,992.99959227,231.44531250,993.81250000
1,2445,12,7.08417000,39.52700000,439.66877835,665.84208957,438.17968750,667.43750000
1,2923,3,-68.67400000,51.49570000,1238.38279020,286.28625987,1235.62500000,286.76562500
1,2246,21,80.41910000,31.86380000,601.99846159,540.00088739,596.49218750,540.60156250
1,302,13,50.25570000,-51.28050000,90.00055371,30.00018053,99.83593750,38.50000000
1,2737,9,-47.18250000,50.50230000,1249.00197680,929.99917500,1240.28906250,929.85156250
1,873,7,-41.37460000,-27.15480000,906.43338867,939.90323194,910.88281250,940.69531250
1,1209,17,39.01070000,2.41504000,509.99923002,29.99765149,509.00781250,26.39062500
1,2020,1,-76.87650000,-20.77120000,1134.07373995,402.95662175,1138.66406250,400.02343750
1,793,7,-32.01780000,-46.58080000,323.88362716,640.69420950,319.35156250,644.40625000
1,96,19,67.36900000,-22.62100000,1068.00152109,943.99846846,1060.29687500,942.82812500
1,1104,17,66.06970000,-10.74770000,927.16774463,876.98376355,928.57031250,880.57812500
1,3141,3,-83.40300000,36.19110000,730.99967346,584.00103540,733.71093750,584.63281250
1,686,8,-12.44400000,-19.20490000,70.57404446,65.31424193,73.90625000,73.25000000
1,1657,8,-11.38890000,-9.58484000,390.00077040,30.00237935,387.25000000,31.50781250
1,2540,15,30.44940000,36.23790000,731.00156840,438.00019522,731.82031250,437.25781250
1,1290,17,51.94980000,-18.95720000,1188.00047941,438.00081725,1191.85156250,438.84375000
1,2141,18,59.22520000,46.44190000,218.21453995,609.74164734,215.92187500,608.14062500
1,1833,5,-47.87960000,-20.68600000,1249.00190957,690.00022618,1244.60937500,687.49218750
1,2628,9,-19.41420000,45.15760000,1017.02171608,363.66975051,1023.22656250,367.40625000
1,214,16,62.07100000,-17.43530000,30.00025810,753.00004725,35.82031250,750.96093750
1,1558,11,15.74220000,14.47280000,108.99994387,992.99961881,117.18750000,987.39843750
1,507,13,16.08670000,-20.83840000,1110.75586533,848.56750746,1108.43750000,848.10937500
1,2924,6,-71.57190000,51.07530000,29.99902290,152.99998750,34.81250000,156.73437500
1,597,10,0.09851070,-36.12380000,628.00031346,503.00030656,629.03125000,503.07031250
1,2446,15,7.55554000,37.70560000,828.99899062,992.99947945,830.35156250,991.60156250
1,389,14,33.47380000,-18.78920000,94.51503116,321.22866386,93.87500000,325.99218750
1,2342,17,59.78670000,15.66410000,88.98434241,679.03149023,86.09375000,676.50000000
1,1385,14,17.66530000,17.20350000,1248.99971268,810.00029475,1248.39843750,802.84375000
1,2824,6,-38.01070000,18.83970000,1072.32560084,981.21914935,1068.51562500,977.93750000
1,1732,8,-12.86270000,-0.16394000,691.00090697,77.99871733,689.32812500,75.78906250
1,1904,6,-39.86350000,14.69930000,1218.51233573,943.64639879,1213.92968750,939.41406250
1,873,4,-41.37460000,-27.15480000,358.00081999,857.00060956,359.46093750,860.84375000
1,1466,14,38.46390000,7.23138000,919.99925284,163.99900878,917.73437500,160.62500000
1,1209,14,39.01070000,2.41504000,767.54039268,146.40297773,766.71093750,142.96875000
1,303,16,49.64220000,-49.58100000,1045.22425962,407.08493030,1048.77343750,406.78906250
1,2020,2,-76.87650000,-20.77120000,29.99879713,393.00056685,32.17968750,395.84375000
1,687,10,-12.52010000,-18.71620000,89.66681108,109.06590805,92.29687500,113.48437500
1,2247,21,81.87510000,32.71340000,627.99792274,503.00061138,622.57031250,503.20312500
1,1658,11,-11.39150000,-7.72632000,827.47751544,143.84613773,830.94531250,141.75781250
1,1105,20,66.07180000,-12.57670000,289.00005807,992.99904167,285.50000000,992.17968750
1,96,16,67.36900000,-22.62100000,215.18878827,899.20639464,217.20312500,897.89062500
1,2541,15,24.42910000,36.23660000,730.99969880,584.00159126,732.28125000,584.80468750
1,793,4,-32.01780000,-46.58080000,1008.99940324,992.99961247,1011.67187500,987.28906250
1,1558,15,15.74220000,14.47280000,51.14784726,876.42914106,55.07031250,871.92968750
1,214,17,62.07100000,-17.43530000,1141.23883629,750.27591660,1144.08593750,752.35156250
1,1291,16,55.85720000,-18.96570000,77.65052715,556.61277905,79.78906250,556.31250000
1,1834,4,-45.95230000,-20.61560000,135.75645892,742.67918962,137.45312500,746.31250000
1,507,10,16.08670000,-20.83840000,168.99863414,993.00122945,172.50781250,992.65625000
1,2342,18,59.78670000,15.66410000,1188.00084251,678.00081271,1188.84375000,678.96093750
1,2737,6,-47.18250000,50.50230000,92.26018099,633.32407712,91.12500000,630.91406250
1,2446,12,7.55554000,37.70560000,495.28569654,681.18077415,494.46093750,682.92187500
1,2924,3,-71.57190000,51.07530000,1215.66583390,341.52518937,1214.75781250,341.03906250
1,1467,14,38.47080000,12.08430000,1078.00105204,164.00108976,1073.89843750,161.60156250
1,598,10,0.09936520,-36.84060000,649.99896906,503.00025803,651.28906250,502.96093750
1,3142,3,-83.22710000,30.20840000,546.99995241,584.00156868,546.63281250,585.32031250
1,303,13,49.64220000,-49.58100000,149.99956822,29.99895737,157.13281250,36.71875000
1,687,7,-12.52010000,-18.71620000,1187.99887620,78.00135144,1185.73437500,75.29687500
1,2142,21,59.78140000,44.71240000,1069.00047747,992.99963782,1062.24218750,987.16406250
1,1210,17,39.01040000,0.53509500,570.00054580,29.99965429,569.19531250,26.23437500
1,1905,8,-39.86250000,15.19330000,1191.22730741,923.12742573,1188.96093750,915.60937500
1,1658,8,-11.39150000,-7.72632000,449.99917038,29.99998955,447.31250000,30.57031250
1,2629,12,-18.44320000,41.58280000,330.99948264,77.99906968,328.79687500,80.23437500
1,215,16,60.17720000,-17.49460000,29.99866038,692.99981834,35.01562500,691.61718750
1,874,7,-42.02300000,-22.33710000,1061.93302271,983.48842772,1064.78906250,979.81250000
1,2542,15,24.60840000,30.25400000,547.00046885,583.99999261,545.52343750,585.17187500
1,508,13,15.78990000,-19.10720000,1168.47656429,864.38427808,1164.32031250,862.87500000
1,1559,14,15.74540000,16.19560000,1217.78438003,870.90861314,1216.57812500,863.65625000
1,2248,21,81.88360000,33.43030000,649.99930359,503.00052823,644.73437500,503.19531250
1,1733,11,-12.86320000,3.61682000,469.70480388,96.36204582,471.13281250,95.02343750
1,97,19,66.80740000,-26.22750000,948.00023833,943.99865572,942.27343750,944.73437500
1,794,7,-32.56730000,-44.79930000,379.17586996,655.97626984,375.28125000,659.82812500
1,390,13,29.59030000,-18.86530000,1187.99993948,438.00024189,1187.25781250,438.80468750
1,1105,17,66.07180000,-12.57670000,986.29137038,876.98852760,988.75781250,879.95312500
1,2738,9,-49.88480000,49.96750000,1248.99935443,990.00148990,1238.41406250,987.66406250
1,2021,1,-74.93550000,-20.72030000,1134.16522575,344.10088467,1137.97656250,340.96093750
1,1291,17,55.85720000,-18.96570000,1188.00010832,557.99807009,1191.59375000,559.25000000
1,2447,15,8.00629000,35.86990000,768.99963067,992.99982845,770.25000000,992.24218750
1,2343,17,63.63320000,15.52260000,88.99648308,799.08379725,87.55468750,795.65625000
1,1468,14,30.78990000,12.31480000,1078.00153477,404.00143723,1078.83593750,400.31250000
1,599,10,0.77685500,-36.84090000,650.00125597,520.00069714,651.37500000,520.32031250
1,1834,5,-45.95230000,-20.61560000,1249.00080252,750.00172170,1244.06250000,746.61718750
1,304,16,49.05880000,-47.85030000,990.48202640,392.08910349,994.67187500,391.58593750
1,2925,6,-74.37750000,50.59220000,30.00053054,93.00043029,36.31250000,98.65625000
1,687,11,-12.52010000,-18.71620000,1189.87628372,107.13451802,1187.86718750,110.69531250
1,1385,15,17.66530000,17.20350000,140.73783725,806.03760740,141.83593750,804.19531250
1,2543,15,28.55150000,32.06990000,601.99773021,481.99961403,600.73437500,482.02343750
1,3143,3,-79.28520000,32.02310000,602.00115438,482.00105711,601.91406250,481.73437500
1,215,17,60.17720000,-17.49460000,1141.25035962,691.31156833,1144.85156250,693.39843750
1,1905,5,-39.86250000,15.19330000,91.00105667,943.99916416,53.53125000,235.65625000
1,2629,9,-18.44320000,41.58280000,905.71520999,332.84823629,912.03906250,334.48437500
1,508,10,15.78990000,-19.10720000,109.00016854,992.99901794,114.28125000,991.34375000
1,1659,11,-11.39370000,-5.85510000,768.34884374,143.79774039,771.58593750,141.33593750
1,97,16,66.80740000,-26.22750000,331.19823758,866.84455016,330.93750000,867.82812500
1,1210,14,39.01040000,0.53509500,708.43371907,146.38751853,707.50000000,143.17187500
1,2249,21,81.20640000,33.43120000,649.99890367,520.00123692,644.79687500,520.14062500
1,2021,2,-74.93550000,-20.72030000,30.00082782,332.99898482,32.64062500,336.32031250
1,794,4,-32.56730000,-44.79930000,949.00098389,992.99892628,952.40625000,988.82031250
1,1559,11,15.74540000,16.19560000,48.99816250,992.99960784,58.66406250,985.76562500
1,1835,4,-44.04260000,-20.52610000,135.68482797,801.62185019,138.78906250,804.54687500
1,1469,14,22.98140000,12.30140000,1078.00063370,644.00081686,1081.51562500,641.18750000
1,600,10,0.77008100,-36.12400000,627.99958764,519.99942599,629.09375000,520.32812500
1,1292,16,59.75050000,-18.89900000,77.67447471,676.86271296,80.42968750,676.01562500
1,304,13,49.05880000,-47.85030000,210.00106764,30.00128397,214.70312500,35.32812500
1,687,8,-12.52010000,-18.71620000,87.70750801,67.75275106,90.30468750,75.10937500
1,2925,3,-74.37750000,50.59220000,1193.50546445,395.40925123,1194.18750000,394.34375000
1,2343,18,63.63320000,15.52260000,1187.99955742,797.99892353,1186.94531250,798.06250000
1,390,14,29.59030000,-18.86530000,94.68617778,441.13366522,94.03125000,445.28125000
1,1106,20,66.07430000,-14.38350000,229.00098143,992.99866980,226.60937500,991.17187500
1,1905,9,-39.86250000,15.19330000,80.86022624,930.24741440,79.74218750,920.67968750
1,1386,14,15.77580000,17.09560000,1249.00131690,870.00124432,1247.75781250,861.68750000
1,216,16,58.27060000,-17.53780000,30.00050565,633.00014824,34.48437500,632.31250000
1,2447,12,8.00629000,35.86990000,551.08769561,696.56871084,551.15625000,698.42187500
1,508,14,15.78990000,-19.10720000,75.67345783,869.60766679,82.00000000,870.04687500
1,2544,15,28.59870000,34.48050000,676.00140218,482.00019698,675.83593750,481.85156250
1,98,19,66.20070000,-29.91140000,827.99955510,944.00023618,822.52343750,946.16406250
1,2022,1,-73.00790000,-20.64970000,1134.25473247,285.26245934,1137.09375000,282.04687500
1,2142,18,59.78140000,44.71240000,273.13240289,624.81390829,270.27343750,623.69531250
1,1733,8,-12.86320000,3.61682000,810.99912232,77.99839062,809.59375000,75.94531250
1,2738,6,-49.88480000,49.96750000,113.85345174,580.77142236,111.74218750,578.82031250
1,1659,8,-11.39370000,-5.85510000,510.00038397,29.99816631,507.23437500,29.82031250
1,874,4,-42.02300000,-22.33710000,200.00038262,857.00068319,203.11718750,860.17187500
1,3144,3,-79.23690000,34.43350000,675.99897431,482.00056355,677.42968750,481.42968750
1,1835,5,-44.04260000,-20.52610000,1248.99829808,809.99915114,1243.21875000,805.65625000
1,2630,12,-17.56000000,37.92090000,450.99917372,78.00036261,448.33593750,78.45312500
1,2250,21,81.20380000,32.71440000,628.00083259,520.00023477,622.58593750,520.14843750
1,1211,17,39.01050000,-1.34949000,629.99954519,30.00089945,629.78906250,26.21093750
1,305,16,48.50380000,-46.09140000,935.52865265,377.03845846,939.94531250,376.15625000
1,2926,6,-77.08250000,50.05240000,29.99978206,32.99875441,37.87500000,40.79687500
1,1470,14,16.17350000,12.08610000,1078.00205364,856.99826698,1082.21875000,853.14062500
1,795,7,-33.09060000,-42.99590000,434.64753576,671.30507648,431.39062500,675.20312500
1,1559,15,15.74540000,16.19560000,110.35955204,869.45720200,112.64062500,866.17187500
1,688,7,-16.26280000,-18.94650000,1188.00191828,198.00069812,1188.50781250,193.71875000
1,2344,20,67.39730000,15.31310000,1193.79182982,949.95574471,1187.61718750,945.90625000
1,509,13,15.50420000,-17.40580000,1226.37537044,880.24576778,1219.70312500,877.50781250
1,391,13,25.68490000,-18.86690000,1187.99958112,557.99841051,1187.21093750,558.67968750
1,601,10,-2.33948000,-53.18330000,1167.74216592,453.30039759,1174.00781250,451.12500000
1,2448,15,8.43781000,34.02390000,708.99970287,992.99973324,710.10156250,992.58593750
1,216,17,58.27060000,-17.53780000,1141.26521459,632.35077355,1145.54687500,634.32812500
1,98,16,66.20070000,-29.91140000,446.45576379,834.69107974,445.88281250,836.85937500
1,1106,17,66.07430000,-14.38350000,1045.41723051,876.99325342,1047.39843750,879.25000000
1,1905,6,-39.86250000,15.19330000,1201.34856728,941.24731838,1196.43750000,937.26562500
1,2022,2,-73.00790000,-20.64970000,30.00082242,273.00019591,33.18750000,276.84375000
1,2545,15,26.25840000,34.48000000,676.00130205,539.99985690,676.03906250,540.39062500
1,1660,11,-11.39560000,-3.97522000,709.22411710,143.74546826,712.01562500,141.16406250
1,875,4,-49.99660000,-22.68580000,200.00118900,617.00117617,198.82812500,621.27343750
1,2739,9,-50.01710000,49.93940000,1248.99932073,992.99984182,1238.48437500,990.55468750
1,1386,15,15.77580000,17.09560000,140.77636315,864.97903821,142.98437500,862.02343750
1,1292,17,59.75050000,-18.89900000,1187.99959920,677.99791798,1190.48437500,679.56250000
1,2143,21,60.31140000,42.95450000,1008.99908407,992.99955128,1003.67187500,988.50000000
1,2630,9,-17.56000000,37.92090000,793.65231856,301.81392152,799.28125000,301.39062500
1,1734,11,-12.86210000,7.35107000,350.00724206,96.25933754,349.82812500,96.27343750
1,305,13,48.50380000,-46.09140000,269.99963318,30.00048509,273.03125000,34.08593750
1,1211,14,39.01050000,-1.34949000,649.33010555,146.37278876,647.90625000,143.53906250
1,1836,4,-42.15420000,-20.41850000,135.61832011,860.56205165,140.17187500,862.66406250
1,1471,14,16.16530000,4.65680000,838.00004271,856.99900982,843.71875000,857.64843750
1,2251,18,30.91430000,49.75620000,29.99885727,29.99949817,41.12500000,38.13281250
1,1559,12,15.74540000,16.19560000,1157.77674616,989.86661314,1157.28125000,983.71093750
1,509,10,15.50420000,-17.40580000,48.99941078,993.00092743,56.78906250,989.79687500
1,795,4,-33.09060000,-42.99590000,889.00026877,993.00116695,893.21875000,990.29687500
1,688,8,-16.26280000,-18.94650000,87.70748569,188.07036711,88.56250000,192.62500000
1,601,7,-2.33948000,-53.18330000,29.99952792,30.00085492,31.29687500,37.16406250
1,1906,5,-43.60360000,15.41440000,91.00046051,823.99864438,51.07812500,144.65625000
1,2344,17,67.39730000,15.31310000,89.00970902,919.14617042,90.10156250,913.42187500
1,3145,3,-81.57580000,34.43380000,675.99996341,540.00005572,677.67968750,540.10937500
1,1660,8,-11.39560000,-3.97522000,569.99976364,30.00033045,567.38281250,29.22656250
1,2739,6,-50.01710000,49.93940000,114.91861774,578.17883414,112.51562500,576.21093750
1,391,14,25.68490000,-18.86690000,94.85800357,561.05645834,94.86718750,564.86718750
1,99,19,65.54330000,-33.64270000,707.99956144,944.00086312,702.03906250,946.74218750
1,2023,1,-71.09770000,-20.56000000,1134.34405233,226.43599210,1136.00781250,223.39843750
1,217,16,56.35530000,-17.56430000,29.99889938,573.00057523,34.25781250,572.73437500
1,1386,12,15.77580000,17.09560000,1126.93516734,985.93899660,1126.29687500,980.68750000
1,1107,20,66.07710000,-16.16500000,169.00201884,993.00138488,168.25781250,989.89843750
1,876,4,-58.11090000,-22.65920000,200.00002984,376.99937652,197.39062500,380.58593750
1,2448,12,8.43781000,34.02390000,607.07559669,712.00835106,607.96093750,714.02343750
1,2631,12,-16.75340000,34.20230000,570.99883775,78.00113135,568.76562500,77.14843750
1,306,16,47.97520000,-44.30740000,880.36071641,361.92966687,884.61718750,360.85156250
1,2143,18,60.31140000,42.95450000,328.23389022,639.93704909,325.21093750,639.31250000
1,1472,14,16.16390000,-2.99084000,597.99974606,857.00186710,601.75781250,860.05468750
1,1734,8,-12.86210000,7.35107000,930.99996723,78.00109188,930.90625000,76.86718750
1,1836,5,-42.15420000,-20.41850000,1249.00110393,870.00006243,1242.34375000,864.27343750
1,1212,17,39.01100000,-3.23474000,689.99916835,30.00135852,690.34375000,26.35937500
1,2251,15,30.91430000,49.75620000,1160.55307888,444.17203218,1159.71875000,443.96093750
1,1906,6,-43.60360000,15.41440000,1201.22784711,821.07066040,1197.75781250,820.16406250
1,1293,16,63.59440000,-18.75970000,77.69934676,797.10345977,82.15625000,794.99218750
1,602,10,-3.01172000,-51.52110000,1113.21337616,438.32454086,1119.57031250,436.07031250
1,689,7,-20.09520000,-19.11020000,1188.00144948,318.00171129,1190.69531250,313.42187500
1,1560,14,15.74650000,16.73430000,1236.46747261,870.91149714,1235.35937500,863.12500000
1,2740,9,-49.39380000,48.27610000,1189.00101156,993.00046152,1180.88281250,991.62500000
1,796,7,-33.58960000,-41.17440000,490.29487834,686.68536741,488.40625000,690.67968750
1,2344,21,67.39730000,15.31310000,91.74909671,951.04172006,94.88281250,945.85937500
1,1661,11,-11.39700000,-2.09058000,650.09991274,143.69565783,651.95312500,141.06250000
1,392,13,21.79350000,-18.79380000,1187.99869708,678.00018967,1186.32812500,678.29687500
1,1107,17,66.07710000,-16.16500000,1104.54584126,876.99498916,1105.47656250,878.33593750
1,99,16,65.54330000,-33.64270000,560.96902638,802.74621507,560.97656250,805.53906250
1,2023,2,-71.09770000,-20.56000000,30.00063344,212.99880147,33.92968750,217.73437500
1,877,4,-62.12410000,-26.58530000,331.99842613,268.00136471,327.50000000,269.36718750
1,2631,9,-16.75340000,34.20230000,680.82388415,270.56810092,685.04687500,268.46875000
1,2449,15,8.85126000,32.17180000,649.00236759,992.99951126,649.91406250,992.74218750
1,306,13,47.97520000,-44.30740000,329.99858083,29.99904405,331.68750000,32.78906250
1,217,17,56.35530000,-17.56430000,1141.27674479,573.39274607,1146.01562500,575.06250000
1,1293,17,63.59440000,-18.75970000,1188.00004646,798.00219803,1188.78125000,799.03125000
1,1837,7,-40.29090000,-20.29350000,1135.48353434,939.15640357,1151.85937500,850.57031250
1,1387,14,13.91140000,16.97030000,1249.00070584,929.99962246,1246.99218750,920.18750000
1,3146,3,-81.55630000,32.02330000,601.99998833,539.99876100,602.52343750,540.38281250
1,1473,14,16.16960000,-10.59170000,358.00101595,857.00102885,360.53906250,860.26562500
1,1735,11,-12.85930000,11.00870000,230.31771494,96.15820359,231.50000000,98.08593750
1,2740,6,-49.39380000,48.27610000,169.36313247,593.19955580,165.81250000,591.59375000
1,2252,18,31.53190000,48.09230000,89.99988444,30.00136844,97.50781250,36.63281250
1,1212,14,39.01100000,-3.23474000,590.22669023,146.35881536,588.14062500,144.07031250
1,602,7,-3.01172000,-51.52110000,89.99828949,30.00047511,89.65625000,35.22656250
1,2144,21,60.81690000,41.17150000,948.99973016,992.99981118,944.58593750,989.58593750
1,1661,8,-11.39700000,-2.09058000,630.00057713,29.99995313,628.00781250,28.89062500
1,689,8,-20.09520000,-19.11020000,87.70391374,308.30862283,87.35937500,311.41406250
1,392,14,21.79350000,-18.79380000,95.02930317,681.00246774,96.60937500,684.25000000
1,1108,16,66.08040000,-17.91850000,53.10022895,879.18601250,59.81250000,875.03125000
1,796,4,-33.58960000,-41.17440000,829.00031918,993.00039871,833.10156250,991.58593750
1,2344,18,67.39730000,15.31310000,1187.99938893,917.99944516,1184.53125000,916.02343750
1,100,19,64.82860000,-37.38880000,587.99946353,943.99838514,581.10937500,946.75781250
1,1560,11,15.74650000,16.73430000,30.00079380,992.99994654,39.35937500,985.25781250
1,2632,12,-16.01390000,30.45980000,691.00007209,78.00024831,689.62500000,76.66406250
1,2024,1,-69.20900000,-20.45200000,1134.43410085,167.62621106,1134.75000000,165.20312500
1,878,4,-63.78090000,-41.89430000,812.00030696,268.00105553,812.01562500,264.13281250
1,1837,4,-40.29090000,-20.29350000,135.54805776,919.49663613,141.71093750,920.27343750
1,2449,12,8.85126000,32.17180000,663.24746112,727.49885174,665.07031250,729.61718750
1,218,16,54.43550000,-17.57400000,29.99892720,512.99961545,34.21093750,512.96875000
1,307,16,47.47110000,-42.50170000,824.97647846,346.75792242,828.71093750,345.29687500
1,1474,14,16.17710000,-15.44450000,199.99945839,856.99924657,204.58593750,859.13281250
1,1907,6,-47.43350000,15.56920000,1201.10799262,700.87288206,1200.21093750,701.59375000
1,603,10,-3.64990000,-49.82480000,1058.50185039,423.29936431,1064.96093750,420.87500000
1,1294,19,67.35580000,-18.55300000,1206.35020803,963.97752405,1193.79687500,959.58593750
1,1213,17,39.01180000,-5.11658000,749.99948526,29.99774821,750.90625000,26.71093750
1,690,7,-23.98520000,-19.20130000,1188.00045587,438.00005083,1192.18750000,434.00000000
1,1387,15,13.91140000,16.97030000,140.81274396,923.92031004,144.35156250,919.49218750
1,2252,15,31.53190000,48.09230000,1106.14397661,429.21841817,1107.34375000,429.03906250
1,1735,8,-12.85930000,11.00870000,1051.00100991,78.00219228,1049.41406250,78.34375000
1,3147,3,-80.09930000,32.87500000,628.00068042,502.99952637,628.64062500,502.92968750
1,1662,11,-11.39800000,-0.20532200,590.97863049,143.64507955,592.48437500,141.10937500
1,393,13,17.95160000,-18.64860000,1187.99910816,797.99965469,1184.47656250,797.33593750
1,2345,20,68.19910000,15.25940000,1190.06949415,923.90299631,1184.47656250,920.52343750
1,1108,20,66.08040000,-17.91850000,108.99881766,993.00030893,110.28125000,988.64843750
1,797,7,-34.06570000,-39.33860000,546.12074194,702.11375863,545.33593750,706.11718750
1,2144,18,60.81690000,41.17150000,383.51621603,655.10949141,380.60156250,655.06250000
1,100,16,64.82860000,-37.38880000,674.74659782,771.00970710,676.03125000,773.71875000
1,1560,15,15.74650000,16.73430000,128.63743950,867.30472872,131.03125000,864.35937500
1,878,1,-63.78090000,-41.89430000,436.50234561,115.95284400,433.04687500,113.98437500
1,1837,8,-40.29090000,-20.29350000,34.26616628,936.71971956,43.50000000,933.94531250
1,2024,2,-69.20900000,-20.45200000,30.00121943,152.99972621,34.90625000,158.94531250
1,218,17,54.43550000,-17.57400000,1141.28986064,514.43622785,1146.32812500,515.58593750
1,2632,9,-16.01390000,30.45980000,567.22028444,239.10924183,569.90625000,235.50000000
1,603,7,-3.64990000,-49.82480000,150.00132089,29.99919191,148.29687500,33.46875000
1,690,8,-23.98520000,-19.20130000,87.69978484,428.46374045,87.08593750,431.17187500
1,1908,5,-51.32060000,15.65200000,91.00072055,583.99778461,400.75781250,953.81250000
1,307,13,47.47110000,-42.50170000,389.99984870,30.00142015,391.03906250,31.82031250
1,1294,16,67.35580000,-18.55300000,77.72418271,917.32275356,84.37500000,912.66406250
1,2450,15,9.24774000,30.31750000,588.99954813,993.00069705,589.77343750,992.82031250
1,1213,14,39.01180000,-5.11658000,531.12352967,146.34878427,528.60156250,144.66406250
1,2345,17,68.19910000,15.25940000,89.01391913,945.16051861,90.70312500,938.84375000
1,1387,12,13.91140000,16.97030000,1136.12245436,927.47823199,1136.34375000,923.63281250
1,2253,18,32.11900000,46.39450000,150.00039660,30.00006340,155.07031250,35.36718750
1,3148,3,-80.09220000,33.59190000,650.00190619,502.99864607,651.18750000,502.85156250
1,1736,11,-12.85480000,14.56330000,110.63845556,96.06061275,114.74218750,100.38281250
1,393,14,17.95160000,-18.64860000,95.20188714,800.96566825,99.03906250,803.03125000
1,101,19,64.04850000,-41.11600000,467.99841347,943.99819015,460.78906250,946.11718750
1,797,4,-34.06570000,-39.33860000,769.00034043,993.00090656,773.15625000,992.50000000
1,1108,17,66.08040000,-17.91850000,1163.68227027,877.00041104,1163.32812500,877.39062500
1,1662,8,-11.39800000,-0.20532200,690.00046589,30.00036250,687.99218750,28.71875000
1,1837,5,-40.29090000,-20.29350000,1249.00002322,930.00032475,1241.10156250,922.69531250
1,2145,21,61.29960000,39.36680000,889.00085035,992.99886259,884.97656250,990.61718750
1,1560,12,15.74650000,16.73430000,1139.32809894,986.96564452,1138.89843750,981.22656250
1,1908,6,-51.32060000,15.65200000,1200.98789058,580.64281879,1201.72656250,582.04687500
1,2025,4,-67.34540000,-20.32670000,138.28162661,88.04728633,138.89843750,96.13281250
1,2633,12,-15.33340000,26.72720000,811.00057190,77.99986566,810.04687500,76.74218750
1,691,7,-27.89790000,-19.21640000,1188.00107970,557.99989389,1192.57812500,554.62500000
1,879,4,-64.36150000,-46.11580000,946.00071128,268.00039424,946.00781250,263.64062500
1,604,10,-4.25641000,-48.09730000,1003.61571274,408.22366491,1010.21875000,405.67968750
1,1294,20,67.35580000,-18.55300000,90.24027084,951.21506618,91.07812500,947.82812500
1,2450,12,9.24774000,30.31750000,719.61216365,743.04115654,722.20312500,744.90625000
1,2253,15,32.11900000,46.39450000,1051.53849722,414.21389129,1053.64843750,413.78125000
1,3149,3,-80.77080000,33.59180000,649.99993778,520.00057887,651.15625000,519.90625000
1,308,16,46.99020000,-40.67800000,769.37566082,331.52927318,772.68750000,329.82812500
1,2345,21,68.19910000,15.25940000,88.05973590,925.49966144,90.57812500,920.90625000
1,1388,14,12.07530000,16.82870000,1248.99900591,990.00089533,1246.11718750,978.26562500
1,1214,17,39.01320000,-6.99097000,810.00006569,30.00002750,811.86718750,27.25781250
1,101,16,64.04850000,-41.11600000,787.79503325,739.47432617,789.99218750,741.78906250
1,394,13,14.19180000,-18.43660000,1187.99955812,917.99880060,1181.96875000,915.07031250
1,1109,16,66.08400000,-19.64120000,112.28434177,872.12959877,116.59375000,869.38281250
1,2145,18,61.29960000,39.36680000,438.98125724,670.33326083,436.58593750,670.83593750
1,1838,7,-38.45610000,-20.15230000,1144.48495473,882.01064840,1147.53125000,878.82031250
1,1663,11,-11.39860000,1.67651000,531.85928333,143.59375077,532.59375000,141.27343750
1,1736,8,-12.85480000,14.56330000,1171.00042823,77.99971594,1166.12500000,80.42187500
1,1561,14,13.91350000,16.87590000,1245.68013991,929.92460169,1243.36718750,920.29687500
1,2025,1,-67.34540000,-20.32670000,1134.52345731,108.83113714,1133.32031250,107.27343750
1,1909,5,-55.22950000,15.65960000,91.00048449,463.99967374,390.76562500,323.67968750
1,2633,9,-15.33340000,26.72720000,452.83629711,207.43375587,454.73437500,203.20312500
1,691,8,-27.89790000,-19.21640000,87.69724329,548.54001883,87.53125000,551.01562500
1,879,1,-64.36150000,-46.11580000,306.30923050,152.75951629,303.17968750,152.82031250
1,604,7,-4.25641000,-48.09730000,210.00003691,30.00056318,206.93750000,31.86718750
1,2451,15,9.62830000,28.46550000,529.00177356,993.00031541,529.57031250,992.68750000
1,2254,18,32.67790000,44.66550000,209.99909284,30.00011066,213.28125000,33.89062500
1,308,13,46.99020000,-40.67800000,450.00032339,30.00130125,450.38281250,31.11718750
1,3150,3,-80.77190000,32.87490000,627.99870033,519.99903700,628.88281250,520.02343750
1,2345,18,68.19910000,15.25940000,1188.00070006,943.99956432,1183.97656250,941.50781250
1,1388,11,12.07530000,16.82870000,35.97213904,873.76038207,42.25781250,869.85156250
1,1109,20,66.08400000,-19.64120000,48.99981222,993.00170856,52.74218750,987.30468750
1,102,19,63.19360000,-44.79110000,348.00020438,944.00086701,342.31250000,945.07812500
1,394,10,14.19180000,-18.43660000,81.80794662,944.82646793,86.78906250,943.71875000
1,2146,21,61.76090000,37.54390000,828.99797616,992.99988343,825.33593750,991.46875000
1,1214,14,39.01320000,-6.99097000,472.02080793,146.33303187,468.62500000,145.42187500
1,2025,2,-67.34540000,-20.32670000,30.00110166,93.00080852,36.00781250,100.48437500
1,1561,11,13.91350000,16.87590000,29.99837535,933.00010925,38.09375000,927.31250000
1,1909,6,-55.22950000,15.65960000,1200.86756109,460.39375417,1201.92187500,462.22656250
1,692,7,-31.79700000,-19.15520000,1187.99897084,678.00042340,1192.25000000,674.96875000
1,2634,12,-14.70510000,23.03740000,930.99992358,77.99983262,929.85156250,77.75000000
1,1663,8,-11.39860000,1.67651000,750.00039564,30.00153989,748.73437500,28.72656250
1,880,7,-42.84500000,-46.15380000,303.73337887,885.89750310,302.54687500,890.16406250
1,1736,12,-12.85480000,14.56330000,1219.04120266,95.09208939,1213.29687500,99.17968750
1,2451,12,9.62830000,28.46550000,776.16003791,758.63551445,779.42187500,760.33593750
1,2254,15,32.67790000,44.66550000,996.73833653,399.15455815,999.08593750,398.57812500
1,1109,17,66.08400000,-19.64120000,1222.81744696,877.00343560,1220.67187500,876.28906250
1,1388,15,12.07530000,16.82870000,140.84806978,982.86674816,145.78906250,976.51562500
1,102,16,63.19360000,-44.79110000,900.11743201,708.13864406,901.66406250,709.71093750
1,2346,21,68.74580000,18.76110000,205.15581567,893.20349787,202.78906250,891.76562500
1,2146,18,61.76090000,37.54390000,494.63500484,685.60691221,492.80468750,686.59375000
1,1215,17,39.01500000,-8.85394000,869.99985494,30.00170458,871.42968750,27.84375000
1,309,16,46.53100000,-38.84010000,713.55571822,316.24223949,716.18750000,314.38281250
1,1561,15,13.91350000,16.87590000,137.60608322,924.28642245,141.11718750,919.90625000
1,1736,9,-12.85480000,14.56330000,60.29374557,81.31740843,69.15625000,79.89843750
1,880,4,-42.84500000,-46.15380000,945.99927848,747.99873254,950.99218750,746.51562500
1,2026,4,-65.51020000,-20.18520000,129.16873013,145.16111372,129.30468750,152.03125000
1,1910,5,-59.12430000,15.59170000,91.00000965,343.99909812,201.28125000,45.67187500
1,692,8,-31.79700000,-19.15520000,87.69193461,668.53675998,88.82031250,670.63281250
1,2634,9,-14.70510000,23.03740000,337.66418437,175.53964694,339.67187500,171.11718750
1,394,14,14.19180000,-18.43660000,95.37450441,920.94807694,102.37500000,920.40625000
1,2452,15,9.99390000,26.61960000,468.99926236,992.99940682,469.61718750,992.21093750
1,103,19,62.25290000,-48.38340000,228.00108815,944.00009286,224.09375000,943.14062500
1,1110,16,66.08530000,-20.18000000,130.55889214,869.95338531,134.34375000,867.50000000
1,2346,18,68.74580000,18.76110000,1068.00003152,943.99989881,1067.43750000,943.41406250
1,1388,12,12.07530000,16.82870000,1145.08514874,870.45339547,1145.97656250,867.73437500
1,1737,11,-12.85410000,15.05720000,93.68523423,96.04478166,98.14843750,100.78906250
1,1215,14,39.01500000,-8.85394000,412.91967146,146.31785782,410.20312500,146.41406250
1,881,7,-42.62620000,-46.13320000,305.41188482,880.97753128,304.82031250,885.42187500
1,1561,12,13.91350000,16.87590000,1139.31718171,927.99145917,1139.67187500,924.07031250
1,2147,21,62.20220000,35.70690000,768.99882971,993.00053197,765.46875000,992.07031250
1,309,13,46.53100000,-38.84010000,510.00170099,29.99950397,510.08593750,30.48437500
1,2255,18,33.21050000,42.90810000,269.99924554,29.99996591,272.05468750,32.72656250
1,2026,1,-65.51020000,-20.18520000,1134.61118858,50.04898642,1131.90625000,49.77343750
1,693,7,-35.64690000,-19.02010000,1187.99854301,797.99944986,1190.85156250,794.51562500
1,1910,6,-59.12430000,15.59170000,1200.74699889,340.11726627,1199.21875000,342.57812500
1,2635,12,-14.12320000,19.42080000,1051.00012835,77.99988415,1048.28906250,79.08593750
1,394,11,14.19180000,-18.43660000,1182.06802163,941.85975753,1181.24218750,937.95312500
1,103,16,62.25290000,-48.38340000,1011.72612119,677.00551145,1012.89843750,677.75000000
1,2452,12,9.99390000,26.61960000,832.90152222,774.28378827,836.64843750,775.66406250
1,2347,21,69.33730000,22.36630000,321.42956376,861.13585729,316.46875000,861.77343750
1,1110,20,66.08530000,-20.18000000,29.99894572,992.99940347,34.55468750,986.79687500
1,1389,14,11.98430000,16.82120000,1248.99842207,993.00083195,1245.79687500,981.23437500
1,1562,11,12.05190000,17.00130000,29.99858928,872.99954330,36.74218750,868.92187500
1,1737,8,-12.85410000,15.05720000,1187.99939735,78.00137998,1182.70312500,80.76562500
1,1216,17,39.01710000,-10.70170000,929.99903165,29.99962846,931.67968750,28.77343750
1,881,4,-42.62620000,-46.13320000,945.99997186,752.99862224,950.32812500,751.59375000
1,693,8,-35.64690000,-19.02010000,87.68827702,788.45177357,90.75000000,789.49218750
1,310,16,46.09200000,-36.99210000,657.51900480,300.89271587,659.42968750,298.76562500
1,2147,18,62.20220000,35.70690000,550.47052503,700.93081775,549.36718750,702.42968750
1,2255,15,33.21050000,42.90810000,941.73891758,384.04064901,944.01562500,383.16406250
1,2635,9,-14.12320000,19.42080000,221.69375964,143.42435850,225.58593750,139.83593750
1,1911,5,-62.96950000,15.45090000,90.99979628,223.99924572,90.32031250,226.59375000
1,104,19,61.21270000,-51.86550000,108.00175993,944.00090486,107.31250000,940.67968750
1,2453,15,10.34530000,24.78410000,409.00175361,992.99931835,409.84375000,991.65625000
1,395,13,13.39080000,-18.38250000,1188.00109074,944.00097786,1181.22656250,940.36718750
1,2347,18,69.33730000,22.36630000,947.99895431,943.99855169,948.92187500,944.90625000
1,1389,11,11.98430000,16.82120000,36.42957254,870.84942536,42.75000000,867.07031250
1,1110,17,66.08530000,-20.18000000,1241.54583375,877.00706247,1238.81250000,876.03906250
1,1562,15,12.05190000,17.00130000,146.79793840,982.70302970,151.39843750,976.59375000
1,1737,12,-12.85410000,15.05720000,1201.90617866,97.39294987,1196.46875000,101.12500000
1,2148,21,62.62480000,33.85970000,709.00010980,993.00033267,705.48437500,992.44531250
1,882,4,-44.62160000,-30.82610000,465.99902296,752.99931355,466.21093750,757.08593750
1,1216,14,39.01710000,-10.70170000,353.82020016,146.30631968,351.00781250,147.50000000
1,2256,18,33.71860000,41.12550000,330.00039246,30.00047586,331.07812500,31.68750000
1,2636,11,-13.58280000,15.90420000,62.62677164,72.28243773,67.82812500,77.75781250
1,2453,12,10.34530000,24.78410000,889.82864752,789.98245583,893.77343750,790.88281250
1,310,13,46.09200000,-36.99210000,570.00147698,30.00089763,570.03906250,30.17968750
1,104,16,61.21270000,-51.86550000,1122.62571654,646.06863358,1122.17187500,645.85937500
1,1911,6,-62.96950000,15.45090000,1200.62670916,219.81652032,1197.99218750,223.52343750
1,1389,15,11.98430000,16.82120000,140.84935463,985.81407890,145.72656250,979.37500000
1,395,10,13.39080000,-18.38250000,78.12599658,919.27994375,82.91406250,918.62500000
1,1562,12,12.05190000,17.00130000,1139.30881359,869.02197142,1140.64843750,866.41406250
1,1737,9,-12.85410000,15.05720000,77.45004541,83.72493504,86.07812500,82.06250000
1,1111,19,67.91970000,-20.32210000,1146.80124242,937.46494069,1137.21875000,935.08593750
1,2256,15,33.71860000,41.12550000,886.53983917,368.87123323,888.61718750,367.74218750
1,2636,8,-13.58280000,15.90420000,1215.60998382,101.70954364,1210.77343750,105.10937500
1,1217,17,39.01970000,-12.53070000,989.99910845,30.00058395,992.54687500,29.77343750
1,105,19,61.05640000,-52.34860000,90.99862351,944.00023487,90.95312500,940.25000000
1,2148,18,62.62480000,33.85970000,606.49168800,716.30650626,606.22656250,718.26562500
1,311,16,45.67220000,-35.13810000,601.26385324,285.48630933,602.31250000,283.27343750
1,1912,5,-66.73240000,15.24240000,91.00182255,103.99867870,91.97656250,109.07031250
1,1389,12,11.98430000,16.82120000,1145.52795557,867.63914043,1146.59375000,864.96875000
1,1563,11,10.16510000,17.10940000,30.00203620,813.00011327,35.59375000,810.21875000
1,1738,8,-16.59170000,15.27690000,1187.99918277,197.99917569,1185.53906250,197.85937500
1,395,14,13.39080000,-18.38250000,95.41334116,946.94899990,102.96093750,945.69531250
1,2636,12,-13.58280000,15.90420000,1170.99839586,77.99834483,1165.17187500,81.03906250
1,1111,16,67.91970000,-20.32210000,139.59121860,926.93745928,144.11718750,923.41406250
1,311,13,45.67220000,-35.13810000,629.99833600,29.99927241,630.14062500,30.07031250
1,2149,21,63.02980000,32.00630000,648.99897659,993.00135236,645.34375000,992.80468750
1,2257,18,34.20370000,39.32120000,389.99971569,29.99909121,390.57812500,30.78906250
1,105,16,61.05640000,-52.34860000,1138.28281616,641.70165928,1137.42968750,641.38281250
1,1217,14,39.01970000,-12.53070000,294.72047854,146.29183359,291.25000000,148.71093750
1,1912,2,-66.73240000,15.24240000,1191.29344609,72.75927795,1189.14843750,75.33593750
1,1390,14,11.98070000,15.10870000,1189.00041030,993.00061666,1188.50781250,983.10156250
1,1563,12,10.16510000,17.10940000,1139.30357427,810.05892076,1141.51562500,808.46875000
1,1738,9,-16.59170000,15.27690000,77.47391006,203.82388952,82.14843750,199.50000000
1,2636,9,-13.58280000,15.90420000,104.91916536,111.08796629,112.59375000,109.19531250
1,2257,15,34.20370000,39.32120000,831.14185574,353.64899176,832.67968750,352.35937500
1,395,11,13.39080000,-18.38250000,1178.40816229,915.90480864,1178.42968750,912.74218750
1,1111,20,67.91970000,-20.32210000,30.00200323,932.99927018,33.05468750,928.79687500
1,1912,6,-66.73240000,15.24240000,1200.50867669,99.48976687,1194.76562500,106.09375000
1,2149,18,63.02980000,32.00630000,662.70262588,731.73309278,663.33593750,733.91406250
1,106,19,66.60630000,-53.22220000,91.00209698,823.99910151,88.56250000,822.92968750
1,1218,17,39.02260000,-14.33750000,1049.99836498,29.99820034,1052.18750000,30.96875000
1,312,16,45.27020000,-33.28200000,544.78180985,270.01542882,545.33593750,267.85937500
1,1390,11,11.98070000,15.10870000,95.55130108,870.84554274,99.33593750,868.32031250
1,1739,8,-20.41840000,15.43100000,1188.00075654,318.00098189,1187.92968750,316.21875000
1,1564,11,8.25671000,17.19950000,29.99970594,753.00047205,34.65625000,751.19531250
1,1912,3,-66.73240000,15.24240000,83.83589151,80.30665168,87.42187500,86.64062500
1,2637,11,-13.50930000,15.41540000,79.79032533,74.71957526,84.12500000,79.69531250
1,106,16,66.60630000,-53.22220000,1182.03407956,750.96067964,1178.50000000,749.38281250
1,396,13,12.86020000,-21.88390000,1068.00125171,944.00047161,1065.00000000,942.50781250
1,2258,18,34.66750000,37.49880000,450.00033184,30.00055863,450.34375000,30.17968750
1,312,13,45.27020000,-33.28200000,690.00133823,30.00002188,690.06250000,30.08593750
1,1218,14,39.02260000,-14.33750000,235.62271853,146.28058178,232.82812500,150.06250000
1,2150,21,63.41830000,30.15100000,588.99984463,993.00183439,585.14062500,992.85937500
1,1390,12,11.98070000,15.10870000,1203.93149479,874.49259573,1202.82031250,870.46093750
1,1913,5,-64.86880000,12.11700000,199.99955971,164.00113121,196.62500000,165.24218750
1,1564,12,8.25671000,17.19950000,1139.29276818,751.10011250,1142.05468750,750.10937500
1,313,16,44.88510000,-31.42830000,488.08199531,254.48470343,488.25000000,252.49218750
1,2258,15,34.66750000,37.49880000,775.54238999,338.36860547,776.43750000,336.78125000
1,107,19,72.46080000,-53.83610000,90.99773817,704.00046512,86.95312500,704.14843750
1,396,10,12.86020000,-21.88390000,195.49312293,887.04916880,195.78125000,889.23437500
1,2150,18,63.41830000,30.15100000,719.09969095,747.21129272,720.50781250,749.74218750
1,1219,17,39.02600000,-16.11910000,1110.00049836,29.99932900,1111.53906250,32.28906250
1,1391,14,11.97750000,13.36470000,1128.99921739,992.99947961,1129.97656250,984.85156250
1,1565,11,6.33063000,17.27050000,30.00122913,692.99983930,33.79687500,691.87500000
1,2259,18,35.11110000,35.66220000,509.99914154,29.99848698,510.46093750,29.60937500
1,107,16,72.46080000,-53.83610000,1228.09137705,865.95745103,1220.50781250,861.64843750
1,313,13,44.88510000,-31.42830000,749.99879505,30.00096484,750.01562500,30.28906250
1,1219,14,39.02600000,-16.11910000,176.52262228,146.26591542,174.82812500,151.50000000
1,397,13,12.28970000,-25.48880000,948.00072697,944.00008486,946.54687500,944.18750000
1,1391,11,11.97750000,13.36470000,154.67002979,870.84255962,156.94531250,869.42968750
1,2151,21,63.79140000,28.29790000,529.00050060,992.99878888,525.14062500,992.63281250
1,314,16,44.51590000,-29.58080000,431.15377186,238.89247206,430.86718750,237.12500000
1,108,19,78.51610000,-54.15620000,91.00044627,583.99865430,86.08593750,584.29687500
1,2259,15,35.11110000,35.66220000,719.74141149,323.03628377,719.72656250,321.31250000
1,397,10,12.28970000,-25.48880000,311.97229390,855.06213938,310.53125000,858.93750000
1,1220,13,39.02980000,-17.87250000,1211.37164702,140.11475186,1206.25781250,144.50000000
1,2151,18,63.79140000,28.29790000,775.68525091,762.74469521,777.78125000,765.48437500
1,109,19,84.64310000,-54.16380000,91.00024023,464.00054495,85.92187500,464.04687500
1,2260,18,35.53610000,33.81530000,570.00105234,30.00104813,570.45312500,29.28125000
1,314,13,44.51590000,-29.58080000,810.00027980,30.00082881,810.11718750,30.77343750
1,2152,21,64.14970000,26.45100000,468.99897657,993.00142148,465.29687500,992.34375000
1,398,13,11.67460000,-29.17110000,827.99942003,944.00029576,827.02343750,945.11718750
1,2152,18,64.14970000,26.45100000,832.46420061,778.32560416,834.90625000,781.03125000
1,2260,15,35.53610000,33.81530000,663.73546317,307.64311125,663.03125000,305.87500000
1,315,16,44.16170000,-27.74370000,374.00199702,223.23927228,373.83593750,221.91406250
1,398,10,11.67460000,-29.17110000,427.57353170,823.31562494,425.96875000,828.32031250
1,2261,18,35.94330000,31.96230000,630.00110031,29.99952309,630.85156250,29.21093750
1,315,13,44.16170000,-27.74370000,869.99946545,30.00042334,869.72656250,31.36718750
1,399,13,11.00950000,-32.90070000,708.00074585,944.00004694,706.41406250,945.50000000
1,316,16,43.82160000,-25.92070000,316.62063624,207.52274362,316.92968750,206.89843750
1,399,10,11.00950000,-32.90070000,542.30367719,791.80881193,542.25000000,796.86718750
1,316,13,43.82160000,-25.92070000,930.00142378,30.00046549,929.10937500,32.16406250
1,400,13,10.28800000,-36.64510000,588.00061816,943.99921001,586.06250000,945.14843750
1,400,10,10.28800000,-36.64510000,656.17646983,760.53805005,657.92187500,765.32031250
1,401,13,9.50250000,-40.37050000,468.00218126,944.00065662,465.50781250,944.12500000
1,401,10,9.50250000,-40.37050000,769.19777406,729.49887037,773.40625000,733.20312500
1,402,13,8.64423000,-44.04410000,347.99795599,944.00002910,346.27343750,942.42187500
1,402,10,8.64423000,-44.04410000,881.38522120,698.69076716,887.31250000,701.22656250
1,403,13,7.70264000,-47.63470000,227.99969400,943.99952388,227.98437500,940.10937500
